scene,status,skip_reason,resolution,image_dir,ckpt_path,num_images,splat_count,psnr,ssim,lpips
000074a334c541878360457c672b6c2e,processed,,512,/project/ricky/splatformer-data-new/train-set/objaverse/512/colmap/000074a334c541878360457c672b6c2e/images,/project/ricky/splatformer-data-new/train-set/objaverse/512/nerfstudio/000074a334c541878360457c672b6c2e/splatfacto/nerfstudio_models/step-000010001.ckpt,128,55493,,,
000074a334c541878360457c672b6c2e,processed,,128,/project/ricky/splatformer-data-new/train-set/objaverse/128/colmap/000074a334c541878360457c672b6c2e/images,/project/ricky/splatformer-data-new/train-set/objaverse/128/nerfstudio/000074a334c541878360457c672b6c2e/splatfacto/nerfstudio_models/step-000010001.ckpt,128,34633,,,
0000ecca9a234cae994be239f6fec552,processed,,512,/project/ricky/splatformer-data-new/train-set/objaverse/512/colmap/0000ecca9a234cae994be239f6fec552/images,/project/ricky/splatformer-data-new/train-set/objaverse/512/nerfstudio/0000ecca9a234cae994be239f6fec552/splatfacto/nerfstudio_models/step-000010001.ckpt,128,50586,,,
0000ecca9a234cae994be239f6fec552,processed,,128,/project/ricky/splatformer-data-new/train-set/objaverse/128/colmap/0000ecca9a234cae994be239f6fec552/images,/project/ricky/splatformer-data-new/train-set/objaverse/128/nerfstudio/0000ecca9a234cae994be239f6fec552/splatfacto/nerfstudio_models/step-000010001.ckpt,128,42677,,,
00010d9634f645859d2e252d189b31d5,processed,,512,/project/ricky/splatformer-data-new/train-set/objaverse/512/colmap/00010d9634f645859d2e252d189b31d5/images,/project/ricky/splatformer-data-new/train-set/objaverse/512/nerfstudio/00010d9634f645859d2e252d189b31d5/splatfacto/nerfstudio_models/step-000010001.ckpt,128,104209,,,
00010d9634f645859d2e252d189b31d5,processed,,128,/project/ricky/splatformer-data-new/train-set/objaverse/128/colmap/00010d9634f645859d2e252d189b31d5/images,/project/ricky/splatformer-data-new/train-set/objaverse/128/nerfstudio/00010d9634f645859d2e252d189b31d5/splatfacto/nerfstudio_models/step-000010001.ckpt,128,52825,,,
0002064ef02e46f9a10b4bff10bae805,processed,,512,/project/ricky/splatformer-data-new/train-set/objaverse/512/colmap/0002064ef02e46f9a10b4bff10bae805/images,/project/ricky/splatformer-data-new/train-set/objaverse/512/nerfstudio/0002064ef02e46f9a10b4bff10bae805/splatfacto/nerfstudio_models/step-000010001.ckpt,128,151510,,,
0002064ef02e46f9a10b4bff10bae805,processed,,128,/project/ricky/splatformer-data-new/train-set/objaverse/128/colmap/0002064ef02e46f9a10b4bff10bae805/images,/project/ricky/splatformer-data-new/train-set/objaverse/128/nerfstudio/0002064ef02e46f9a10b4bff10bae805/splatfacto/nerfstudio_models/step-000010001.ckpt,128,57687,,,
0002c6eafa154e8bb08ebafb715a8d46,processed,,512,/project/ricky/splatformer-data-new/train-set/objaverse/512/colmap/0002c6eafa154e8bb08ebafb715a8d46/images,/project/ricky/splatformer-data-new/train-set/objaverse/512/nerfstudio/0002c6eafa154e8bb08ebafb715a8d46/splatfacto/nerfstudio_models/step-000010001.ckpt,128,80455,,,
0002c6eafa154e8bb08ebafb715a8d46,processed,,128,/project/ricky/splatformer-data-new/train-set/objaverse/128/colmap/0002c6eafa154e8bb08ebafb715a8d46/images,/project/ricky/splatformer-data-new/train-set/objaverse/128/nerfstudio/0002c6eafa154e8bb08ebafb715a8d46/splatfacto/nerfstudio_models/step-000010001.ckpt,128,53774,,,
0002e50309b44e409c96f440202d90b3,processed,,512,/project/ricky/splatformer-data-new/train-set/objaverse/512/colmap/0002e50309b44e409c96f440202d90b3/images,/project/ricky/splatformer-data-new/train-set/objaverse/512/nerfstudio/0002e50309b44e409c96f440202d90b3/splatfacto/nerfstudio_models/step-000010001.ckpt,128,68879,,,
0002e50309b44e409c96f440202d90b3,processed,,128,/project/ricky/splatformer-data-new/train-set/objaverse/128/colmap/0002e50309b44e409c96f440202d90b3/images,/project/ricky/splatformer-data-new/train-set/objaverse/128/nerfstudio/0002e50309b44e409c96f440202d90b3/splatfacto/nerfstudio_models/step-000010001.ckpt,128,36547,,,
00052d0d9a304d308058260a4a9b7c20,processed,,512,/project/ricky/splatformer-data-new/train-set/objaverse/512/colmap/00052d0d9a304d308058260a4a9b7c20/images,/project/ricky/splatformer-data-new/train-set/objaverse/512/nerfstudio/00052d0d9a304d308058260a4a9b7c20/splatfacto/nerfstudio_models/step-000010001.ckpt,128,74269,,,
00052d0d9a304d308058260a4a9b7c20,processed,,128,/project/ricky/splatformer-data-new/train-set/objaverse/128/colmap/00052d0d9a304d308058260a4a9b7c20/images,/project/ricky/splatformer-data-new/train-set/objaverse/128/nerfstudio/00052d0d9a304d308058260a4a9b7c20/splatfacto/nerfstudio_models/step-000010001.ckpt,128,18319,,,
0005f4b00efb40e2bedc767f36242f3a,processed,,512,/project/ricky/splatformer-data-new/train-set/objaverse/512/colmap/0005f4b00efb40e2bedc767f36242f3a/images,/project/ricky/splatformer-data-new/train-set/objaverse/512/nerfstudio/0005f4b00efb40e2bedc767f36242f3a/splatfacto/nerfstudio_models/step-000010001.ckpt,128,137710,,,
0005f4b00efb40e2bedc767f36242f3a,processed,,128,/project/ricky/splatformer-data-new/train-set/objaverse/128/colmap/0005f4b00efb40e2bedc767f36242f3a/images,/project/ricky/splatformer-data-new/train-set/objaverse/128/nerfstudio/0005f4b00efb40e2bedc767f36242f3a/splatfacto/nerfstudio_models/step-000010001.ckpt,128,89917,,,
0008079973e64039a4ff846ed989c754,processed,,512,/project/ricky/splatformer-data-new/train-set/objaverse/512/colmap/0008079973e64039a4ff846ed989c754/images,/project/ricky/splatformer-data-new/train-set/objaverse/512/nerfstudio/0008079973e64039a4ff846ed989c754/splatfacto/nerfstudio_models/step-000010001.ckpt,128,161758,,,
0008079973e64039a4ff846ed989c754,processed,,128,/project/ricky/splatformer-data-new/train-set/objaverse/128/colmap/0008079973e64039a4ff846ed989c754/images,/project/ricky/splatformer-data-new/train-set/objaverse/128/nerfstudio/0008079973e64039a4ff846ed989c754/splatfacto/nerfstudio_models/step-000010001.ckpt,128,50203,,,
0009a51366fb45e2876715bde6a574b7,processed,,512,/project/ricky/splatformer-data-new/train-set/objaverse/512/colmap/0009a51366fb45e2876715bde6a574b7/images,/project/ricky/splatformer-data-new/train-set/objaverse/512/nerfstudio/0009a51366fb45e2876715bde6a574b7/splatfacto/nerfstudio_models/step-000010001.ckpt,128,43219,,,
0009a51366fb45e2876715bde6a574b7,processed,,128,/project/ricky/splatformer-data-new/train-set/objaverse/128/colmap/0009a51366fb45e2876715bde6a574b7/images,/project/ricky/splatformer-data-new/train-set/objaverse/128/nerfstudio/0009a51366fb45e2876715bde6a574b7/splatfacto/nerfstudio_models/step-000010001.ckpt,128,36494,,,
0009f74807184fefa8eb58211edba390,processed,,512,/project/ricky/splatformer-data-new/train-set/objaverse/512/colmap/0009f74807184fefa8eb58211edba390/images,/project/ricky/splatformer-data-new/train-set/objaverse/512/nerfstudio/0009f74807184fefa8eb58211edba390/splatfacto/nerfstudio_models/step-000010001.ckpt,128,86758,,,
0009f74807184fefa8eb58211edba390,processed,,128,/project/ricky/splatformer-data-new/train-set/objaverse/128/colmap/0009f74807184fefa8eb58211edba390/images,/project/ricky/splatformer-data-new/train-set/objaverse/128/nerfstudio/0009f74807184fefa8eb58211edba390/splatfacto/nerfstudio_models/step-000010001.ckpt,128,62614,,,
000a00944e294f7a94f95d420fdd45eb,processed,,512,/project/ricky/splatformer-data-new/train-set/objaverse/512/colmap/000a00944e294f7a94f95d420fdd45eb/images,/project/ricky/splatformer-data-new/train-set/objaverse/512/nerfstudio/000a00944e294f7a94f95d420fdd45eb/splatfacto/nerfstudio_models/step-000010001.ckpt,128,85044,,,
000a00944e294f7a94f95d420fdd45eb,processed,,128,/project/ricky/splatformer-data-new/train-set/objaverse/128/colmap/000a00944e294f7a94f95d420fdd45eb/images,/project/ricky/splatformer-data-new/train-set/objaverse/128/nerfstudio/000a00944e294f7a94f95d420fdd45eb/splatfacto/nerfstudio_models/step-000010001.ckpt,128,46637,,,
000a3d9fa4ff4c888e71e698694eb0b0,processed,,512,/project/ricky/splatformer-data-new/train-set/objaverse/512/colmap/000a3d9fa4ff4c888e71e698694eb0b0/images,/project/ricky/splatformer-data-new/train-set/objaverse/512/nerfstudio/000a3d9fa4ff4c888e71e698694eb0b0/splatfacto/nerfstudio_models/step-000010001.ckpt,128,52151,,,
000a3d9fa4ff4c888e71e698694eb0b0,processed,,128,/project/ricky/splatformer-data-new/train-set/objaverse/128/colmap/000a3d9fa4ff4c888e71e698694eb0b0/images,/project/ricky/splatformer-data-new/train-set/objaverse/128/nerfstudio/000a3d9fa4ff4c888e71e698694eb0b0/splatfacto/nerfstudio_models/step-000010001.ckpt,128,37188,,,
000a82b4e6bf4e909fbe5a3b0e6d67dc,processed,,512,/project/ricky/splatformer-data-new/train-set/objaverse/512/colmap/000a82b4e6bf4e909fbe5a3b0e6d67dc/images,/project/ricky/splatformer-data-new/train-set/objaverse/512/nerfstudio/000a82b4e6bf4e909fbe5a3b0e6d67dc/splatfacto/nerfstudio_models/step-000010001.ckpt,128,52103,,,
000a82b4e6bf4e909fbe5a3b0e6d67dc,processed,,128,/project/ricky/splatformer-data-new/train-set/objaverse/128/colmap/000a82b4e6bf4e909fbe5a3b0e6d67dc/images,/project/ricky/splatformer-data-new/train-set/objaverse/128/nerfstudio/000a82b4e6bf4e909fbe5a3b0e6d67dc/splatfacto/nerfstudio_models/step-000010001.ckpt,128,42880,,,
000b76f2b03e44e8ab44e1a1614be0f4,processed,,512,/project/ricky/splatformer-data-new/train-set/objaverse/512/colmap/000b76f2b03e44e8ab44e1a1614be0f4/images,/project/ricky/splatformer-data-new/train-set/objaverse/512/nerfstudio/000b76f2b03e44e8ab44e1a1614be0f4/splatfacto/nerfstudio_models/step-000010001.ckpt,128,63264,,,
000b76f2b03e44e8ab44e1a1614be0f4,processed,,128,/project/ricky/splatformer-data-new/train-set/objaverse/128/colmap/000b76f2b03e44e8ab44e1a1614be0f4/images,/project/ricky/splatformer-data-new/train-set/objaverse/128/nerfstudio/000b76f2b03e44e8ab44e1a1614be0f4/splatfacto/nerfstudio_models/step-000010001.ckpt,128,44828,,,
000c3be067fb448bbdcad0bfe8a0ae9b,processed,,512,/project/ricky/splatformer-data-new/train-set/objaverse/512/colmap/000c3be067fb448bbdcad0bfe8a0ae9b/images,/project/ricky/splatformer-data-new/train-set/objaverse/512/nerfstudio/000c3be067fb448bbdcad0bfe8a0ae9b/splatfacto/nerfstudio_models/step-000010001.ckpt,128,57642,,,
000c3be067fb448bbdcad0bfe8a0ae9b,processed,,128,/project/ricky/splatformer-data-new/train-set/objaverse/128/colmap/000c3be067fb448bbdcad0bfe8a0ae9b/images,/project/ricky/splatformer-data-new/train-set/objaverse/128/nerfstudio/000c3be067fb448bbdcad0bfe8a0ae9b/splatfacto/nerfstudio_models/step-000010001.ckpt,128,49776,,,
000c99ea07e24690a556b9ecade1daae,processed,,512,/project/ricky/splatformer-data-new/train-set/objaverse/512/colmap/000c99ea07e24690a556b9ecade1daae/images,/project/ricky/splatformer-data-new/train-set/objaverse/512/nerfstudio/000c99ea07e24690a556b9ecade1daae/splatfacto/nerfstudio_models/step-000010001.ckpt,128,93105,,,
000c99ea07e24690a556b9ecade1daae,processed,,128,/project/ricky/splatformer-data-new/train-set/objaverse/128/colmap/000c99ea07e24690a556b9ecade1daae/images,/project/ricky/splatformer-data-new/train-set/objaverse/128/nerfstudio/000c99ea07e24690a556b9ecade1daae/splatfacto/nerfstudio_models/step-000010001.ckpt,128,53196,,,
000d1c5d169f4fda93a32f2eaeac80d8,processed,,512,/project/ricky/splatformer-data-new/train-set/objaverse/512/colmap/000d1c5d169f4fda93a32f2eaeac80d8/images,/project/ricky/splatformer-data-new/train-set/objaverse/512/nerfstudio/000d1c5d169f4fda93a32f2eaeac80d8/splatfacto/nerfstudio_models/step-000010001.ckpt,128,88561,,,
000d1c5d169f4fda93a32f2eaeac80d8,processed,,128,/project/ricky/splatformer-data-new/train-set/objaverse/128/colmap/000d1c5d169f4fda93a32f2eaeac80d8/images,/project/ricky/splatformer-data-new/train-set/objaverse/128/nerfstudio/000d1c5d169f4fda93a32f2eaeac80d8/splatfacto/nerfstudio_models/step-000010001.ckpt,128,53710,,,
000f88bb21164319ae797d315be6bc0e,processed,,512,/project/ricky/splatformer-data-new/train-set/objaverse/512/colmap/000f88bb21164319ae797d315be6bc0e/images,/project/ricky/splatformer-data-new/train-set/objaverse/512/nerfstudio/000f88bb21164319ae797d315be6bc0e/splatfacto/nerfstudio_models/step-000010001.ckpt,128,67709,,,
000f88bb21164319ae797d315be6bc0e,processed,,128,/project/ricky/splatformer-data-new/train-set/objaverse/128/colmap/000f88bb21164319ae797d315be6bc0e/images,/project/ricky/splatformer-data-new/train-set/objaverse/128/nerfstudio/000f88bb21164319ae797d315be6bc0e/splatfacto/nerfstudio_models/step-000010001.ckpt,128,63453,,,
0010245ab5db4f12a18dfcd80fa9df4d,processed,,512,/project/ricky/splatformer-data-new/train-set/objaverse/512/colmap/0010245ab5db4f12a18dfcd80fa9df4d/images,/project/ricky/splatformer-data-new/train-set/objaverse/512/nerfstudio/0010245ab5db4f12a18dfcd80fa9df4d/splatfacto/nerfstudio_models/step-000010001.ckpt,128,48775,,,
0010245ab5db4f12a18dfcd80fa9df4d,processed,,128,/project/ricky/splatformer-data-new/train-set/objaverse/128/colmap/0010245ab5db4f12a18dfcd80fa9df4d/images,/project/ricky/splatformer-data-new/train-set/objaverse/128/nerfstudio/0010245ab5db4f12a18dfcd80fa9df4d/splatfacto/nerfstudio_models/step-000010001.ckpt,128,20869,,,
0011b0e07fde4491b1f3875f25fff2d7,processed,,512,/project/ricky/splatformer-data-new/train-set/objaverse/512/colmap/0011b0e07fde4491b1f3875f25fff2d7/images,/project/ricky/splatformer-data-new/train-set/objaverse/512/nerfstudio/0011b0e07fde4491b1f3875f25fff2d7/splatfacto/nerfstudio_models/step-000010001.ckpt,128,38690,,,
0011b0e07fde4491b1f3875f25fff2d7,processed,,128,/project/ricky/splatformer-data-new/train-set/objaverse/128/colmap/0011b0e07fde4491b1f3875f25fff2d7/images,/project/ricky/splatformer-data-new/train-set/objaverse/128/nerfstudio/0011b0e07fde4491b1f3875f25fff2d7/splatfacto/nerfstudio_models/step-000010001.ckpt,128,20797,,,
001200d8ec8d46efbd5bfd0337f7dc7f,processed,,512,/project/ricky/splatformer-data-new/train-set/objaverse/512/colmap/001200d8ec8d46efbd5bfd0337f7dc7f/images,/project/ricky/splatformer-data-new/train-set/objaverse/512/nerfstudio/001200d8ec8d46efbd5bfd0337f7dc7f/splatfacto/nerfstudio_models/step-000010001.ckpt,128,91046,,,
001200d8ec8d46efbd5bfd0337f7dc7f,processed,,128,/project/ricky/splatformer-data-new/train-set/objaverse/128/colmap/001200d8ec8d46efbd5bfd0337f7dc7f/images,/project/ricky/splatformer-data-new/train-set/objaverse/128/nerfstudio/001200d8ec8d46efbd5bfd0337f7dc7f/splatfacto/nerfstudio_models/step-000010001.ckpt,128,36547,,,
00124bcf3ca3463fbe05f28218cc0f5c,processed,,512,/project/ricky/splatformer-data-new/train-set/objaverse/512/colmap/00124bcf3ca3463fbe05f28218cc0f5c/images,/project/ricky/splatformer-data-new/train-set/objaverse/512/nerfstudio/00124bcf3ca3463fbe05f28218cc0f5c/splatfacto/nerfstudio_models/step-000010001.ckpt,128,19186,,,
00124bcf3ca3463fbe05f28218cc0f5c,processed,,128,/project/ricky/splatformer-data-new/train-set/objaverse/128/colmap/00124bcf3ca3463fbe05f28218cc0f5c/images,/project/ricky/splatformer-data-new/train-set/objaverse/128/nerfstudio/00124bcf3ca3463fbe05f28218cc0f5c/splatfacto/nerfstudio_models/step-000010001.ckpt,128,26921,,,
00130eea9e884209be92f68378a817e8,processed,,512,/project/ricky/splatformer-data-new/train-set/objaverse/512/colmap/00130eea9e884209be92f68378a817e8/images,/project/ricky/splatformer-data-new/train-set/objaverse/512/nerfstudio/00130eea9e884209be92f68378a817e8/splatfacto/nerfstudio_models/step-000010001.ckpt,128,19794,,,
00130eea9e884209be92f68378a817e8,processed,,128,/project/ricky/splatformer-data-new/train-set/objaverse/128/colmap/00130eea9e884209be92f68378a817e8/images,/project/ricky/splatformer-data-new/train-set/objaverse/128/nerfstudio/00130eea9e884209be92f68378a817e8/splatfacto/nerfstudio_models/step-000010001.ckpt,128,21535,,,
0013bdaec08345ec9fd03214030baeb2,processed,,512,/project/ricky/splatformer-data-new/train-set/objaverse/512/colmap/0013bdaec08345ec9fd03214030baeb2/images,/project/ricky/splatformer-data-new/train-set/objaverse/512/nerfstudio/0013bdaec08345ec9fd03214030baeb2/splatfacto/nerfstudio_models/step-000010001.ckpt,128,56917,,,
0013bdaec08345ec9fd03214030baeb2,processed,,128,/project/ricky/splatformer-data-new/train-set/objaverse/128/colmap/0013bdaec08345ec9fd03214030baeb2/images,/project/ricky/splatformer-data-new/train-set/objaverse/128/nerfstudio/0013bdaec08345ec9fd03214030baeb2/splatfacto/nerfstudio_models/step-000010001.ckpt,128,20506,,,
0013cf5979c846449c817a2439fd8705,processed,,512,/project/ricky/splatformer-data-new/train-set/objaverse/512/colmap/0013cf5979c846449c817a2439fd8705/images,/project/ricky/splatformer-data-new/train-set/objaverse/512/nerfstudio/0013cf5979c846449c817a2439fd8705/splatfacto/nerfstudio_models/step-000010001.ckpt,128,98265,,,
0013cf5979c846449c817a2439fd8705,processed,,128,/project/ricky/splatformer-data-new/train-set/objaverse/128/colmap/0013cf5979c846449c817a2439fd8705/images,/project/ricky/splatformer-data-new/train-set/objaverse/128/nerfstudio/0013cf5979c846449c817a2439fd8705/splatfacto/nerfstudio_models/step-000010001.ckpt,128,68702,,,
00152cf505f44874b2adab4815625ebf,processed,,512,/project/ricky/splatformer-data-new/train-set/objaverse/512/colmap/00152cf505f44874b2adab4815625ebf/images,/project/ricky/splatformer-data-new/train-set/objaverse/512/nerfstudio/00152cf505f44874b2adab4815625ebf/splatfacto/nerfstudio_models/step-000010001.ckpt,128,45968,,,
00152cf505f44874b2adab4815625ebf,processed,,128,/project/ricky/splatformer-data-new/train-set/objaverse/128/colmap/00152cf505f44874b2adab4815625ebf/images,/project/ricky/splatformer-data-new/train-set/objaverse/128/nerfstudio/00152cf505f44874b2adab4815625ebf/splatfacto/nerfstudio_models/step-000010001.ckpt,128,36698,,,
0015413ed8b74ee78d3b45c73148f647,processed,,512,/project/ricky/splatformer-data-new/train-set/objaverse/512/colmap/0015413ed8b74ee78d3b45c73148f647/images,/project/ricky/splatformer-data-new/train-set/objaverse/512/nerfstudio/0015413ed8b74ee78d3b45c73148f647/splatfacto/nerfstudio_models/step-000010001.ckpt,128,20523,,,
0015413ed8b74ee78d3b45c73148f647,processed,,128,/project/ricky/splatformer-data-new/train-set/objaverse/128/colmap/0015413ed8b74ee78d3b45c73148f647/images,/project/ricky/splatformer-data-new/train-set/objaverse/128/nerfstudio/0015413ed8b74ee78d3b45c73148f647/splatfacto/nerfstudio_models/step-000010001.ckpt,128,21267,,,
001559b408504642831e6c604eaf583f,processed,,512,/project/ricky/splatformer-data-new/train-set/objaverse/512/colmap/001559b408504642831e6c604eaf583f/images,/project/ricky/splatformer-data-new/train-set/objaverse/512/nerfstudio/001559b408504642831e6c604eaf583f/splatfacto/nerfstudio_models/step-000010001.ckpt,128,74021,,,
001559b408504642831e6c604eaf583f,processed,,128,/project/ricky/splatformer-data-new/train-set/objaverse/128/colmap/001559b408504642831e6c604eaf583f/images,/project/ricky/splatformer-data-new/train-set/objaverse/128/nerfstudio/001559b408504642831e6c604eaf583f/splatfacto/nerfstudio_models/step-000010001.ckpt,128,45916,,,
0015766efb3e442597a1bd23abe7a25a,processed,,512,/project/ricky/splatformer-data-new/train-set/objaverse/512/colmap/0015766efb3e442597a1bd23abe7a25a/images,/project/ricky/splatformer-data-new/train-set/objaverse/512/nerfstudio/0015766efb3e442597a1bd23abe7a25a/splatfacto/nerfstudio_models/step-000010001.ckpt,128,57387,,,
0015766efb3e442597a1bd23abe7a25a,processed,,128,/project/ricky/splatformer-data-new/train-set/objaverse/128/colmap/0015766efb3e442597a1bd23abe7a25a/images,/project/ricky/splatformer-data-new/train-set/objaverse/128/nerfstudio/0015766efb3e442597a1bd23abe7a25a/splatfacto/nerfstudio_models/step-000010001.ckpt,128,43175,,,
0017fed1dd804ec1ab2e06bbdbebab16,processed,,512,/project/ricky/splatformer-data-new/train-set/objaverse/512/colmap/0017fed1dd804ec1ab2e06bbdbebab16/images,/project/ricky/splatformer-data-new/train-set/objaverse/512/nerfstudio/0017fed1dd804ec1ab2e06bbdbebab16/splatfacto/nerfstudio_models/step-000010001.ckpt,128,49901,,,
0017fed1dd804ec1ab2e06bbdbebab16,processed,,128,/project/ricky/splatformer-data-new/train-set/objaverse/128/colmap/0017fed1dd804ec1ab2e06bbdbebab16/images,/project/ricky/splatformer-data-new/train-set/objaverse/128/nerfstudio/0017fed1dd804ec1ab2e06bbdbebab16/splatfacto/nerfstudio_models/step-000010001.ckpt,128,41858,,,
00184cc3c6674f2a8aa79e0e0d77ae31,processed,,512,/project/ricky/splatformer-data-new/train-set/objaverse/512/colmap/00184cc3c6674f2a8aa79e0e0d77ae31/images,/project/ricky/splatformer-data-new/train-set/objaverse/512/nerfstudio/00184cc3c6674f2a8aa79e0e0d77ae31/splatfacto/nerfstudio_models/step-000010001.ckpt,128,86935,,,
00184cc3c6674f2a8aa79e0e0d77ae31,processed,,128,/project/ricky/splatformer-data-new/train-set/objaverse/128/colmap/00184cc3c6674f2a8aa79e0e0d77ae31/images,/project/ricky/splatformer-data-new/train-set/objaverse/128/nerfstudio/00184cc3c6674f2a8aa79e0e0d77ae31/splatfacto/nerfstudio_models/step-000010001.ckpt,128,61117,,,
00184eec45fe45ffa3826e9202fe7306,processed,,512,/project/ricky/splatformer-data-new/train-set/objaverse/512/colmap/00184eec45fe45ffa3826e9202fe7306/images,/project/ricky/splatformer-data-new/train-set/objaverse/512/nerfstudio/00184eec45fe45ffa3826e9202fe7306/splatfacto/nerfstudio_models/step-000010001.ckpt,128,31521,,,
00184eec45fe45ffa3826e9202fe7306,processed,,128,/project/ricky/splatformer-data-new/train-set/objaverse/128/colmap/00184eec45fe45ffa3826e9202fe7306/images,/project/ricky/splatformer-data-new/train-set/objaverse/128/nerfstudio/00184eec45fe45ffa3826e9202fe7306/splatfacto/nerfstudio_models/step-000010001.ckpt,128,32039,,,
0018d378a2cd4ad58fa8fcae42e8af9e,processed,,512,/project/ricky/splatformer-data-new/train-set/objaverse/512/colmap/0018d378a2cd4ad58fa8fcae42e8af9e/images,/project/ricky/splatformer-data-new/train-set/objaverse/512/nerfstudio/0018d378a2cd4ad58fa8fcae42e8af9e/splatfacto/nerfstudio_models/step-000010001.ckpt,128,43440,,,
0018d378a2cd4ad58fa8fcae42e8af9e,processed,,128,/project/ricky/splatformer-data-new/train-set/objaverse/128/colmap/0018d378a2cd4ad58fa8fcae42e8af9e/images,/project/ricky/splatformer-data-new/train-set/objaverse/128/nerfstudio/0018d378a2cd4ad58fa8fcae42e8af9e/splatfacto/nerfstudio_models/step-000010001.ckpt,128,5931,,,
0019c537f5884ce08907a07e72bd3b64,processed,,512,/project/ricky/splatformer-data-new/train-set/objaverse/512/colmap/0019c537f5884ce08907a07e72bd3b64/images,/project/ricky/splatformer-data-new/train-set/objaverse/512/nerfstudio/0019c537f5884ce08907a07e72bd3b64/splatfacto/nerfstudio_models/step-000010001.ckpt,128,27553,,,
0019c537f5884ce08907a07e72bd3b64,processed,,128,/project/ricky/splatformer-data-new/train-set/objaverse/128/colmap/0019c537f5884ce08907a07e72bd3b64/images,/project/ricky/splatformer-data-new/train-set/objaverse/128/nerfstudio/0019c537f5884ce08907a07e72bd3b64/splatfacto/nerfstudio_models/step-000010001.ckpt,128,14586,,,
001a994fe20b48739e18cf8a4e9d6fa7,processed,,512,/project/ricky/splatformer-data-new/train-set/objaverse/512/colmap/001a994fe20b48739e18cf8a4e9d6fa7/images,/project/ricky/splatformer-data-new/train-set/objaverse/512/nerfstudio/001a994fe20b48739e18cf8a4e9d6fa7/splatfacto/nerfstudio_models/step-000010001.ckpt,128,59645,,,
001a994fe20b48739e18cf8a4e9d6fa7,processed,,128,/project/ricky/splatformer-data-new/train-set/objaverse/128/colmap/001a994fe20b48739e18cf8a4e9d6fa7/images,/project/ricky/splatformer-data-new/train-set/objaverse/128/nerfstudio/001a994fe20b48739e18cf8a4e9d6fa7/splatfacto/nerfstudio_models/step-000010001.ckpt,128,44437,,,
001ab557cf294b9f8e2db0bd79649e2f,processed,,512,/project/ricky/splatformer-data-new/train-set/objaverse/512/colmap/001ab557cf294b9f8e2db0bd79649e2f/images,/project/ricky/splatformer-data-new/train-set/objaverse/512/nerfstudio/001ab557cf294b9f8e2db0bd79649e2f/splatfacto/nerfstudio_models/step-000010001.ckpt,128,199338,,,
001ab557cf294b9f8e2db0bd79649e2f,processed,,128,/project/ricky/splatformer-data-new/train-set/objaverse/128/colmap/001ab557cf294b9f8e2db0bd79649e2f/images,/project/ricky/splatformer-data-new/train-set/objaverse/128/nerfstudio/001ab557cf294b9f8e2db0bd79649e2f/splatfacto/nerfstudio_models/step-000010001.ckpt,128,22336,,,
001abb1a3f4c412fbd707239acb68cd6,processed,,512,/project/ricky/splatformer-data-new/train-set/objaverse/512/colmap/001abb1a3f4c412fbd707239acb68cd6/images,/project/ricky/splatformer-data-new/train-set/objaverse/512/nerfstudio/001abb1a3f4c412fbd707239acb68cd6/splatfacto/nerfstudio_models/step-000010001.ckpt,128,62145,,,
001abb1a3f4c412fbd707239acb68cd6,processed,,128,/project/ricky/splatformer-data-new/train-set/objaverse/128/colmap/001abb1a3f4c412fbd707239acb68cd6/images,/project/ricky/splatformer-data-new/train-set/objaverse/128/nerfstudio/001abb1a3f4c412fbd707239acb68cd6/splatfacto/nerfstudio_models/step-000010001.ckpt,128,55721,,,
001cec1f0dad467fa3cd1e0daf0c9d57,processed,,512,/project/ricky/splatformer-data-new/train-set/objaverse/512/colmap/001cec1f0dad467fa3cd1e0daf0c9d57/images,/project/ricky/splatformer-data-new/train-set/objaverse/512/nerfstudio/001cec1f0dad467fa3cd1e0daf0c9d57/splatfacto/nerfstudio_models/step-000010001.ckpt,128,141193,,,
001cec1f0dad467fa3cd1e0daf0c9d57,processed,,128,/project/ricky/splatformer-data-new/train-set/objaverse/128/colmap/001cec1f0dad467fa3cd1e0daf0c9d57/images,/project/ricky/splatformer-data-new/train-set/objaverse/128/nerfstudio/001cec1f0dad467fa3cd1e0daf0c9d57/splatfacto/nerfstudio_models/step-000010001.ckpt,128,80833,,,
001cfadfb9204424bccc45501ce6b90e,processed,,512,/project/ricky/splatformer-data-new/train-set/objaverse/512/colmap/001cfadfb9204424bccc45501ce6b90e/images,/project/ricky/splatformer-data-new/train-set/objaverse/512/nerfstudio/001cfadfb9204424bccc45501ce6b90e/splatfacto/nerfstudio_models/step-000010001.ckpt,128,145190,,,
001cfadfb9204424bccc45501ce6b90e,processed,,128,/project/ricky/splatformer-data-new/train-set/objaverse/128/colmap/001cfadfb9204424bccc45501ce6b90e/images,/project/ricky/splatformer-data-new/train-set/objaverse/128/nerfstudio/001cfadfb9204424bccc45501ce6b90e/splatfacto/nerfstudio_models/step-000010001.ckpt,128,82008,,,
001d1b57e9df4273bede948b26429429,processed,,512,/project/ricky/splatformer-data-new/train-set/objaverse/512/colmap/001d1b57e9df4273bede948b26429429/images,/project/ricky/splatformer-data-new/train-set/objaverse/512/nerfstudio/001d1b57e9df4273bede948b26429429/splatfacto/nerfstudio_models/step-000010001.ckpt,128,30538,,,
001d1b57e9df4273bede948b26429429,processed,,128,/project/ricky/splatformer-data-new/train-set/objaverse/128/colmap/001d1b57e9df4273bede948b26429429/images,/project/ricky/splatformer-data-new/train-set/objaverse/128/nerfstudio/001d1b57e9df4273bede948b26429429/splatfacto/nerfstudio_models/step-000010001.ckpt,128,30252,,,
001d8f96a18a49f2922d371afcca315e,processed,,512,/project/ricky/splatformer-data-new/train-set/objaverse/512/colmap/001d8f96a18a49f2922d371afcca315e/images,/project/ricky/splatformer-data-new/train-set/objaverse/512/nerfstudio/001d8f96a18a49f2922d371afcca315e/splatfacto/nerfstudio_models/step-000010001.ckpt,128,43270,,,
001d8f96a18a49f2922d371afcca315e,processed,,128,/project/ricky/splatformer-data-new/train-set/objaverse/128/colmap/001d8f96a18a49f2922d371afcca315e/images,/project/ricky/splatformer-data-new/train-set/objaverse/128/nerfstudio/001d8f96a18a49f2922d371afcca315e/splatfacto/nerfstudio_models/step-000010001.ckpt,128,19511,,,
001eac0e67494e9485b44e6d180d5e30,processed,,512,/project/ricky/splatformer-data-new/train-set/objaverse/512/colmap/001eac0e67494e9485b44e6d180d5e30/images,/project/ricky/splatformer-data-new/train-set/objaverse/512/nerfstudio/001eac0e67494e9485b44e6d180d5e30/splatfacto/nerfstudio_models/step-000010001.ckpt,128,35645,,,
001eac0e67494e9485b44e6d180d5e30,processed,,128,/project/ricky/splatformer-data-new/train-set/objaverse/128/colmap/001eac0e67494e9485b44e6d180d5e30/images,/project/ricky/splatformer-data-new/train-set/objaverse/128/nerfstudio/001eac0e67494e9485b44e6d180d5e30/splatfacto/nerfstudio_models/step-000010001.ckpt,128,29410,,,
001f5b9d3b7d4210b0dee5139c664a89,processed,,512,/project/ricky/splatformer-data-new/train-set/objaverse/512/colmap/001f5b9d3b7d4210b0dee5139c664a89/images,/project/ricky/splatformer-data-new/train-set/objaverse/512/nerfstudio/001f5b9d3b7d4210b0dee5139c664a89/splatfacto/nerfstudio_models/step-000010001.ckpt,128,32979,,,
001f5b9d3b7d4210b0dee5139c664a89,processed,,128,/project/ricky/splatformer-data-new/train-set/objaverse/128/colmap/001f5b9d3b7d4210b0dee5139c664a89/images,/project/ricky/splatformer-data-new/train-set/objaverse/128/nerfstudio/001f5b9d3b7d4210b0dee5139c664a89/splatfacto/nerfstudio_models/step-000010001.ckpt,128,31905,,,
001f65de43b540d8ac76eab191dffb17,processed,,512,/project/ricky/splatformer-data-new/train-set/objaverse/512/colmap/001f65de43b540d8ac76eab191dffb17/images,/project/ricky/splatformer-data-new/train-set/objaverse/512/nerfstudio/001f65de43b540d8ac76eab191dffb17/splatfacto/nerfstudio_models/step-000010001.ckpt,128,53989,,,
001f65de43b540d8ac76eab191dffb17,processed,,128,/project/ricky/splatformer-data-new/train-set/objaverse/128/colmap/001f65de43b540d8ac76eab191dffb17/images,/project/ricky/splatformer-data-new/train-set/objaverse/128/nerfstudio/001f65de43b540d8ac76eab191dffb17/splatfacto/nerfstudio_models/step-000010001.ckpt,128,49384,,,
001fe8adb25a49d0b2650a5401dde019,processed,,512,/project/ricky/splatformer-data-new/train-set/objaverse/512/colmap/001fe8adb25a49d0b2650a5401dde019/images,/project/ricky/splatformer-data-new/train-set/objaverse/512/nerfstudio/001fe8adb25a49d0b2650a5401dde019/splatfacto/nerfstudio_models/step-000010001.ckpt,128,31812,,,
001fe8adb25a49d0b2650a5401dde019,processed,,128,/project/ricky/splatformer-data-new/train-set/objaverse/128/colmap/001fe8adb25a49d0b2650a5401dde019/images,/project/ricky/splatformer-data-new/train-set/objaverse/128/nerfstudio/001fe8adb25a49d0b2650a5401dde019/splatfacto/nerfstudio_models/step-000010001.ckpt,128,19030,,,
0020acb8b03c4a1694a3a796904421d8,processed,,512,/project/ricky/splatformer-data-new/train-set/objaverse/512/colmap/0020acb8b03c4a1694a3a796904421d8/images,/project/ricky/splatformer-data-new/train-set/objaverse/512/nerfstudio/0020acb8b03c4a1694a3a796904421d8/splatfacto/nerfstudio_models/step-000010001.ckpt,128,21583,,,
0020acb8b03c4a1694a3a796904421d8,processed,,128,/project/ricky/splatformer-data-new/train-set/objaverse/128/colmap/0020acb8b03c4a1694a3a796904421d8/images,/project/ricky/splatformer-data-new/train-set/objaverse/128/nerfstudio/0020acb8b03c4a1694a3a796904421d8/splatfacto/nerfstudio_models/step-000010001.ckpt,128,24744,,,
002122c2db5a48b383598fec645cb459,processed,,512,/project/ricky/splatformer-data-new/train-set/objaverse/512/colmap/002122c2db5a48b383598fec645cb459/images,/project/ricky/splatformer-data-new/train-set/objaverse/512/nerfstudio/002122c2db5a48b383598fec645cb459/splatfacto/nerfstudio_models/step-000010001.ckpt,128,71719,,,
002122c2db5a48b383598fec645cb459,processed,,128,/project/ricky/splatformer-data-new/train-set/objaverse/128/colmap/002122c2db5a48b383598fec645cb459/images,/project/ricky/splatformer-data-new/train-set/objaverse/128/nerfstudio/002122c2db5a48b383598fec645cb459/splatfacto/nerfstudio_models/step-000010001.ckpt,128,74739,,,
0022a3197f9646acbb9041eff2d1f55c,processed,,512,/project/ricky/splatformer-data-new/train-set/objaverse/512/colmap/0022a3197f9646acbb9041eff2d1f55c/images,/project/ricky/splatformer-data-new/train-set/objaverse/512/nerfstudio/0022a3197f9646acbb9041eff2d1f55c/splatfacto/nerfstudio_models/step-000010001.ckpt,128,153459,,,
0022a3197f9646acbb9041eff2d1f55c,processed,,128,/project/ricky/splatformer-data-new/train-set/objaverse/128/colmap/0022a3197f9646acbb9041eff2d1f55c/images,/project/ricky/splatformer-data-new/train-set/objaverse/128/nerfstudio/0022a3197f9646acbb9041eff2d1f55c/splatfacto/nerfstudio_models/step-000010001.ckpt,128,81502,,,
0022d2e01b014d328294b828e48defa1,processed,,512,/project/ricky/splatformer-data-new/train-set/objaverse/512/colmap/0022d2e01b014d328294b828e48defa1/images,/project/ricky/splatformer-data-new/train-set/objaverse/512/nerfstudio/0022d2e01b014d328294b828e48defa1/splatfacto/nerfstudio_models/step-000010001.ckpt,128,109599,,,
0022d2e01b014d328294b828e48defa1,processed,,128,/project/ricky/splatformer-data-new/train-set/objaverse/128/colmap/0022d2e01b014d328294b828e48defa1/images,/project/ricky/splatformer-data-new/train-set/objaverse/128/nerfstudio/0022d2e01b014d328294b828e48defa1/splatfacto/nerfstudio_models/step-000010001.ckpt,128,62604,,,
00235e43d24c45dfb2206145cc8b4710,processed,,512,/project/ricky/splatformer-data-new/train-set/objaverse/512/colmap/00235e43d24c45dfb2206145cc8b4710/images,/project/ricky/splatformer-data-new/train-set/objaverse/512/nerfstudio/00235e43d24c45dfb2206145cc8b4710/splatfacto/nerfstudio_models/step-000010001.ckpt,128,98920,,,
00235e43d24c45dfb2206145cc8b4710,processed,,128,/project/ricky/splatformer-data-new/train-set/objaverse/128/colmap/00235e43d24c45dfb2206145cc8b4710/images,/project/ricky/splatformer-data-new/train-set/objaverse/128/nerfstudio/00235e43d24c45dfb2206145cc8b4710/splatfacto/nerfstudio_models/step-000010001.ckpt,128,73065,,,
0023717f4f564cc99f4ded70db04f590,processed,,512,/project/ricky/splatformer-data-new/train-set/objaverse/512/colmap/0023717f4f564cc99f4ded70db04f590/images,/project/ricky/splatformer-data-new/train-set/objaverse/512/nerfstudio/0023717f4f564cc99f4ded70db04f590/splatfacto/nerfstudio_models/step-000010001.ckpt,128,90573,,,
0023717f4f564cc99f4ded70db04f590,processed,,128,/project/ricky/splatformer-data-new/train-set/objaverse/128/colmap/0023717f4f564cc99f4ded70db04f590/images,/project/ricky/splatformer-data-new/train-set/objaverse/128/nerfstudio/0023717f4f564cc99f4ded70db04f590/splatfacto/nerfstudio_models/step-000010001.ckpt,128,47684,,,
00238df4d2ae48409888a8dc21e643a9,processed,,512,/project/ricky/splatformer-data-new/train-set/objaverse/512/colmap/00238df4d2ae48409888a8dc21e643a9/images,/project/ricky/splatformer-data-new/train-set/objaverse/512/nerfstudio/00238df4d2ae48409888a8dc21e643a9/splatfacto/nerfstudio_models/step-000010001.ckpt,128,17196,,,
00238df4d2ae48409888a8dc21e643a9,processed,,128,/project/ricky/splatformer-data-new/train-set/objaverse/128/colmap/00238df4d2ae48409888a8dc21e643a9/images,/project/ricky/splatformer-data-new/train-set/objaverse/128/nerfstudio/00238df4d2ae48409888a8dc21e643a9/splatfacto/nerfstudio_models/step-000010001.ckpt,128,2405,,,
0023b3edbc114be188ca9d8f729dfaaf,processed,,512,/project/ricky/splatformer-data-new/train-set/objaverse/512/colmap/0023b3edbc114be188ca9d8f729dfaaf/images,/project/ricky/splatformer-data-new/train-set/objaverse/512/nerfstudio/0023b3edbc114be188ca9d8f729dfaaf/splatfacto/nerfstudio_models/step-000010001.ckpt,128,105791,,,
0023b3edbc114be188ca9d8f729dfaaf,processed,,128,/project/ricky/splatformer-data-new/train-set/objaverse/128/colmap/0023b3edbc114be188ca9d8f729dfaaf/images,/project/ricky/splatformer-data-new/train-set/objaverse/128/nerfstudio/0023b3edbc114be188ca9d8f729dfaaf/splatfacto/nerfstudio_models/step-000010001.ckpt,128,67522,,,
0025c5e2333949feb1db259d4ff08dbe,processed,,512,/project/ricky/splatformer-data-new/train-set/objaverse/512/colmap/0025c5e2333949feb1db259d4ff08dbe/images,/project/ricky/splatformer-data-new/train-set/objaverse/512/nerfstudio/0025c5e2333949feb1db259d4ff08dbe/splatfacto/nerfstudio_models/step-000010001.ckpt,128,180743,,,
0025c5e2333949feb1db259d4ff08dbe,processed,,128,/project/ricky/splatformer-data-new/train-set/objaverse/128/colmap/0025c5e2333949feb1db259d4ff08dbe/images,/project/ricky/splatformer-data-new/train-set/objaverse/128/nerfstudio/0025c5e2333949feb1db259d4ff08dbe/splatfacto/nerfstudio_models/step-000010001.ckpt,128,144073,,,
0025d57953fc4c8a80a44e59294e6841,processed,,512,/project/ricky/splatformer-data-new/train-set/objaverse/512/colmap/0025d57953fc4c8a80a44e59294e6841/images,/project/ricky/splatformer-data-new/train-set/objaverse/512/nerfstudio/0025d57953fc4c8a80a44e59294e6841/splatfacto/nerfstudio_models/step-000010001.ckpt,128,67199,,,
0025d57953fc4c8a80a44e59294e6841,processed,,128,/project/ricky/splatformer-data-new/train-set/objaverse/128/colmap/0025d57953fc4c8a80a44e59294e6841/images,/project/ricky/splatformer-data-new/train-set/objaverse/128/nerfstudio/0025d57953fc4c8a80a44e59294e6841/splatfacto/nerfstudio_models/step-000010001.ckpt,128,67660,,,
00263a000c684febb52a46762e2860ef,processed,,512,/project/ricky/splatformer-data-new/train-set/objaverse/512/colmap/00263a000c684febb52a46762e2860ef/images,/project/ricky/splatformer-data-new/train-set/objaverse/512/nerfstudio/00263a000c684febb52a46762e2860ef/splatfacto/nerfstudio_models/step-000010001.ckpt,128,27069,,,
00263a000c684febb52a46762e2860ef,processed,,128,/project/ricky/splatformer-data-new/train-set/objaverse/128/colmap/00263a000c684febb52a46762e2860ef/images,/project/ricky/splatformer-data-new/train-set/objaverse/128/nerfstudio/00263a000c684febb52a46762e2860ef/splatfacto/nerfstudio_models/step-000010001.ckpt,128,11858,,,
002768a2c8c44fc09b8483afc3feecb0,processed,,512,/project/ricky/splatformer-data-new/train-set/objaverse/512/colmap/002768a2c8c44fc09b8483afc3feecb0/images,/project/ricky/splatformer-data-new/train-set/objaverse/512/nerfstudio/002768a2c8c44fc09b8483afc3feecb0/splatfacto/nerfstudio_models/step-000010001.ckpt,128,122447,,,
002768a2c8c44fc09b8483afc3feecb0,processed,,128,/project/ricky/splatformer-data-new/train-set/objaverse/128/colmap/002768a2c8c44fc09b8483afc3feecb0/images,/project/ricky/splatformer-data-new/train-set/objaverse/128/nerfstudio/002768a2c8c44fc09b8483afc3feecb0/splatfacto/nerfstudio_models/step-000010001.ckpt,128,34837,,,
00286954e2d54db8bc7832cc8682b6ff,processed,,512,/project/ricky/splatformer-data-new/train-set/objaverse/512/colmap/00286954e2d54db8bc7832cc8682b6ff/images,/project/ricky/splatformer-data-new/train-set/objaverse/512/nerfstudio/00286954e2d54db8bc7832cc8682b6ff/splatfacto/nerfstudio_models/step-000010001.ckpt,128,179600,,,
00286954e2d54db8bc7832cc8682b6ff,processed,,128,/project/ricky/splatformer-data-new/train-set/objaverse/128/colmap/00286954e2d54db8bc7832cc8682b6ff/images,/project/ricky/splatformer-data-new/train-set/objaverse/128/nerfstudio/00286954e2d54db8bc7832cc8682b6ff/splatfacto/nerfstudio_models/step-000010001.ckpt,128,107980,,,
002922c17ae240ffb801c9886fac7243,processed,,512,/project/ricky/splatformer-data-new/train-set/objaverse/512/colmap/002922c17ae240ffb801c9886fac7243/images,/project/ricky/splatformer-data-new/train-set/objaverse/512/nerfstudio/002922c17ae240ffb801c9886fac7243/splatfacto/nerfstudio_models/step-000010001.ckpt,128,66092,,,
002922c17ae240ffb801c9886fac7243,processed,,128,/project/ricky/splatformer-data-new/train-set/objaverse/128/colmap/002922c17ae240ffb801c9886fac7243/images,/project/ricky/splatformer-data-new/train-set/objaverse/128/nerfstudio/002922c17ae240ffb801c9886fac7243/splatfacto/nerfstudio_models/step-000010001.ckpt,128,35289,,,
00295f43c72c4763a125be0baa5d0ace,processed,,512,/project/ricky/splatformer-data-new/train-set/objaverse/512/colmap/00295f43c72c4763a125be0baa5d0ace/images,/project/ricky/splatformer-data-new/train-set/objaverse/512/nerfstudio/00295f43c72c4763a125be0baa5d0ace/splatfacto/nerfstudio_models/step-000010001.ckpt,128,51535,,,
00295f43c72c4763a125be0baa5d0ace,processed,,128,/project/ricky/splatformer-data-new/train-set/objaverse/128/colmap/00295f43c72c4763a125be0baa5d0ace/images,/project/ricky/splatformer-data-new/train-set/objaverse/128/nerfstudio/00295f43c72c4763a125be0baa5d0ace/splatfacto/nerfstudio_models/step-000010001.ckpt,128,36958,,,
002b5dcd1a7844b19c7ffa63a9b23c68,processed,,512,/project/ricky/splatformer-data-new/train-set/objaverse/512/colmap/002b5dcd1a7844b19c7ffa63a9b23c68/images,/project/ricky/splatformer-data-new/train-set/objaverse/512/nerfstudio/002b5dcd1a7844b19c7ffa63a9b23c68/splatfacto/nerfstudio_models/step-000010001.ckpt,128,15341,,,
002b5dcd1a7844b19c7ffa63a9b23c68,processed,,128,/project/ricky/splatformer-data-new/train-set/objaverse/128/colmap/002b5dcd1a7844b19c7ffa63a9b23c68/images,/project/ricky/splatformer-data-new/train-set/objaverse/128/nerfstudio/002b5dcd1a7844b19c7ffa63a9b23c68/splatfacto/nerfstudio_models/step-000010001.ckpt,128,18123,,,
002be48987e54ac0924772d6a562eb51,processed,,512,/project/ricky/splatformer-data-new/train-set/objaverse/512/colmap/002be48987e54ac0924772d6a562eb51/images,/project/ricky/splatformer-data-new/train-set/objaverse/512/nerfstudio/002be48987e54ac0924772d6a562eb51/splatfacto/nerfstudio_models/step-000010001.ckpt,128,99982,,,
002be48987e54ac0924772d6a562eb51,processed,,128,/project/ricky/splatformer-data-new/train-set/objaverse/128/colmap/002be48987e54ac0924772d6a562eb51/images,/project/ricky/splatformer-data-new/train-set/objaverse/128/nerfstudio/002be48987e54ac0924772d6a562eb51/splatfacto/nerfstudio_models/step-000010001.ckpt,128,46186,,,
002be8dfc228438281ae55e559c7ea03,processed,,512,/project/ricky/splatformer-data-new/train-set/objaverse/512/colmap/002be8dfc228438281ae55e559c7ea03/images,/project/ricky/splatformer-data-new/train-set/objaverse/512/nerfstudio/002be8dfc228438281ae55e559c7ea03/splatfacto/nerfstudio_models/step-000010001.ckpt,128,106383,,,
002be8dfc228438281ae55e559c7ea03,processed,,128,/project/ricky/splatformer-data-new/train-set/objaverse/128/colmap/002be8dfc228438281ae55e559c7ea03/images,/project/ricky/splatformer-data-new/train-set/objaverse/128/nerfstudio/002be8dfc228438281ae55e559c7ea03/splatfacto/nerfstudio_models/step-000010001.ckpt,128,65253,,,
002e02c30121465c8a01bcb83b584ea5,processed,,512,/project/ricky/splatformer-data-new/train-set/objaverse/512/colmap/002e02c30121465c8a01bcb83b584ea5/images,/project/ricky/splatformer-data-new/train-set/objaverse/512/nerfstudio/002e02c30121465c8a01bcb83b584ea5/splatfacto/nerfstudio_models/step-000010001.ckpt,128,54813,,,
002e02c30121465c8a01bcb83b584ea5,processed,,128,/project/ricky/splatformer-data-new/train-set/objaverse/128/colmap/002e02c30121465c8a01bcb83b584ea5/images,/project/ricky/splatformer-data-new/train-set/objaverse/128/nerfstudio/002e02c30121465c8a01bcb83b584ea5/splatfacto/nerfstudio_models/step-000010001.ckpt,128,52676,,,
002f9bf02cdf4ff695ebbf61190ed89f,processed,,512,/project/ricky/splatformer-data-new/train-set/objaverse/512/colmap/002f9bf02cdf4ff695ebbf61190ed89f/images,/project/ricky/splatformer-data-new/train-set/objaverse/512/nerfstudio/002f9bf02cdf4ff695ebbf61190ed89f/splatfacto/nerfstudio_models/step-000010001.ckpt,128,261721,,,
002f9bf02cdf4ff695ebbf61190ed89f,processed,,128,/project/ricky/splatformer-data-new/train-set/objaverse/128/colmap/002f9bf02cdf4ff695ebbf61190ed89f/images,/project/ricky/splatformer-data-new/train-set/objaverse/128/nerfstudio/002f9bf02cdf4ff695ebbf61190ed89f/splatfacto/nerfstudio_models/step-000010001.ckpt,128,133310,,,
003020965c744d64848f6160f3174816,processed,,512,/project/ricky/splatformer-data-new/train-set/objaverse/512/colmap/003020965c744d64848f6160f3174816/images,/project/ricky/splatformer-data-new/train-set/objaverse/512/nerfstudio/003020965c744d64848f6160f3174816/splatfacto/nerfstudio_models/step-000010001.ckpt,128,60931,,,
003020965c744d64848f6160f3174816,processed,,128,/project/ricky/splatformer-data-new/train-set/objaverse/128/colmap/003020965c744d64848f6160f3174816/images,/project/ricky/splatformer-data-new/train-set/objaverse/128/nerfstudio/003020965c744d64848f6160f3174816/splatfacto/nerfstudio_models/step-000010001.ckpt,128,22000,,,
0030dfde0ebe4677b5165a27b2216e7f,processed,,512,/project/ricky/splatformer-data-new/train-set/objaverse/512/colmap/0030dfde0ebe4677b5165a27b2216e7f/images,/project/ricky/splatformer-data-new/train-set/objaverse/512/nerfstudio/0030dfde0ebe4677b5165a27b2216e7f/splatfacto/nerfstudio_models/step-000010001.ckpt,128,107958,,,
0030dfde0ebe4677b5165a27b2216e7f,processed,,128,/project/ricky/splatformer-data-new/train-set/objaverse/128/colmap/0030dfde0ebe4677b5165a27b2216e7f/images,/project/ricky/splatformer-data-new/train-set/objaverse/128/nerfstudio/0030dfde0ebe4677b5165a27b2216e7f/splatfacto/nerfstudio_models/step-000010001.ckpt,128,37477,,,
003199cc6ff2410cb2d8e6f8a9cbb163,processed,,512,/project/ricky/splatformer-data-new/train-set/objaverse/512/colmap/003199cc6ff2410cb2d8e6f8a9cbb163/images,/project/ricky/splatformer-data-new/train-set/objaverse/512/nerfstudio/003199cc6ff2410cb2d8e6f8a9cbb163/splatfacto/nerfstudio_models/step-000010001.ckpt,128,54256,,,
003199cc6ff2410cb2d8e6f8a9cbb163,processed,,128,/project/ricky/splatformer-data-new/train-set/objaverse/128/colmap/003199cc6ff2410cb2d8e6f8a9cbb163/images,/project/ricky/splatformer-data-new/train-set/objaverse/128/nerfstudio/003199cc6ff2410cb2d8e6f8a9cbb163/splatfacto/nerfstudio_models/step-000010001.ckpt,128,35130,,,
0031ba19d3e042c4bcf79eba40ccc812,processed,,512,/project/ricky/splatformer-data-new/train-set/objaverse/512/colmap/0031ba19d3e042c4bcf79eba40ccc812/images,/project/ricky/splatformer-data-new/train-set/objaverse/512/nerfstudio/0031ba19d3e042c4bcf79eba40ccc812/splatfacto/nerfstudio_models/step-000010001.ckpt,128,112290,,,
0031ba19d3e042c4bcf79eba40ccc812,processed,,128,/project/ricky/splatformer-data-new/train-set/objaverse/128/colmap/0031ba19d3e042c4bcf79eba40ccc812/images,/project/ricky/splatformer-data-new/train-set/objaverse/128/nerfstudio/0031ba19d3e042c4bcf79eba40ccc812/splatfacto/nerfstudio_models/step-000010001.ckpt,128,61833,,,
003219b0bec442d29725847969e4b6bf,processed,,512,/project/ricky/splatformer-data-new/train-set/objaverse/512/colmap/003219b0bec442d29725847969e4b6bf/images,/project/ricky/splatformer-data-new/train-set/objaverse/512/nerfstudio/003219b0bec442d29725847969e4b6bf/splatfacto/nerfstudio_models/step-000010001.ckpt,128,78380,,,
003219b0bec442d29725847969e4b6bf,processed,,128,/project/ricky/splatformer-data-new/train-set/objaverse/128/colmap/003219b0bec442d29725847969e4b6bf/images,/project/ricky/splatformer-data-new/train-set/objaverse/128/nerfstudio/003219b0bec442d29725847969e4b6bf/splatfacto/nerfstudio_models/step-000010001.ckpt,128,33774,,,
0032696f5871429fbd0549d9628f812c,processed,,512,/project/ricky/splatformer-data-new/train-set/objaverse/512/colmap/0032696f5871429fbd0549d9628f812c/images,/project/ricky/splatformer-data-new/train-set/objaverse/512/nerfstudio/0032696f5871429fbd0549d9628f812c/splatfacto/nerfstudio_models/step-000010001.ckpt,128,65115,,,
0032696f5871429fbd0549d9628f812c,processed,,128,/project/ricky/splatformer-data-new/train-set/objaverse/128/colmap/0032696f5871429fbd0549d9628f812c/images,/project/ricky/splatformer-data-new/train-set/objaverse/128/nerfstudio/0032696f5871429fbd0549d9628f812c/splatfacto/nerfstudio_models/step-000010001.ckpt,128,65582,,,
0033322379a24798a6875a5cb2de54f5,processed,,512,/project/ricky/splatformer-data-new/train-set/objaverse/512/colmap/0033322379a24798a6875a5cb2de54f5/images,/project/ricky/splatformer-data-new/train-set/objaverse/512/nerfstudio/0033322379a24798a6875a5cb2de54f5/splatfacto/nerfstudio_models/step-000010001.ckpt,128,84094,,,
0033322379a24798a6875a5cb2de54f5,processed,,128,/project/ricky/splatformer-data-new/train-set/objaverse/128/colmap/0033322379a24798a6875a5cb2de54f5/images,/project/ricky/splatformer-data-new/train-set/objaverse/128/nerfstudio/0033322379a24798a6875a5cb2de54f5/splatfacto/nerfstudio_models/step-000010001.ckpt,128,69630,,,
003442052c724e6fb5f38b32a192933c,processed,,512,/project/ricky/splatformer-data-new/train-set/objaverse/512/colmap/003442052c724e6fb5f38b32a192933c/images,/project/ricky/splatformer-data-new/train-set/objaverse/512/nerfstudio/003442052c724e6fb5f38b32a192933c/splatfacto/nerfstudio_models/step-000010001.ckpt,128,23243,,,
003442052c724e6fb5f38b32a192933c,processed,,128,/project/ricky/splatformer-data-new/train-set/objaverse/128/colmap/003442052c724e6fb5f38b32a192933c/images,/project/ricky/splatformer-data-new/train-set/objaverse/128/nerfstudio/003442052c724e6fb5f38b32a192933c/splatfacto/nerfstudio_models/step-000010001.ckpt,128,27767,,,
0034c300f743460c8c84bce3d81ff604,processed,,512,/project/ricky/splatformer-data-new/train-set/objaverse/512/colmap/0034c300f743460c8c84bce3d81ff604/images,/project/ricky/splatformer-data-new/train-set/objaverse/512/nerfstudio/0034c300f743460c8c84bce3d81ff604/splatfacto/nerfstudio_models/step-000010001.ckpt,128,42150,,,
0034c300f743460c8c84bce3d81ff604,processed,,128,/project/ricky/splatformer-data-new/train-set/objaverse/128/colmap/0034c300f743460c8c84bce3d81ff604/images,/project/ricky/splatformer-data-new/train-set/objaverse/128/nerfstudio/0034c300f743460c8c84bce3d81ff604/splatfacto/nerfstudio_models/step-000010001.ckpt,128,24725,,,
0036481f67544ee79b067305af33ea4b,processed,,512,/project/ricky/splatformer-data-new/train-set/objaverse/512/colmap/0036481f67544ee79b067305af33ea4b/images,/project/ricky/splatformer-data-new/train-set/objaverse/512/nerfstudio/0036481f67544ee79b067305af33ea4b/splatfacto/nerfstudio_models/step-000010001.ckpt,128,31530,,,
0036481f67544ee79b067305af33ea4b,processed,,128,/project/ricky/splatformer-data-new/train-set/objaverse/128/colmap/0036481f67544ee79b067305af33ea4b/images,/project/ricky/splatformer-data-new/train-set/objaverse/128/nerfstudio/0036481f67544ee79b067305af33ea4b/splatfacto/nerfstudio_models/step-000010001.ckpt,128,36694,,,
00365fead4044f2a8ae896a68159625b,processed,,512,/project/ricky/splatformer-data-new/train-set/objaverse/512/colmap/00365fead4044f2a8ae896a68159625b/images,/project/ricky/splatformer-data-new/train-set/objaverse/512/nerfstudio/00365fead4044f2a8ae896a68159625b/splatfacto/nerfstudio_models/step-000010001.ckpt,128,52240,,,
00365fead4044f2a8ae896a68159625b,processed,,128,/project/ricky/splatformer-data-new/train-set/objaverse/128/colmap/00365fead4044f2a8ae896a68159625b/images,/project/ricky/splatformer-data-new/train-set/objaverse/128/nerfstudio/00365fead4044f2a8ae896a68159625b/splatfacto/nerfstudio_models/step-000010001.ckpt,128,49464,,,
003785adef904eb28bc75e9098ea63a6,processed,,512,/project/ricky/splatformer-data-new/train-set/objaverse/512/colmap/003785adef904eb28bc75e9098ea63a6/images,/project/ricky/splatformer-data-new/train-set/objaverse/512/nerfstudio/003785adef904eb28bc75e9098ea63a6/splatfacto/nerfstudio_models/step-000010001.ckpt,128,50231,,,
003785adef904eb28bc75e9098ea63a6,processed,,128,/project/ricky/splatformer-data-new/train-set/objaverse/128/colmap/003785adef904eb28bc75e9098ea63a6/images,/project/ricky/splatformer-data-new/train-set/objaverse/128/nerfstudio/003785adef904eb28bc75e9098ea63a6/splatfacto/nerfstudio_models/step-000010001.ckpt,128,41456,,,
00380c3f5cf548c9846faf3c42dfd6db,processed,,512,/project/ricky/splatformer-data-new/train-set/objaverse/512/colmap/00380c3f5cf548c9846faf3c42dfd6db/images,/project/ricky/splatformer-data-new/train-set/objaverse/512/nerfstudio/00380c3f5cf548c9846faf3c42dfd6db/splatfacto/nerfstudio_models/step-000010001.ckpt,128,69458,,,
00380c3f5cf548c9846faf3c42dfd6db,processed,,128,/project/ricky/splatformer-data-new/train-set/objaverse/128/colmap/00380c3f5cf548c9846faf3c42dfd6db/images,/project/ricky/splatformer-data-new/train-set/objaverse/128/nerfstudio/00380c3f5cf548c9846faf3c42dfd6db/splatfacto/nerfstudio_models/step-000010001.ckpt,128,18754,,,
0039218299e647d788844de8e1ef7cc2,processed,,512,/project/ricky/splatformer-data-new/train-set/objaverse/512/colmap/0039218299e647d788844de8e1ef7cc2/images,/project/ricky/splatformer-data-new/train-set/objaverse/512/nerfstudio/0039218299e647d788844de8e1ef7cc2/splatfacto/nerfstudio_models/step-000010001.ckpt,128,208765,,,
0039218299e647d788844de8e1ef7cc2,processed,,128,/project/ricky/splatformer-data-new/train-set/objaverse/128/colmap/0039218299e647d788844de8e1ef7cc2/images,/project/ricky/splatformer-data-new/train-set/objaverse/128/nerfstudio/0039218299e647d788844de8e1ef7cc2/splatfacto/nerfstudio_models/step-000010001.ckpt,128,90120,,,
003ba3e54a524999a0fbbf446573d589,processed,,512,/project/ricky/splatformer-data-new/train-set/objaverse/512/colmap/003ba3e54a524999a0fbbf446573d589/images,/project/ricky/splatformer-data-new/train-set/objaverse/512/nerfstudio/003ba3e54a524999a0fbbf446573d589/splatfacto/nerfstudio_models/step-000010001.ckpt,128,104894,,,
003ba3e54a524999a0fbbf446573d589,processed,,128,/project/ricky/splatformer-data-new/train-set/objaverse/128/colmap/003ba3e54a524999a0fbbf446573d589/images,/project/ricky/splatformer-data-new/train-set/objaverse/128/nerfstudio/003ba3e54a524999a0fbbf446573d589/splatfacto/nerfstudio_models/step-000010001.ckpt,128,75968,,,
003ceffa501d4a1fa10a96460e1472df,processed,,512,/project/ricky/splatformer-data-new/train-set/objaverse/512/colmap/003ceffa501d4a1fa10a96460e1472df/images,/project/ricky/splatformer-data-new/train-set/objaverse/512/nerfstudio/003ceffa501d4a1fa10a96460e1472df/splatfacto/nerfstudio_models/step-000010001.ckpt,128,40863,,,
003ceffa501d4a1fa10a96460e1472df,processed,,128,/project/ricky/splatformer-data-new/train-set/objaverse/128/colmap/003ceffa501d4a1fa10a96460e1472df/images,/project/ricky/splatformer-data-new/train-set/objaverse/128/nerfstudio/003ceffa501d4a1fa10a96460e1472df/splatfacto/nerfstudio_models/step-000010001.ckpt,128,33356,,,
003ebdf86df345d39dc166563229fb85,processed,,512,/project/ricky/splatformer-data-new/train-set/objaverse/512/colmap/003ebdf86df345d39dc166563229fb85/images,/project/ricky/splatformer-data-new/train-set/objaverse/512/nerfstudio/003ebdf86df345d39dc166563229fb85/splatfacto/nerfstudio_models/step-000010001.ckpt,128,92312,,,
003ebdf86df345d39dc166563229fb85,processed,,128,/project/ricky/splatformer-data-new/train-set/objaverse/128/colmap/003ebdf86df345d39dc166563229fb85/images,/project/ricky/splatformer-data-new/train-set/objaverse/128/nerfstudio/003ebdf86df345d39dc166563229fb85/splatfacto/nerfstudio_models/step-000010001.ckpt,128,84690,,,
003ed2834130466da3a51bb7fdd6bde5,processed,,512,/project/ricky/splatformer-data-new/train-set/objaverse/512/colmap/003ed2834130466da3a51bb7fdd6bde5/images,/project/ricky/splatformer-data-new/train-set/objaverse/512/nerfstudio/003ed2834130466da3a51bb7fdd6bde5/splatfacto/nerfstudio_models/step-000010001.ckpt,128,61691,,,
003ed2834130466da3a51bb7fdd6bde5,processed,,128,/project/ricky/splatformer-data-new/train-set/objaverse/128/colmap/003ed2834130466da3a51bb7fdd6bde5/images,/project/ricky/splatformer-data-new/train-set/objaverse/128/nerfstudio/003ed2834130466da3a51bb7fdd6bde5/splatfacto/nerfstudio_models/step-000010001.ckpt,128,51021,,,
0040737bdeed415383c74d72a90043bb,processed,,512,/project/ricky/splatformer-data-new/train-set/objaverse/512/colmap/0040737bdeed415383c74d72a90043bb/images,/project/ricky/splatformer-data-new/train-set/objaverse/512/nerfstudio/0040737bdeed415383c74d72a90043bb/splatfacto/nerfstudio_models/step-000010001.ckpt,128,122110,,,
0040737bdeed415383c74d72a90043bb,processed,,128,/project/ricky/splatformer-data-new/train-set/objaverse/128/colmap/0040737bdeed415383c74d72a90043bb/images,/project/ricky/splatformer-data-new/train-set/objaverse/128/nerfstudio/0040737bdeed415383c74d72a90043bb/splatfacto/nerfstudio_models/step-000010001.ckpt,128,34742,,,
0041822ebe464c5a9f458d2434c8984e,processed,,512,/project/ricky/splatformer-data-new/train-set/objaverse/512/colmap/0041822ebe464c5a9f458d2434c8984e/images,/project/ricky/splatformer-data-new/train-set/objaverse/512/nerfstudio/0041822ebe464c5a9f458d2434c8984e/splatfacto/nerfstudio_models/step-000010001.ckpt,128,87576,,,
0041822ebe464c5a9f458d2434c8984e,processed,,128,/project/ricky/splatformer-data-new/train-set/objaverse/128/colmap/0041822ebe464c5a9f458d2434c8984e/images,/project/ricky/splatformer-data-new/train-set/objaverse/128/nerfstudio/0041822ebe464c5a9f458d2434c8984e/splatfacto/nerfstudio_models/step-000010001.ckpt,128,51328,,,
0041b3780c364df8933420dcc3275166,processed,,512,/project/ricky/splatformer-data-new/train-set/objaverse/512/colmap/0041b3780c364df8933420dcc3275166/images,/project/ricky/splatformer-data-new/train-set/objaverse/512/nerfstudio/0041b3780c364df8933420dcc3275166/splatfacto/nerfstudio_models/step-000010001.ckpt,128,56419,,,
0041b3780c364df8933420dcc3275166,processed,,128,/project/ricky/splatformer-data-new/train-set/objaverse/128/colmap/0041b3780c364df8933420dcc3275166/images,/project/ricky/splatformer-data-new/train-set/objaverse/128/nerfstudio/0041b3780c364df8933420dcc3275166/splatfacto/nerfstudio_models/step-000010001.ckpt,128,28507,,,
00439fe1c7c24522bf408af0b2c155a9,processed,,512,/project/ricky/splatformer-data-new/train-set/objaverse/512/colmap/00439fe1c7c24522bf408af0b2c155a9/images,/project/ricky/splatformer-data-new/train-set/objaverse/512/nerfstudio/00439fe1c7c24522bf408af0b2c155a9/splatfacto/nerfstudio_models/step-000010001.ckpt,128,92361,,,
00439fe1c7c24522bf408af0b2c155a9,processed,,128,/project/ricky/splatformer-data-new/train-set/objaverse/128/colmap/00439fe1c7c24522bf408af0b2c155a9/images,/project/ricky/splatformer-data-new/train-set/objaverse/128/nerfstudio/00439fe1c7c24522bf408af0b2c155a9/splatfacto/nerfstudio_models/step-000010001.ckpt,128,55307,,,
0044a4fc4ab345ccba0e418c74463edf,processed,,512,/project/ricky/splatformer-data-new/train-set/objaverse/512/colmap/0044a4fc4ab345ccba0e418c74463edf/images,/project/ricky/splatformer-data-new/train-set/objaverse/512/nerfstudio/0044a4fc4ab345ccba0e418c74463edf/splatfacto/nerfstudio_models/step-000010001.ckpt,128,153565,,,
0044a4fc4ab345ccba0e418c74463edf,processed,,128,/project/ricky/splatformer-data-new/train-set/objaverse/128/colmap/0044a4fc4ab345ccba0e418c74463edf/images,/project/ricky/splatformer-data-new/train-set/objaverse/128/nerfstudio/0044a4fc4ab345ccba0e418c74463edf/splatfacto/nerfstudio_models/step-000010001.ckpt,128,41355,,,
0044df1c57434412b5582d610c60c7de,processed,,512,/project/ricky/splatformer-data-new/train-set/objaverse/512/colmap/0044df1c57434412b5582d610c60c7de/images,/project/ricky/splatformer-data-new/train-set/objaverse/512/nerfstudio/0044df1c57434412b5582d610c60c7de/splatfacto/nerfstudio_models/step-000010001.ckpt,128,22144,,,
0044df1c57434412b5582d610c60c7de,processed,,128,/project/ricky/splatformer-data-new/train-set/objaverse/128/colmap/0044df1c57434412b5582d610c60c7de/images,/project/ricky/splatformer-data-new/train-set/objaverse/128/nerfstudio/0044df1c57434412b5582d610c60c7de/splatfacto/nerfstudio_models/step-000010001.ckpt,128,9842,,,
0045c7d3543f467e808af1320f7fe252,processed,,512,/project/ricky/splatformer-data-new/train-set/objaverse/512/colmap/0045c7d3543f467e808af1320f7fe252/images,/project/ricky/splatformer-data-new/train-set/objaverse/512/nerfstudio/0045c7d3543f467e808af1320f7fe252/splatfacto/nerfstudio_models/step-000010001.ckpt,128,23705,,,
0045c7d3543f467e808af1320f7fe252,processed,,128,/project/ricky/splatformer-data-new/train-set/objaverse/128/colmap/0045c7d3543f467e808af1320f7fe252/images,/project/ricky/splatformer-data-new/train-set/objaverse/128/nerfstudio/0045c7d3543f467e808af1320f7fe252/splatfacto/nerfstudio_models/step-000010001.ckpt,128,15995,,,
0045e87262664927a3298f2ed0f640c1,processed,,512,/project/ricky/splatformer-data-new/train-set/objaverse/512/colmap/0045e87262664927a3298f2ed0f640c1/images,/project/ricky/splatformer-data-new/train-set/objaverse/512/nerfstudio/0045e87262664927a3298f2ed0f640c1/splatfacto/nerfstudio_models/step-000010001.ckpt,128,27434,,,
0045e87262664927a3298f2ed0f640c1,processed,,128,/project/ricky/splatformer-data-new/train-set/objaverse/128/colmap/0045e87262664927a3298f2ed0f640c1/images,/project/ricky/splatformer-data-new/train-set/objaverse/128/nerfstudio/0045e87262664927a3298f2ed0f640c1/splatfacto/nerfstudio_models/step-000010001.ckpt,128,41913,,,
0046f208ef8d4988ba7bb9d297f29ec7,processed,,512,/project/ricky/splatformer-data-new/train-set/objaverse/512/colmap/0046f208ef8d4988ba7bb9d297f29ec7/images,/project/ricky/splatformer-data-new/train-set/objaverse/512/nerfstudio/0046f208ef8d4988ba7bb9d297f29ec7/splatfacto/nerfstudio_models/step-000010001.ckpt,128,238991,,,
0046f208ef8d4988ba7bb9d297f29ec7,processed,,128,/project/ricky/splatformer-data-new/train-set/objaverse/128/colmap/0046f208ef8d4988ba7bb9d297f29ec7/images,/project/ricky/splatformer-data-new/train-set/objaverse/128/nerfstudio/0046f208ef8d4988ba7bb9d297f29ec7/splatfacto/nerfstudio_models/step-000010001.ckpt,128,64722,,,
004746f9a00342298c89eab88c5203c5,processed,,512,/project/ricky/splatformer-data-new/train-set/objaverse/512/colmap/004746f9a00342298c89eab88c5203c5/images,/project/ricky/splatformer-data-new/train-set/objaverse/512/nerfstudio/004746f9a00342298c89eab88c5203c5/splatfacto/nerfstudio_models/step-000010001.ckpt,128,57463,,,
004746f9a00342298c89eab88c5203c5,processed,,128,/project/ricky/splatformer-data-new/train-set/objaverse/128/colmap/004746f9a00342298c89eab88c5203c5/images,/project/ricky/splatformer-data-new/train-set/objaverse/128/nerfstudio/004746f9a00342298c89eab88c5203c5/splatfacto/nerfstudio_models/step-000010001.ckpt,128,20769,,,
0047be934a22442fa9ed9cc0a119acd2,processed,,512,/project/ricky/splatformer-data-new/train-set/objaverse/512/colmap/0047be934a22442fa9ed9cc0a119acd2/images,/project/ricky/splatformer-data-new/train-set/objaverse/512/nerfstudio/0047be934a22442fa9ed9cc0a119acd2/splatfacto/nerfstudio_models/step-000010001.ckpt,128,33206,,,
0047be934a22442fa9ed9cc0a119acd2,processed,,128,/project/ricky/splatformer-data-new/train-set/objaverse/128/colmap/0047be934a22442fa9ed9cc0a119acd2/images,/project/ricky/splatformer-data-new/train-set/objaverse/128/nerfstudio/0047be934a22442fa9ed9cc0a119acd2/splatfacto/nerfstudio_models/step-000010001.ckpt,128,30659,,,
0048e8224b174b759771e39ff521ee2e,processed,,512,/project/ricky/splatformer-data-new/train-set/objaverse/512/colmap/0048e8224b174b759771e39ff521ee2e/images,/project/ricky/splatformer-data-new/train-set/objaverse/512/nerfstudio/0048e8224b174b759771e39ff521ee2e/splatfacto/nerfstudio_models/step-000010001.ckpt,128,100738,,,
0048e8224b174b759771e39ff521ee2e,processed,,128,/project/ricky/splatformer-data-new/train-set/objaverse/128/colmap/0048e8224b174b759771e39ff521ee2e/images,/project/ricky/splatformer-data-new/train-set/objaverse/128/nerfstudio/0048e8224b174b759771e39ff521ee2e/splatfacto/nerfstudio_models/step-000010001.ckpt,128,82019,,,
004a8be0cca24a669c034a0192af9a77,processed,,512,/project/ricky/splatformer-data-new/train-set/objaverse/512/colmap/004a8be0cca24a669c034a0192af9a77/images,/project/ricky/splatformer-data-new/train-set/objaverse/512/nerfstudio/004a8be0cca24a669c034a0192af9a77/splatfacto/nerfstudio_models/step-000010001.ckpt,128,87974,,,
004a8be0cca24a669c034a0192af9a77,processed,,128,/project/ricky/splatformer-data-new/train-set/objaverse/128/colmap/004a8be0cca24a669c034a0192af9a77/images,/project/ricky/splatformer-data-new/train-set/objaverse/128/nerfstudio/004a8be0cca24a669c034a0192af9a77/splatfacto/nerfstudio_models/step-000010001.ckpt,128,57413,,,
004bef020bb34445b2b31e97552cd421,processed,,512,/project/ricky/splatformer-data-new/train-set/objaverse/512/colmap/004bef020bb34445b2b31e97552cd421/images,/project/ricky/splatformer-data-new/train-set/objaverse/512/nerfstudio/004bef020bb34445b2b31e97552cd421/splatfacto/nerfstudio_models/step-000010001.ckpt,128,70710,,,
004bef020bb34445b2b31e97552cd421,processed,,128,/project/ricky/splatformer-data-new/train-set/objaverse/128/colmap/004bef020bb34445b2b31e97552cd421/images,/project/ricky/splatformer-data-new/train-set/objaverse/128/nerfstudio/004bef020bb34445b2b31e97552cd421/splatfacto/nerfstudio_models/step-000010001.ckpt,128,55355,,,
004c7dd0b0f34a3ca9506293caee1a4f,processed,,512,/project/ricky/splatformer-data-new/train-set/objaverse/512/colmap/004c7dd0b0f34a3ca9506293caee1a4f/images,/project/ricky/splatformer-data-new/train-set/objaverse/512/nerfstudio/004c7dd0b0f34a3ca9506293caee1a4f/splatfacto/nerfstudio_models/step-000010001.ckpt,128,74291,,,
004c7dd0b0f34a3ca9506293caee1a4f,processed,,128,/project/ricky/splatformer-data-new/train-set/objaverse/128/colmap/004c7dd0b0f34a3ca9506293caee1a4f/images,/project/ricky/splatformer-data-new/train-set/objaverse/128/nerfstudio/004c7dd0b0f34a3ca9506293caee1a4f/splatfacto/nerfstudio_models/step-000010001.ckpt,128,28617,,,
004ca4d3519b4cb1961c94538d787088,processed,,512,/project/ricky/splatformer-data-new/train-set/objaverse/512/colmap/004ca4d3519b4cb1961c94538d787088/images,/project/ricky/splatformer-data-new/train-set/objaverse/512/nerfstudio/004ca4d3519b4cb1961c94538d787088/splatfacto/nerfstudio_models/step-000010001.ckpt,128,82404,,,
004ca4d3519b4cb1961c94538d787088,processed,,128,/project/ricky/splatformer-data-new/train-set/objaverse/128/colmap/004ca4d3519b4cb1961c94538d787088/images,/project/ricky/splatformer-data-new/train-set/objaverse/128/nerfstudio/004ca4d3519b4cb1961c94538d787088/splatfacto/nerfstudio_models/step-000010001.ckpt,128,40585,,,
004ca6171a934a44806d51cb23921058,processed,,512,/project/ricky/splatformer-data-new/train-set/objaverse/512/colmap/004ca6171a934a44806d51cb23921058/images,/project/ricky/splatformer-data-new/train-set/objaverse/512/nerfstudio/004ca6171a934a44806d51cb23921058/splatfacto/nerfstudio_models/step-000010001.ckpt,128,69922,,,
004ca6171a934a44806d51cb23921058,processed,,128,/project/ricky/splatformer-data-new/train-set/objaverse/128/colmap/004ca6171a934a44806d51cb23921058/images,/project/ricky/splatformer-data-new/train-set/objaverse/128/nerfstudio/004ca6171a934a44806d51cb23921058/splatfacto/nerfstudio_models/step-000010001.ckpt,128,44274,,,
004d02243a5b4117afc4baa45eb1eba0,processed,,512,/project/ricky/splatformer-data-new/train-set/objaverse/512/colmap/004d02243a5b4117afc4baa45eb1eba0/images,/project/ricky/splatformer-data-new/train-set/objaverse/512/nerfstudio/004d02243a5b4117afc4baa45eb1eba0/splatfacto/nerfstudio_models/step-000010001.ckpt,128,41547,,,
004d02243a5b4117afc4baa45eb1eba0,processed,,128,/project/ricky/splatformer-data-new/train-set/objaverse/128/colmap/004d02243a5b4117afc4baa45eb1eba0/images,/project/ricky/splatformer-data-new/train-set/objaverse/128/nerfstudio/004d02243a5b4117afc4baa45eb1eba0/splatfacto/nerfstudio_models/step-000010001.ckpt,128,40893,,,
004e12d0dc5a4dff8a01d20b096ca008,processed,,512,/project/ricky/splatformer-data-new/train-set/objaverse/512/colmap/004e12d0dc5a4dff8a01d20b096ca008/images,/project/ricky/splatformer-data-new/train-set/objaverse/512/nerfstudio/004e12d0dc5a4dff8a01d20b096ca008/splatfacto/nerfstudio_models/step-000010001.ckpt,128,59745,,,
004e12d0dc5a4dff8a01d20b096ca008,processed,,128,/project/ricky/splatformer-data-new/train-set/objaverse/128/colmap/004e12d0dc5a4dff8a01d20b096ca008/images,/project/ricky/splatformer-data-new/train-set/objaverse/128/nerfstudio/004e12d0dc5a4dff8a01d20b096ca008/splatfacto/nerfstudio_models/step-000010001.ckpt,128,17865,,,
004ea9e3e68b4305a75bedd47324b533,processed,,512,/project/ricky/splatformer-data-new/train-set/objaverse/512/colmap/004ea9e3e68b4305a75bedd47324b533/images,/project/ricky/splatformer-data-new/train-set/objaverse/512/nerfstudio/004ea9e3e68b4305a75bedd47324b533/splatfacto/nerfstudio_models/step-000010001.ckpt,128,32304,,,
004ea9e3e68b4305a75bedd47324b533,processed,,128,/project/ricky/splatformer-data-new/train-set/objaverse/128/colmap/004ea9e3e68b4305a75bedd47324b533/images,/project/ricky/splatformer-data-new/train-set/objaverse/128/nerfstudio/004ea9e3e68b4305a75bedd47324b533/splatfacto/nerfstudio_models/step-000010001.ckpt,128,23521,,,
004f8d40406a49d29edd200fdcacbff8,processed,,512,/project/ricky/splatformer-data-new/train-set/objaverse/512/colmap/004f8d40406a49d29edd200fdcacbff8/images,/project/ricky/splatformer-data-new/train-set/objaverse/512/nerfstudio/004f8d40406a49d29edd200fdcacbff8/splatfacto/nerfstudio_models/step-000010001.ckpt,128,200454,,,
004f8d40406a49d29edd200fdcacbff8,processed,,128,/project/ricky/splatformer-data-new/train-set/objaverse/128/colmap/004f8d40406a49d29edd200fdcacbff8/images,/project/ricky/splatformer-data-new/train-set/objaverse/128/nerfstudio/004f8d40406a49d29edd200fdcacbff8/splatfacto/nerfstudio_models/step-000010001.ckpt,128,78553,,,
004fb4d72f6c4e55a15b9025a868d1a3,processed,,512,/project/ricky/splatformer-data-new/train-set/objaverse/512/colmap/004fb4d72f6c4e55a15b9025a868d1a3/images,/project/ricky/splatformer-data-new/train-set/objaverse/512/nerfstudio/004fb4d72f6c4e55a15b9025a868d1a3/splatfacto/nerfstudio_models/step-000010001.ckpt,128,128954,,,
004fb4d72f6c4e55a15b9025a868d1a3,processed,,128,/project/ricky/splatformer-data-new/train-set/objaverse/128/colmap/004fb4d72f6c4e55a15b9025a868d1a3/images,/project/ricky/splatformer-data-new/train-set/objaverse/128/nerfstudio/004fb4d72f6c4e55a15b9025a868d1a3/splatfacto/nerfstudio_models/step-000010001.ckpt,128,70490,,,
004fd5fa33134535987777832e48b9fb,processed,,512,/project/ricky/splatformer-data-new/train-set/objaverse/512/colmap/004fd5fa33134535987777832e48b9fb/images,/project/ricky/splatformer-data-new/train-set/objaverse/512/nerfstudio/004fd5fa33134535987777832e48b9fb/splatfacto/nerfstudio_models/step-000010001.ckpt,128,213205,,,
004fd5fa33134535987777832e48b9fb,processed,,128,/project/ricky/splatformer-data-new/train-set/objaverse/128/colmap/004fd5fa33134535987777832e48b9fb/images,/project/ricky/splatformer-data-new/train-set/objaverse/128/nerfstudio/004fd5fa33134535987777832e48b9fb/splatfacto/nerfstudio_models/step-000010001.ckpt,128,53765,,,
005121da5ed340b4aedd168e33d56714,processed,,512,/project/ricky/splatformer-data-new/train-set/objaverse/512/colmap/005121da5ed340b4aedd168e33d56714/images,/project/ricky/splatformer-data-new/train-set/objaverse/512/nerfstudio/005121da5ed340b4aedd168e33d56714/splatfacto/nerfstudio_models/step-000010001.ckpt,128,57936,,,
005121da5ed340b4aedd168e33d56714,processed,,128,/project/ricky/splatformer-data-new/train-set/objaverse/128/colmap/005121da5ed340b4aedd168e33d56714/images,/project/ricky/splatformer-data-new/train-set/objaverse/128/nerfstudio/005121da5ed340b4aedd168e33d56714/splatfacto/nerfstudio_models/step-000010001.ckpt,128,66209,,,
0051396fdc9e4dfdbe734c0dc46c10e4,processed,,512,/project/ricky/splatformer-data-new/train-set/objaverse/512/colmap/0051396fdc9e4dfdbe734c0dc46c10e4/images,/project/ricky/splatformer-data-new/train-set/objaverse/512/nerfstudio/0051396fdc9e4dfdbe734c0dc46c10e4/splatfacto/nerfstudio_models/step-000010001.ckpt,128,29181,,,
0051396fdc9e4dfdbe734c0dc46c10e4,processed,,128,/project/ricky/splatformer-data-new/train-set/objaverse/128/colmap/0051396fdc9e4dfdbe734c0dc46c10e4/images,/project/ricky/splatformer-data-new/train-set/objaverse/128/nerfstudio/0051396fdc9e4dfdbe734c0dc46c10e4/splatfacto/nerfstudio_models/step-000010001.ckpt,128,7693,,,
0051724d6efa42de84aaf8467629160f,processed,,512,/project/ricky/splatformer-data-new/train-set/objaverse/512/colmap/0051724d6efa42de84aaf8467629160f/images,/project/ricky/splatformer-data-new/train-set/objaverse/512/nerfstudio/0051724d6efa42de84aaf8467629160f/splatfacto/nerfstudio_models/step-000010001.ckpt,128,89347,,,
0051724d6efa42de84aaf8467629160f,processed,,128,/project/ricky/splatformer-data-new/train-set/objaverse/128/colmap/0051724d6efa42de84aaf8467629160f/images,/project/ricky/splatformer-data-new/train-set/objaverse/128/nerfstudio/0051724d6efa42de84aaf8467629160f/splatfacto/nerfstudio_models/step-000010001.ckpt,128,59857,,,
00519862679c42ceb76157fb50aa1e3c,processed,,512,/project/ricky/splatformer-data-new/train-set/objaverse/512/colmap/00519862679c42ceb76157fb50aa1e3c/images,/project/ricky/splatformer-data-new/train-set/objaverse/512/nerfstudio/00519862679c42ceb76157fb50aa1e3c/splatfacto/nerfstudio_models/step-000010001.ckpt,128,129342,,,
00519862679c42ceb76157fb50aa1e3c,processed,,128,/project/ricky/splatformer-data-new/train-set/objaverse/128/colmap/00519862679c42ceb76157fb50aa1e3c/images,/project/ricky/splatformer-data-new/train-set/objaverse/128/nerfstudio/00519862679c42ceb76157fb50aa1e3c/splatfacto/nerfstudio_models/step-000010001.ckpt,128,53942,,,
0052b71131614bddba4caac26c9998bf,processed,,512,/project/ricky/splatformer-data-new/train-set/objaverse/512/colmap/0052b71131614bddba4caac26c9998bf/images,/project/ricky/splatformer-data-new/train-set/objaverse/512/nerfstudio/0052b71131614bddba4caac26c9998bf/splatfacto/nerfstudio_models/step-000010001.ckpt,128,39043,,,
0052b71131614bddba4caac26c9998bf,processed,,128,/project/ricky/splatformer-data-new/train-set/objaverse/128/colmap/0052b71131614bddba4caac26c9998bf/images,/project/ricky/splatformer-data-new/train-set/objaverse/128/nerfstudio/0052b71131614bddba4caac26c9998bf/splatfacto/nerfstudio_models/step-000010001.ckpt,128,29944,,,
0052d8dd7ad24473a1c887c05cf63f32,processed,,512,/project/ricky/splatformer-data-new/train-set/objaverse/512/colmap/0052d8dd7ad24473a1c887c05cf63f32/images,/project/ricky/splatformer-data-new/train-set/objaverse/512/nerfstudio/0052d8dd7ad24473a1c887c05cf63f32/splatfacto/nerfstudio_models/step-000010001.ckpt,128,39333,,,
0052d8dd7ad24473a1c887c05cf63f32,processed,,128,/project/ricky/splatformer-data-new/train-set/objaverse/128/colmap/0052d8dd7ad24473a1c887c05cf63f32/images,/project/ricky/splatformer-data-new/train-set/objaverse/128/nerfstudio/0052d8dd7ad24473a1c887c05cf63f32/splatfacto/nerfstudio_models/step-000010001.ckpt,128,40389,,,
005349b8ece7424984e8b1f224a8dfe3,processed,,512,/project/ricky/splatformer-data-new/train-set/objaverse/512/colmap/005349b8ece7424984e8b1f224a8dfe3/images,/project/ricky/splatformer-data-new/train-set/objaverse/512/nerfstudio/005349b8ece7424984e8b1f224a8dfe3/splatfacto/nerfstudio_models/step-000010001.ckpt,128,43081,,,
005349b8ece7424984e8b1f224a8dfe3,processed,,128,/project/ricky/splatformer-data-new/train-set/objaverse/128/colmap/005349b8ece7424984e8b1f224a8dfe3/images,/project/ricky/splatformer-data-new/train-set/objaverse/128/nerfstudio/005349b8ece7424984e8b1f224a8dfe3/splatfacto/nerfstudio_models/step-000010001.ckpt,128,43345,,,
005375787cbf42a38afcf8810cef9731,processed,,512,/project/ricky/splatformer-data-new/train-set/objaverse/512/colmap/005375787cbf42a38afcf8810cef9731/images,/project/ricky/splatformer-data-new/train-set/objaverse/512/nerfstudio/005375787cbf42a38afcf8810cef9731/splatfacto/nerfstudio_models/step-000010001.ckpt,128,44949,,,
005375787cbf42a38afcf8810cef9731,processed,,128,/project/ricky/splatformer-data-new/train-set/objaverse/128/colmap/005375787cbf42a38afcf8810cef9731/images,/project/ricky/splatformer-data-new/train-set/objaverse/128/nerfstudio/005375787cbf42a38afcf8810cef9731/splatfacto/nerfstudio_models/step-000010001.ckpt,128,33151,,,
0053d3ee40634d73b12359de5b500fcf,processed,,512,/project/ricky/splatformer-data-new/train-set/objaverse/512/colmap/0053d3ee40634d73b12359de5b500fcf/images,/project/ricky/splatformer-data-new/train-set/objaverse/512/nerfstudio/0053d3ee40634d73b12359de5b500fcf/splatfacto/nerfstudio_models/step-000010001.ckpt,128,50578,,,
0053d3ee40634d73b12359de5b500fcf,processed,,128,/project/ricky/splatformer-data-new/train-set/objaverse/128/colmap/0053d3ee40634d73b12359de5b500fcf/images,/project/ricky/splatformer-data-new/train-set/objaverse/128/nerfstudio/0053d3ee40634d73b12359de5b500fcf/splatfacto/nerfstudio_models/step-000010001.ckpt,128,33301,,,
005441c163204e7e9765fe7f07730129,processed,,512,/project/ricky/splatformer-data-new/train-set/objaverse/512/colmap/005441c163204e7e9765fe7f07730129/images,/project/ricky/splatformer-data-new/train-set/objaverse/512/nerfstudio/005441c163204e7e9765fe7f07730129/splatfacto/nerfstudio_models/step-000010001.ckpt,128,74908,,,
005441c163204e7e9765fe7f07730129,processed,,128,/project/ricky/splatformer-data-new/train-set/objaverse/128/colmap/005441c163204e7e9765fe7f07730129/images,/project/ricky/splatformer-data-new/train-set/objaverse/128/nerfstudio/005441c163204e7e9765fe7f07730129/splatfacto/nerfstudio_models/step-000010001.ckpt,128,74989,,,
005581924fe74929bbee5d12803a507d,processed,,512,/project/ricky/splatformer-data-new/train-set/objaverse/512/colmap/005581924fe74929bbee5d12803a507d/images,/project/ricky/splatformer-data-new/train-set/objaverse/512/nerfstudio/005581924fe74929bbee5d12803a507d/splatfacto/nerfstudio_models/step-000010001.ckpt,128,27605,,,
005581924fe74929bbee5d12803a507d,processed,,128,/project/ricky/splatformer-data-new/train-set/objaverse/128/colmap/005581924fe74929bbee5d12803a507d/images,/project/ricky/splatformer-data-new/train-set/objaverse/128/nerfstudio/005581924fe74929bbee5d12803a507d/splatfacto/nerfstudio_models/step-000010001.ckpt,128,26777,,,
005593037c2c4d699c3637b12de02ff4,processed,,512,/project/ricky/splatformer-data-new/train-set/objaverse/512/colmap/005593037c2c4d699c3637b12de02ff4/images,/project/ricky/splatformer-data-new/train-set/objaverse/512/nerfstudio/005593037c2c4d699c3637b12de02ff4/splatfacto/nerfstudio_models/step-000010001.ckpt,128,183757,,,
005593037c2c4d699c3637b12de02ff4,processed,,128,/project/ricky/splatformer-data-new/train-set/objaverse/128/colmap/005593037c2c4d699c3637b12de02ff4/images,/project/ricky/splatformer-data-new/train-set/objaverse/128/nerfstudio/005593037c2c4d699c3637b12de02ff4/splatfacto/nerfstudio_models/step-000010001.ckpt,128,50168,,,
0055a5940bda44688411e01dd913002c,processed,,512,/project/ricky/splatformer-data-new/train-set/objaverse/512/colmap/0055a5940bda44688411e01dd913002c/images,/project/ricky/splatformer-data-new/train-set/objaverse/512/nerfstudio/0055a5940bda44688411e01dd913002c/splatfacto/nerfstudio_models/step-000010001.ckpt,128,92799,,,
0055a5940bda44688411e01dd913002c,processed,,128,/project/ricky/splatformer-data-new/train-set/objaverse/128/colmap/0055a5940bda44688411e01dd913002c/images,/project/ricky/splatformer-data-new/train-set/objaverse/128/nerfstudio/0055a5940bda44688411e01dd913002c/splatfacto/nerfstudio_models/step-000010001.ckpt,128,57125,,,
0056220daa7f4eae850a582e8f5cc6ad,processed,,512,/project/ricky/splatformer-data-new/train-set/objaverse/512/colmap/0056220daa7f4eae850a582e8f5cc6ad/images,/project/ricky/splatformer-data-new/train-set/objaverse/512/nerfstudio/0056220daa7f4eae850a582e8f5cc6ad/splatfacto/nerfstudio_models/step-000010001.ckpt,128,112605,,,
0056220daa7f4eae850a582e8f5cc6ad,processed,,128,/project/ricky/splatformer-data-new/train-set/objaverse/128/colmap/0056220daa7f4eae850a582e8f5cc6ad/images,/project/ricky/splatformer-data-new/train-set/objaverse/128/nerfstudio/0056220daa7f4eae850a582e8f5cc6ad/splatfacto/nerfstudio_models/step-000010001.ckpt,128,78465,,,
0056880681c044cb9fe815a9eed0425d,processed,,512,/project/ricky/splatformer-data-new/train-set/objaverse/512/colmap/0056880681c044cb9fe815a9eed0425d/images,/project/ricky/splatformer-data-new/train-set/objaverse/512/nerfstudio/0056880681c044cb9fe815a9eed0425d/splatfacto/nerfstudio_models/step-000010001.ckpt,128,30848,,,
0056880681c044cb9fe815a9eed0425d,processed,,128,/project/ricky/splatformer-data-new/train-set/objaverse/128/colmap/0056880681c044cb9fe815a9eed0425d/images,/project/ricky/splatformer-data-new/train-set/objaverse/128/nerfstudio/0056880681c044cb9fe815a9eed0425d/splatfacto/nerfstudio_models/step-000010001.ckpt,128,30172,,,
0056fa33ff5941c295e30dbc70be20f5,processed,,512,/project/ricky/splatformer-data-new/train-set/objaverse/512/colmap/0056fa33ff5941c295e30dbc70be20f5/images,/project/ricky/splatformer-data-new/train-set/objaverse/512/nerfstudio/0056fa33ff5941c295e30dbc70be20f5/splatfacto/nerfstudio_models/step-000010001.ckpt,128,45093,,,
0056fa33ff5941c295e30dbc70be20f5,processed,,128,/project/ricky/splatformer-data-new/train-set/objaverse/128/colmap/0056fa33ff5941c295e30dbc70be20f5/images,/project/ricky/splatformer-data-new/train-set/objaverse/128/nerfstudio/0056fa33ff5941c295e30dbc70be20f5/splatfacto/nerfstudio_models/step-000010001.ckpt,128,23247,,,
0058d91949de484e820a046235487223,processed,,512,/project/ricky/splatformer-data-new/train-set/objaverse/512/colmap/0058d91949de484e820a046235487223/images,/project/ricky/splatformer-data-new/train-set/objaverse/512/nerfstudio/0058d91949de484e820a046235487223/splatfacto/nerfstudio_models/step-000010001.ckpt,128,64025,,,
0058d91949de484e820a046235487223,processed,,128,/project/ricky/splatformer-data-new/train-set/objaverse/128/colmap/0058d91949de484e820a046235487223/images,/project/ricky/splatformer-data-new/train-set/objaverse/128/nerfstudio/0058d91949de484e820a046235487223/splatfacto/nerfstudio_models/step-000010001.ckpt,128,43308,,,
005c6969267343b9a247e8970aeb01eb,processed,,512,/project/ricky/splatformer-data-new/train-set/objaverse/512/colmap/005c6969267343b9a247e8970aeb01eb/images,/project/ricky/splatformer-data-new/train-set/objaverse/512/nerfstudio/005c6969267343b9a247e8970aeb01eb/splatfacto/nerfstudio_models/step-000010001.ckpt,128,95589,,,
005c6969267343b9a247e8970aeb01eb,processed,,128,/project/ricky/splatformer-data-new/train-set/objaverse/128/colmap/005c6969267343b9a247e8970aeb01eb/images,/project/ricky/splatformer-data-new/train-set/objaverse/128/nerfstudio/005c6969267343b9a247e8970aeb01eb/splatfacto/nerfstudio_models/step-000010001.ckpt,128,55140,,,
005c71d003e24a588bc203d578de416c,processed,,512,/project/ricky/splatformer-data-new/train-set/objaverse/512/colmap/005c71d003e24a588bc203d578de416c/images,/project/ricky/splatformer-data-new/train-set/objaverse/512/nerfstudio/005c71d003e24a588bc203d578de416c/splatfacto/nerfstudio_models/step-000010001.ckpt,128,35748,,,
005c71d003e24a588bc203d578de416c,processed,,128,/project/ricky/splatformer-data-new/train-set/objaverse/128/colmap/005c71d003e24a588bc203d578de416c/images,/project/ricky/splatformer-data-new/train-set/objaverse/128/nerfstudio/005c71d003e24a588bc203d578de416c/splatfacto/nerfstudio_models/step-000010001.ckpt,128,14853,,,
005e3725b8d9484e94a71aeb9495aea6,processed,,512,/project/ricky/splatformer-data-new/train-set/objaverse/512/colmap/005e3725b8d9484e94a71aeb9495aea6/images,/project/ricky/splatformer-data-new/train-set/objaverse/512/nerfstudio/005e3725b8d9484e94a71aeb9495aea6/splatfacto/nerfstudio_models/step-000010001.ckpt,128,52165,,,
005e3725b8d9484e94a71aeb9495aea6,processed,,128,/project/ricky/splatformer-data-new/train-set/objaverse/128/colmap/005e3725b8d9484e94a71aeb9495aea6/images,/project/ricky/splatformer-data-new/train-set/objaverse/128/nerfstudio/005e3725b8d9484e94a71aeb9495aea6/splatfacto/nerfstudio_models/step-000010001.ckpt,128,34754,,,
005f5630a54b442291aeb0a5d487353b,processed,,512,/project/ricky/splatformer-data-new/train-set/objaverse/512/colmap/005f5630a54b442291aeb0a5d487353b/images,/project/ricky/splatformer-data-new/train-set/objaverse/512/nerfstudio/005f5630a54b442291aeb0a5d487353b/splatfacto/nerfstudio_models/step-000010001.ckpt,128,19702,,,
005f5630a54b442291aeb0a5d487353b,processed,,128,/project/ricky/splatformer-data-new/train-set/objaverse/128/colmap/005f5630a54b442291aeb0a5d487353b/images,/project/ricky/splatformer-data-new/train-set/objaverse/128/nerfstudio/005f5630a54b442291aeb0a5d487353b/splatfacto/nerfstudio_models/step-000010001.ckpt,128,33456,,,
00602ef508784e5384665aacaaf1f3a0,processed,,512,/project/ricky/splatformer-data-new/train-set/objaverse/512/colmap/00602ef508784e5384665aacaaf1f3a0/images,/project/ricky/splatformer-data-new/train-set/objaverse/512/nerfstudio/00602ef508784e5384665aacaaf1f3a0/splatfacto/nerfstudio_models/step-000010001.ckpt,128,34634,,,
00602ef508784e5384665aacaaf1f3a0,processed,,128,/project/ricky/splatformer-data-new/train-set/objaverse/128/colmap/00602ef508784e5384665aacaaf1f3a0/images,/project/ricky/splatformer-data-new/train-set/objaverse/128/nerfstudio/00602ef508784e5384665aacaaf1f3a0/splatfacto/nerfstudio_models/step-000010001.ckpt,128,18739,,,
0060af6f4da24224a4770eea54685ecf,processed,,512,/project/ricky/splatformer-data-new/train-set/objaverse/512/colmap/0060af6f4da24224a4770eea54685ecf/images,/project/ricky/splatformer-data-new/train-set/objaverse/512/nerfstudio/0060af6f4da24224a4770eea54685ecf/splatfacto/nerfstudio_models/step-000010001.ckpt,128,75413,,,
0060af6f4da24224a4770eea54685ecf,processed,,128,/project/ricky/splatformer-data-new/train-set/objaverse/128/colmap/0060af6f4da24224a4770eea54685ecf/images,/project/ricky/splatformer-data-new/train-set/objaverse/128/nerfstudio/0060af6f4da24224a4770eea54685ecf/splatfacto/nerfstudio_models/step-000010001.ckpt,128,61973,,,
00613a37109548a992c8b81238f941ae,processed,,512,/project/ricky/splatformer-data-new/train-set/objaverse/512/colmap/00613a37109548a992c8b81238f941ae/images,/project/ricky/splatformer-data-new/train-set/objaverse/512/nerfstudio/00613a37109548a992c8b81238f941ae/splatfacto/nerfstudio_models/step-000010001.ckpt,128,29847,,,
00613a37109548a992c8b81238f941ae,processed,,128,/project/ricky/splatformer-data-new/train-set/objaverse/128/colmap/00613a37109548a992c8b81238f941ae/images,/project/ricky/splatformer-data-new/train-set/objaverse/128/nerfstudio/00613a37109548a992c8b81238f941ae/splatfacto/nerfstudio_models/step-000010001.ckpt,128,18873,,,
00616f328a8b4b5a8e689f61e70758b6,processed,,512,/project/ricky/splatformer-data-new/train-set/objaverse/512/colmap/00616f328a8b4b5a8e689f61e70758b6/images,/project/ricky/splatformer-data-new/train-set/objaverse/512/nerfstudio/00616f328a8b4b5a8e689f61e70758b6/splatfacto/nerfstudio_models/step-000010001.ckpt,128,37539,,,
00616f328a8b4b5a8e689f61e70758b6,processed,,128,/project/ricky/splatformer-data-new/train-set/objaverse/128/colmap/00616f328a8b4b5a8e689f61e70758b6/images,/project/ricky/splatformer-data-new/train-set/objaverse/128/nerfstudio/00616f328a8b4b5a8e689f61e70758b6/splatfacto/nerfstudio_models/step-000010001.ckpt,128,27926,,,
0061788e0741400c82289337a24af4f6,processed,,512,/project/ricky/splatformer-data-new/train-set/objaverse/512/colmap/0061788e0741400c82289337a24af4f6/images,/project/ricky/splatformer-data-new/train-set/objaverse/512/nerfstudio/0061788e0741400c82289337a24af4f6/splatfacto/nerfstudio_models/step-000010001.ckpt,128,85054,,,
0061788e0741400c82289337a24af4f6,processed,,128,/project/ricky/splatformer-data-new/train-set/objaverse/128/colmap/0061788e0741400c82289337a24af4f6/images,/project/ricky/splatformer-data-new/train-set/objaverse/128/nerfstudio/0061788e0741400c82289337a24af4f6/splatfacto/nerfstudio_models/step-000010001.ckpt,128,40457,,,
0061cdbbceef476a98025f10e19f5d13,processed,,512,/project/ricky/splatformer-data-new/train-set/objaverse/512/colmap/0061cdbbceef476a98025f10e19f5d13/images,/project/ricky/splatformer-data-new/train-set/objaverse/512/nerfstudio/0061cdbbceef476a98025f10e19f5d13/splatfacto/nerfstudio_models/step-000010001.ckpt,128,77090,,,
0061cdbbceef476a98025f10e19f5d13,processed,,128,/project/ricky/splatformer-data-new/train-set/objaverse/128/colmap/0061cdbbceef476a98025f10e19f5d13/images,/project/ricky/splatformer-data-new/train-set/objaverse/128/nerfstudio/0061cdbbceef476a98025f10e19f5d13/splatfacto/nerfstudio_models/step-000010001.ckpt,128,27444,,,
0061ff00a6654020bcbf3b2be53affca,processed,,512,/project/ricky/splatformer-data-new/train-set/objaverse/512/colmap/0061ff00a6654020bcbf3b2be53affca/images,/project/ricky/splatformer-data-new/train-set/objaverse/512/nerfstudio/0061ff00a6654020bcbf3b2be53affca/splatfacto/nerfstudio_models/step-000010001.ckpt,128,84199,,,
0061ff00a6654020bcbf3b2be53affca,processed,,128,/project/ricky/splatformer-data-new/train-set/objaverse/128/colmap/0061ff00a6654020bcbf3b2be53affca/images,/project/ricky/splatformer-data-new/train-set/objaverse/128/nerfstudio/0061ff00a6654020bcbf3b2be53affca/splatfacto/nerfstudio_models/step-000010001.ckpt,128,39871,,,
006257bdfc744ff2acafb6136a19dfb2,processed,,512,/project/ricky/splatformer-data-new/train-set/objaverse/512/colmap/006257bdfc744ff2acafb6136a19dfb2/images,/project/ricky/splatformer-data-new/train-set/objaverse/512/nerfstudio/006257bdfc744ff2acafb6136a19dfb2/splatfacto/nerfstudio_models/step-000010001.ckpt,128,48187,,,
006257bdfc744ff2acafb6136a19dfb2,processed,,128,/project/ricky/splatformer-data-new/train-set/objaverse/128/colmap/006257bdfc744ff2acafb6136a19dfb2/images,/project/ricky/splatformer-data-new/train-set/objaverse/128/nerfstudio/006257bdfc744ff2acafb6136a19dfb2/splatfacto/nerfstudio_models/step-000010001.ckpt,128,42399,,,
0062ed8ced2543119511e29683be9bc4,processed,,512,/project/ricky/splatformer-data-new/train-set/objaverse/512/colmap/0062ed8ced2543119511e29683be9bc4/images,/project/ricky/splatformer-data-new/train-set/objaverse/512/nerfstudio/0062ed8ced2543119511e29683be9bc4/splatfacto/nerfstudio_models/step-000010001.ckpt,128,96042,,,
0062ed8ced2543119511e29683be9bc4,processed,,128,/project/ricky/splatformer-data-new/train-set/objaverse/128/colmap/0062ed8ced2543119511e29683be9bc4/images,/project/ricky/splatformer-data-new/train-set/objaverse/128/nerfstudio/0062ed8ced2543119511e29683be9bc4/splatfacto/nerfstudio_models/step-000010001.ckpt,128,51155,,,
006373e3885b472cb5538fc570235fcf,processed,,512,/project/ricky/splatformer-data-new/train-set/objaverse/512/colmap/006373e3885b472cb5538fc570235fcf/images,/project/ricky/splatformer-data-new/train-set/objaverse/512/nerfstudio/006373e3885b472cb5538fc570235fcf/splatfacto/nerfstudio_models/step-000010001.ckpt,128,99181,,,
006373e3885b472cb5538fc570235fcf,processed,,128,/project/ricky/splatformer-data-new/train-set/objaverse/128/colmap/006373e3885b472cb5538fc570235fcf/images,/project/ricky/splatformer-data-new/train-set/objaverse/128/nerfstudio/006373e3885b472cb5538fc570235fcf/splatfacto/nerfstudio_models/step-000010001.ckpt,128,94659,,,
00639701ca0641638b097a4cec0ee052,processed,,512,/project/ricky/splatformer-data-new/train-set/objaverse/512/colmap/00639701ca0641638b097a4cec0ee052/images,/project/ricky/splatformer-data-new/train-set/objaverse/512/nerfstudio/00639701ca0641638b097a4cec0ee052/splatfacto/nerfstudio_models/step-000010001.ckpt,128,116538,,,
00639701ca0641638b097a4cec0ee052,processed,,128,/project/ricky/splatformer-data-new/train-set/objaverse/128/colmap/00639701ca0641638b097a4cec0ee052/images,/project/ricky/splatformer-data-new/train-set/objaverse/128/nerfstudio/00639701ca0641638b097a4cec0ee052/splatfacto/nerfstudio_models/step-000010001.ckpt,128,116107,,,
0063b7abfd74484cbc9f59d29adae594,processed,,512,/project/ricky/splatformer-data-new/train-set/objaverse/512/colmap/0063b7abfd74484cbc9f59d29adae594/images,/project/ricky/splatformer-data-new/train-set/objaverse/512/nerfstudio/0063b7abfd74484cbc9f59d29adae594/splatfacto/nerfstudio_models/step-000010001.ckpt,128,14619,,,
0063b7abfd74484cbc9f59d29adae594,processed,,128,/project/ricky/splatformer-data-new/train-set/objaverse/128/colmap/0063b7abfd74484cbc9f59d29adae594/images,/project/ricky/splatformer-data-new/train-set/objaverse/128/nerfstudio/0063b7abfd74484cbc9f59d29adae594/splatfacto/nerfstudio_models/step-000010001.ckpt,128,2325,,,
00642d469eaa4b8f9a86abd68e1cc769,processed,,512,/project/ricky/splatformer-data-new/train-set/objaverse/512/colmap/00642d469eaa4b8f9a86abd68e1cc769/images,/project/ricky/splatformer-data-new/train-set/objaverse/512/nerfstudio/00642d469eaa4b8f9a86abd68e1cc769/splatfacto/nerfstudio_models/step-000010001.ckpt,128,185874,,,
00642d469eaa4b8f9a86abd68e1cc769,processed,,128,/project/ricky/splatformer-data-new/train-set/objaverse/128/colmap/00642d469eaa4b8f9a86abd68e1cc769/images,/project/ricky/splatformer-data-new/train-set/objaverse/128/nerfstudio/00642d469eaa4b8f9a86abd68e1cc769/splatfacto/nerfstudio_models/step-000010001.ckpt,128,155598,,,
00646d6f0c33406386a56a82b4b984e1,processed,,512,/project/ricky/splatformer-data-new/train-set/objaverse/512/colmap/00646d6f0c33406386a56a82b4b984e1/images,/project/ricky/splatformer-data-new/train-set/objaverse/512/nerfstudio/00646d6f0c33406386a56a82b4b984e1/splatfacto/nerfstudio_models/step-000010001.ckpt,128,111732,,,
00646d6f0c33406386a56a82b4b984e1,processed,,128,/project/ricky/splatformer-data-new/train-set/objaverse/128/colmap/00646d6f0c33406386a56a82b4b984e1/images,/project/ricky/splatformer-data-new/train-set/objaverse/128/nerfstudio/00646d6f0c33406386a56a82b4b984e1/splatfacto/nerfstudio_models/step-000010001.ckpt,128,75180,,,
0064add4992b426cb2f862e5875ebf6d,processed,,512,/project/ricky/splatformer-data-new/train-set/objaverse/512/colmap/0064add4992b426cb2f862e5875ebf6d/images,/project/ricky/splatformer-data-new/train-set/objaverse/512/nerfstudio/0064add4992b426cb2f862e5875ebf6d/splatfacto/nerfstudio_models/step-000010001.ckpt,128,90472,,,
0064add4992b426cb2f862e5875ebf6d,processed,,128,/project/ricky/splatformer-data-new/train-set/objaverse/128/colmap/0064add4992b426cb2f862e5875ebf6d/images,/project/ricky/splatformer-data-new/train-set/objaverse/128/nerfstudio/0064add4992b426cb2f862e5875ebf6d/splatfacto/nerfstudio_models/step-000010001.ckpt,128,58529,,,
00666ba716854842afd59e9d304c5597,processed,,512,/project/ricky/splatformer-data-new/train-set/objaverse/512/colmap/00666ba716854842afd59e9d304c5597/images,/project/ricky/splatformer-data-new/train-set/objaverse/512/nerfstudio/00666ba716854842afd59e9d304c5597/splatfacto/nerfstudio_models/step-000010001.ckpt,128,36230,,,
00666ba716854842afd59e9d304c5597,processed,,128,/project/ricky/splatformer-data-new/train-set/objaverse/128/colmap/00666ba716854842afd59e9d304c5597/images,/project/ricky/splatformer-data-new/train-set/objaverse/128/nerfstudio/00666ba716854842afd59e9d304c5597/splatfacto/nerfstudio_models/step-000010001.ckpt,128,37922,,,
00668ccda7b841c1ab3ca69f303d1b1c,processed,,512,/project/ricky/splatformer-data-new/train-set/objaverse/512/colmap/00668ccda7b841c1ab3ca69f303d1b1c/images,/project/ricky/splatformer-data-new/train-set/objaverse/512/nerfstudio/00668ccda7b841c1ab3ca69f303d1b1c/splatfacto/nerfstudio_models/step-000010001.ckpt,128,25834,,,
00668ccda7b841c1ab3ca69f303d1b1c,processed,,128,/project/ricky/splatformer-data-new/train-set/objaverse/128/colmap/00668ccda7b841c1ab3ca69f303d1b1c/images,/project/ricky/splatformer-data-new/train-set/objaverse/128/nerfstudio/00668ccda7b841c1ab3ca69f303d1b1c/splatfacto/nerfstudio_models/step-000010001.ckpt,128,20340,,,
0068a53f561d4dccbaef45841107a42d,processed,,512,/project/ricky/splatformer-data-new/train-set/objaverse/512/colmap/0068a53f561d4dccbaef45841107a42d/images,/project/ricky/splatformer-data-new/train-set/objaverse/512/nerfstudio/0068a53f561d4dccbaef45841107a42d/splatfacto/nerfstudio_models/step-000010001.ckpt,128,38213,,,
0068a53f561d4dccbaef45841107a42d,processed,,128,/project/ricky/splatformer-data-new/train-set/objaverse/128/colmap/0068a53f561d4dccbaef45841107a42d/images,/project/ricky/splatformer-data-new/train-set/objaverse/128/nerfstudio/0068a53f561d4dccbaef45841107a42d/splatfacto/nerfstudio_models/step-000010001.ckpt,128,32822,,,
006c3cf0236e413292d9c2180e1b60ba,processed,,512,/project/ricky/splatformer-data-new/train-set/objaverse/512/colmap/006c3cf0236e413292d9c2180e1b60ba/images,/project/ricky/splatformer-data-new/train-set/objaverse/512/nerfstudio/006c3cf0236e413292d9c2180e1b60ba/splatfacto/nerfstudio_models/step-000010001.ckpt,128,44278,,,
006c3cf0236e413292d9c2180e1b60ba,processed,,128,/project/ricky/splatformer-data-new/train-set/objaverse/128/colmap/006c3cf0236e413292d9c2180e1b60ba/images,/project/ricky/splatformer-data-new/train-set/objaverse/128/nerfstudio/006c3cf0236e413292d9c2180e1b60ba/splatfacto/nerfstudio_models/step-000010001.ckpt,128,29956,,,
006d1922549f4f83a87158c46c8f8ea8,processed,,512,/project/ricky/splatformer-data-new/train-set/objaverse/512/colmap/006d1922549f4f83a87158c46c8f8ea8/images,/project/ricky/splatformer-data-new/train-set/objaverse/512/nerfstudio/006d1922549f4f83a87158c46c8f8ea8/splatfacto/nerfstudio_models/step-000010001.ckpt,128,49239,,,
006d1922549f4f83a87158c46c8f8ea8,processed,,128,/project/ricky/splatformer-data-new/train-set/objaverse/128/colmap/006d1922549f4f83a87158c46c8f8ea8/images,/project/ricky/splatformer-data-new/train-set/objaverse/128/nerfstudio/006d1922549f4f83a87158c46c8f8ea8/splatfacto/nerfstudio_models/step-000010001.ckpt,128,74931,,,
006e7b49840645f4854f5350e5923169,processed,,512,/project/ricky/splatformer-data-new/train-set/objaverse/512/colmap/006e7b49840645f4854f5350e5923169/images,/project/ricky/splatformer-data-new/train-set/objaverse/512/nerfstudio/006e7b49840645f4854f5350e5923169/splatfacto/nerfstudio_models/step-000010001.ckpt,128,19201,,,
006e7b49840645f4854f5350e5923169,processed,,128,/project/ricky/splatformer-data-new/train-set/objaverse/128/colmap/006e7b49840645f4854f5350e5923169/images,/project/ricky/splatformer-data-new/train-set/objaverse/128/nerfstudio/006e7b49840645f4854f5350e5923169/splatfacto/nerfstudio_models/step-000010001.ckpt,128,695,,,
006f67e28eb44b388c202039ef5d9496,processed,,512,/project/ricky/splatformer-data-new/train-set/objaverse/512/colmap/006f67e28eb44b388c202039ef5d9496/images,/project/ricky/splatformer-data-new/train-set/objaverse/512/nerfstudio/006f67e28eb44b388c202039ef5d9496/splatfacto/nerfstudio_models/step-000010001.ckpt,128,164383,,,
006f67e28eb44b388c202039ef5d9496,processed,,128,/project/ricky/splatformer-data-new/train-set/objaverse/128/colmap/006f67e28eb44b388c202039ef5d9496/images,/project/ricky/splatformer-data-new/train-set/objaverse/128/nerfstudio/006f67e28eb44b388c202039ef5d9496/splatfacto/nerfstudio_models/step-000010001.ckpt,128,95921,,,
006f9ea413b0486b94e77db226de0e8d,processed,,512,/project/ricky/splatformer-data-new/train-set/objaverse/512/colmap/006f9ea413b0486b94e77db226de0e8d/images,/project/ricky/splatformer-data-new/train-set/objaverse/512/nerfstudio/006f9ea413b0486b94e77db226de0e8d/splatfacto/nerfstudio_models/step-000010001.ckpt,128,78647,,,
006f9ea413b0486b94e77db226de0e8d,processed,,128,/project/ricky/splatformer-data-new/train-set/objaverse/128/colmap/006f9ea413b0486b94e77db226de0e8d/images,/project/ricky/splatformer-data-new/train-set/objaverse/128/nerfstudio/006f9ea413b0486b94e77db226de0e8d/splatfacto/nerfstudio_models/step-000010001.ckpt,128,28632,,,
0071593d2a654cf89bcf52402c266c4c,processed,,512,/project/ricky/splatformer-data-new/train-set/objaverse/512/colmap/0071593d2a654cf89bcf52402c266c4c/images,/project/ricky/splatformer-data-new/train-set/objaverse/512/nerfstudio/0071593d2a654cf89bcf52402c266c4c/splatfacto/nerfstudio_models/step-000010001.ckpt,128,126209,,,
0071593d2a654cf89bcf52402c266c4c,processed,,128,/project/ricky/splatformer-data-new/train-set/objaverse/128/colmap/0071593d2a654cf89bcf52402c266c4c/images,/project/ricky/splatformer-data-new/train-set/objaverse/128/nerfstudio/0071593d2a654cf89bcf52402c266c4c/splatfacto/nerfstudio_models/step-000010001.ckpt,128,20105,,,
00725d07417645c2a488a911baa51045,processed,,512,/project/ricky/splatformer-data-new/train-set/objaverse/512/colmap/00725d07417645c2a488a911baa51045/images,/project/ricky/splatformer-data-new/train-set/objaverse/512/nerfstudio/00725d07417645c2a488a911baa51045/splatfacto/nerfstudio_models/step-000010001.ckpt,128,43384,,,
00725d07417645c2a488a911baa51045,processed,,128,/project/ricky/splatformer-data-new/train-set/objaverse/128/colmap/00725d07417645c2a488a911baa51045/images,/project/ricky/splatformer-data-new/train-set/objaverse/128/nerfstudio/00725d07417645c2a488a911baa51045/splatfacto/nerfstudio_models/step-000010001.ckpt,128,45504,,,
0073f94df6fe405eae5185fef6ba7b51,processed,,512,/project/ricky/splatformer-data-new/train-set/objaverse/512/colmap/0073f94df6fe405eae5185fef6ba7b51/images,/project/ricky/splatformer-data-new/train-set/objaverse/512/nerfstudio/0073f94df6fe405eae5185fef6ba7b51/splatfacto/nerfstudio_models/step-000010001.ckpt,128,39124,,,
0073f94df6fe405eae5185fef6ba7b51,processed,,128,/project/ricky/splatformer-data-new/train-set/objaverse/128/colmap/0073f94df6fe405eae5185fef6ba7b51/images,/project/ricky/splatformer-data-new/train-set/objaverse/128/nerfstudio/0073f94df6fe405eae5185fef6ba7b51/splatfacto/nerfstudio_models/step-000010001.ckpt,128,37321,,,
00781a2bfbcc426b8db901d37409461b,processed,,512,/project/ricky/splatformer-data-new/train-set/objaverse/512/colmap/00781a2bfbcc426b8db901d37409461b/images,/project/ricky/splatformer-data-new/train-set/objaverse/512/nerfstudio/00781a2bfbcc426b8db901d37409461b/splatfacto/nerfstudio_models/step-000010001.ckpt,128,54473,,,
00781a2bfbcc426b8db901d37409461b,processed,,128,/project/ricky/splatformer-data-new/train-set/objaverse/128/colmap/00781a2bfbcc426b8db901d37409461b/images,/project/ricky/splatformer-data-new/train-set/objaverse/128/nerfstudio/00781a2bfbcc426b8db901d37409461b/splatfacto/nerfstudio_models/step-000010001.ckpt,128,32689,,,
00785dade17c470c90a14c90b75b896c,processed,,512,/project/ricky/splatformer-data-new/train-set/objaverse/512/colmap/00785dade17c470c90a14c90b75b896c/images,/project/ricky/splatformer-data-new/train-set/objaverse/512/nerfstudio/00785dade17c470c90a14c90b75b896c/splatfacto/nerfstudio_models/step-000010001.ckpt,128,17516,,,
00785dade17c470c90a14c90b75b896c,processed,,128,/project/ricky/splatformer-data-new/train-set/objaverse/128/colmap/00785dade17c470c90a14c90b75b896c/images,/project/ricky/splatformer-data-new/train-set/objaverse/128/nerfstudio/00785dade17c470c90a14c90b75b896c/splatfacto/nerfstudio_models/step-000010001.ckpt,128,19973,,,
00789f70315b4c4a83f0262f4af2c7ae,processed,,512,/project/ricky/splatformer-data-new/train-set/objaverse/512/colmap/00789f70315b4c4a83f0262f4af2c7ae/images,/project/ricky/splatformer-data-new/train-set/objaverse/512/nerfstudio/00789f70315b4c4a83f0262f4af2c7ae/splatfacto/nerfstudio_models/step-000010001.ckpt,128,44119,,,
00789f70315b4c4a83f0262f4af2c7ae,processed,,128,/project/ricky/splatformer-data-new/train-set/objaverse/128/colmap/00789f70315b4c4a83f0262f4af2c7ae/images,/project/ricky/splatformer-data-new/train-set/objaverse/128/nerfstudio/00789f70315b4c4a83f0262f4af2c7ae/splatfacto/nerfstudio_models/step-000010001.ckpt,128,33600,,,
00790c705e4c4a1fbc0af9bf5c9e9525,processed,,512,/project/ricky/splatformer-data-new/train-set/objaverse/512/colmap/00790c705e4c4a1fbc0af9bf5c9e9525/images,/project/ricky/splatformer-data-new/train-set/objaverse/512/nerfstudio/00790c705e4c4a1fbc0af9bf5c9e9525/splatfacto/nerfstudio_models/step-000010001.ckpt,128,159747,,,
00790c705e4c4a1fbc0af9bf5c9e9525,processed,,128,/project/ricky/splatformer-data-new/train-set/objaverse/128/colmap/00790c705e4c4a1fbc0af9bf5c9e9525/images,/project/ricky/splatformer-data-new/train-set/objaverse/128/nerfstudio/00790c705e4c4a1fbc0af9bf5c9e9525/splatfacto/nerfstudio_models/step-000010001.ckpt,128,83476,,,
0079263d92a34e76aa68c90cf1c58a7e,processed,,512,/project/ricky/splatformer-data-new/train-set/objaverse/512/colmap/0079263d92a34e76aa68c90cf1c58a7e/images,/project/ricky/splatformer-data-new/train-set/objaverse/512/nerfstudio/0079263d92a34e76aa68c90cf1c58a7e/splatfacto/nerfstudio_models/step-000010001.ckpt,128,46458,,,
0079263d92a34e76aa68c90cf1c58a7e,processed,,128,/project/ricky/splatformer-data-new/train-set/objaverse/128/colmap/0079263d92a34e76aa68c90cf1c58a7e/images,/project/ricky/splatformer-data-new/train-set/objaverse/128/nerfstudio/0079263d92a34e76aa68c90cf1c58a7e/splatfacto/nerfstudio_models/step-000010001.ckpt,128,24301,,,
0079418517784f2bbf0aec6fd8de3cde,processed,,512,/project/ricky/splatformer-data-new/train-set/objaverse/512/colmap/0079418517784f2bbf0aec6fd8de3cde/images,/project/ricky/splatformer-data-new/train-set/objaverse/512/nerfstudio/0079418517784f2bbf0aec6fd8de3cde/splatfacto/nerfstudio_models/step-000010001.ckpt,128,32306,,,
0079418517784f2bbf0aec6fd8de3cde,processed,,128,/project/ricky/splatformer-data-new/train-set/objaverse/128/colmap/0079418517784f2bbf0aec6fd8de3cde/images,/project/ricky/splatformer-data-new/train-set/objaverse/128/nerfstudio/0079418517784f2bbf0aec6fd8de3cde/splatfacto/nerfstudio_models/step-000010001.ckpt,128,17822,,,
007967d5ee3b40578d5913c24f9079ff,processed,,512,/project/ricky/splatformer-data-new/train-set/objaverse/512/colmap/007967d5ee3b40578d5913c24f9079ff/images,/project/ricky/splatformer-data-new/train-set/objaverse/512/nerfstudio/007967d5ee3b40578d5913c24f9079ff/splatfacto/nerfstudio_models/step-000010001.ckpt,128,186597,,,
007967d5ee3b40578d5913c24f9079ff,processed,,128,/project/ricky/splatformer-data-new/train-set/objaverse/128/colmap/007967d5ee3b40578d5913c24f9079ff/images,/project/ricky/splatformer-data-new/train-set/objaverse/128/nerfstudio/007967d5ee3b40578d5913c24f9079ff/splatfacto/nerfstudio_models/step-000010001.ckpt,128,25067,,,
0079c590a90f40a3822c47e9ef7076ba,processed,,512,/project/ricky/splatformer-data-new/train-set/objaverse/512/colmap/0079c590a90f40a3822c47e9ef7076ba/images,/project/ricky/splatformer-data-new/train-set/objaverse/512/nerfstudio/0079c590a90f40a3822c47e9ef7076ba/splatfacto/nerfstudio_models/step-000010001.ckpt,128,69168,,,
0079c590a90f40a3822c47e9ef7076ba,processed,,128,/project/ricky/splatformer-data-new/train-set/objaverse/128/colmap/0079c590a90f40a3822c47e9ef7076ba/images,/project/ricky/splatformer-data-new/train-set/objaverse/128/nerfstudio/0079c590a90f40a3822c47e9ef7076ba/splatfacto/nerfstudio_models/step-000010001.ckpt,128,19673,,,
007ae70f09ee47ed9023be5e33515fe9,processed,,512,/project/ricky/splatformer-data-new/train-set/objaverse/512/colmap/007ae70f09ee47ed9023be5e33515fe9/images,/project/ricky/splatformer-data-new/train-set/objaverse/512/nerfstudio/007ae70f09ee47ed9023be5e33515fe9/splatfacto/nerfstudio_models/step-000010001.ckpt,128,61855,,,
007ae70f09ee47ed9023be5e33515fe9,processed,,128,/project/ricky/splatformer-data-new/train-set/objaverse/128/colmap/007ae70f09ee47ed9023be5e33515fe9/images,/project/ricky/splatformer-data-new/train-set/objaverse/128/nerfstudio/007ae70f09ee47ed9023be5e33515fe9/splatfacto/nerfstudio_models/step-000010001.ckpt,128,36221,,,
007c4f51e2b6471eb586e117b98e4360,processed,,512,/project/ricky/splatformer-data-new/train-set/objaverse/512/colmap/007c4f51e2b6471eb586e117b98e4360/images,/project/ricky/splatformer-data-new/train-set/objaverse/512/nerfstudio/007c4f51e2b6471eb586e117b98e4360/splatfacto/nerfstudio_models/step-000010001.ckpt,128,68812,,,
007c4f51e2b6471eb586e117b98e4360,processed,,128,/project/ricky/splatformer-data-new/train-set/objaverse/128/colmap/007c4f51e2b6471eb586e117b98e4360/images,/project/ricky/splatformer-data-new/train-set/objaverse/128/nerfstudio/007c4f51e2b6471eb586e117b98e4360/splatfacto/nerfstudio_models/step-000010001.ckpt,128,34829,,,
007c5e5aa91a4389a50cce6c514d8479,processed,,512,/project/ricky/splatformer-data-new/train-set/objaverse/512/colmap/007c5e5aa91a4389a50cce6c514d8479/images,/project/ricky/splatformer-data-new/train-set/objaverse/512/nerfstudio/007c5e5aa91a4389a50cce6c514d8479/splatfacto/nerfstudio_models/step-000010001.ckpt,128,41888,,,
007c5e5aa91a4389a50cce6c514d8479,processed,,128,/project/ricky/splatformer-data-new/train-set/objaverse/128/colmap/007c5e5aa91a4389a50cce6c514d8479/images,/project/ricky/splatformer-data-new/train-set/objaverse/128/nerfstudio/007c5e5aa91a4389a50cce6c514d8479/splatfacto/nerfstudio_models/step-000010001.ckpt,128,22050,,,
007d333aee494fcaba4a3f42a608c805,processed,,512,/project/ricky/splatformer-data-new/train-set/objaverse/512/colmap/007d333aee494fcaba4a3f42a608c805/images,/project/ricky/splatformer-data-new/train-set/objaverse/512/nerfstudio/007d333aee494fcaba4a3f42a608c805/splatfacto/nerfstudio_models/step-000010001.ckpt,128,67577,,,
007d333aee494fcaba4a3f42a608c805,processed,,128,/project/ricky/splatformer-data-new/train-set/objaverse/128/colmap/007d333aee494fcaba4a3f42a608c805/images,/project/ricky/splatformer-data-new/train-set/objaverse/128/nerfstudio/007d333aee494fcaba4a3f42a608c805/splatfacto/nerfstudio_models/step-000010001.ckpt,128,66575,,,
007e3768ed644fd792857df8d9809a59,processed,,512,/project/ricky/splatformer-data-new/train-set/objaverse/512/colmap/007e3768ed644fd792857df8d9809a59/images,/project/ricky/splatformer-data-new/train-set/objaverse/512/nerfstudio/007e3768ed644fd792857df8d9809a59/splatfacto/nerfstudio_models/step-000010001.ckpt,128,453075,,,
007e3768ed644fd792857df8d9809a59,processed,,128,/project/ricky/splatformer-data-new/train-set/objaverse/128/colmap/007e3768ed644fd792857df8d9809a59/images,/project/ricky/splatformer-data-new/train-set/objaverse/128/nerfstudio/007e3768ed644fd792857df8d9809a59/splatfacto/nerfstudio_models/step-000010001.ckpt,128,105140,,,
0080d6c1a36742ea9d2cf05b28e9bb66,processed,,512,/project/ricky/splatformer-data-new/train-set/objaverse/512/colmap/0080d6c1a36742ea9d2cf05b28e9bb66/images,/project/ricky/splatformer-data-new/train-set/objaverse/512/nerfstudio/0080d6c1a36742ea9d2cf05b28e9bb66/splatfacto/nerfstudio_models/step-000010001.ckpt,128,190299,,,
0080d6c1a36742ea9d2cf05b28e9bb66,processed,,128,/project/ricky/splatformer-data-new/train-set/objaverse/128/colmap/0080d6c1a36742ea9d2cf05b28e9bb66/images,/project/ricky/splatformer-data-new/train-set/objaverse/128/nerfstudio/0080d6c1a36742ea9d2cf05b28e9bb66/splatfacto/nerfstudio_models/step-000010001.ckpt,128,87877,,,
00813550f3364defb55ce8a0e92fbd25,processed,,512,/project/ricky/splatformer-data-new/train-set/objaverse/512/colmap/00813550f3364defb55ce8a0e92fbd25/images,/project/ricky/splatformer-data-new/train-set/objaverse/512/nerfstudio/00813550f3364defb55ce8a0e92fbd25/splatfacto/nerfstudio_models/step-000010001.ckpt,128,75018,,,
00813550f3364defb55ce8a0e92fbd25,processed,,128,/project/ricky/splatformer-data-new/train-set/objaverse/128/colmap/00813550f3364defb55ce8a0e92fbd25/images,/project/ricky/splatformer-data-new/train-set/objaverse/128/nerfstudio/00813550f3364defb55ce8a0e92fbd25/splatfacto/nerfstudio_models/step-000010001.ckpt,128,57423,,,
0081617b2cc54312a1eaaab71b4ec283,processed,,512,/project/ricky/splatformer-data-new/train-set/objaverse/512/colmap/0081617b2cc54312a1eaaab71b4ec283/images,/project/ricky/splatformer-data-new/train-set/objaverse/512/nerfstudio/0081617b2cc54312a1eaaab71b4ec283/splatfacto/nerfstudio_models/step-000010001.ckpt,128,41408,,,
0081617b2cc54312a1eaaab71b4ec283,processed,,128,/project/ricky/splatformer-data-new/train-set/objaverse/128/colmap/0081617b2cc54312a1eaaab71b4ec283/images,/project/ricky/splatformer-data-new/train-set/objaverse/128/nerfstudio/0081617b2cc54312a1eaaab71b4ec283/splatfacto/nerfstudio_models/step-000010001.ckpt,128,16511,,,
00817f77d34846dcab3806bcecdf01b6,processed,,512,/project/ricky/splatformer-data-new/train-set/objaverse/512/colmap/00817f77d34846dcab3806bcecdf01b6/images,/project/ricky/splatformer-data-new/train-set/objaverse/512/nerfstudio/00817f77d34846dcab3806bcecdf01b6/splatfacto/nerfstudio_models/step-000010001.ckpt,128,46410,,,
00817f77d34846dcab3806bcecdf01b6,processed,,128,/project/ricky/splatformer-data-new/train-set/objaverse/128/colmap/00817f77d34846dcab3806bcecdf01b6/images,/project/ricky/splatformer-data-new/train-set/objaverse/128/nerfstudio/00817f77d34846dcab3806bcecdf01b6/splatfacto/nerfstudio_models/step-000010001.ckpt,128,35362,,,
00820ef5fe4843cf8beef97281048215,processed,,512,/project/ricky/splatformer-data-new/train-set/objaverse/512/colmap/00820ef5fe4843cf8beef97281048215/images,/project/ricky/splatformer-data-new/train-set/objaverse/512/nerfstudio/00820ef5fe4843cf8beef97281048215/splatfacto/nerfstudio_models/step-000010001.ckpt,128,114622,,,
00820ef5fe4843cf8beef97281048215,processed,,128,/project/ricky/splatformer-data-new/train-set/objaverse/128/colmap/00820ef5fe4843cf8beef97281048215/images,/project/ricky/splatformer-data-new/train-set/objaverse/128/nerfstudio/00820ef5fe4843cf8beef97281048215/splatfacto/nerfstudio_models/step-000010001.ckpt,128,50501,,,
0083fa5f10a442408e0f3f88df19c8ad,processed,,512,/project/ricky/splatformer-data-new/train-set/objaverse/512/colmap/0083fa5f10a442408e0f3f88df19c8ad/images,/project/ricky/splatformer-data-new/train-set/objaverse/512/nerfstudio/0083fa5f10a442408e0f3f88df19c8ad/splatfacto/nerfstudio_models/step-000010001.ckpt,128,63328,,,
0083fa5f10a442408e0f3f88df19c8ad,processed,,128,/project/ricky/splatformer-data-new/train-set/objaverse/128/colmap/0083fa5f10a442408e0f3f88df19c8ad/images,/project/ricky/splatformer-data-new/train-set/objaverse/128/nerfstudio/0083fa5f10a442408e0f3f88df19c8ad/splatfacto/nerfstudio_models/step-000010001.ckpt,128,58846,,,
0083febbffb7450ab7995f41e2a6275d,processed,,512,/project/ricky/splatformer-data-new/train-set/objaverse/512/colmap/0083febbffb7450ab7995f41e2a6275d/images,/project/ricky/splatformer-data-new/train-set/objaverse/512/nerfstudio/0083febbffb7450ab7995f41e2a6275d/splatfacto/nerfstudio_models/step-000010001.ckpt,128,47554,,,
0083febbffb7450ab7995f41e2a6275d,processed,,128,/project/ricky/splatformer-data-new/train-set/objaverse/128/colmap/0083febbffb7450ab7995f41e2a6275d/images,/project/ricky/splatformer-data-new/train-set/objaverse/128/nerfstudio/0083febbffb7450ab7995f41e2a6275d/splatfacto/nerfstudio_models/step-000010001.ckpt,128,49972,,,
0084f2a137bd46b6829f136800b6270b,processed,,512,/project/ricky/splatformer-data-new/train-set/objaverse/512/colmap/0084f2a137bd46b6829f136800b6270b/images,/project/ricky/splatformer-data-new/train-set/objaverse/512/nerfstudio/0084f2a137bd46b6829f136800b6270b/splatfacto/nerfstudio_models/step-000010001.ckpt,128,105005,,,
0084f2a137bd46b6829f136800b6270b,processed,,128,/project/ricky/splatformer-data-new/train-set/objaverse/128/colmap/0084f2a137bd46b6829f136800b6270b/images,/project/ricky/splatformer-data-new/train-set/objaverse/128/nerfstudio/0084f2a137bd46b6829f136800b6270b/splatfacto/nerfstudio_models/step-000010001.ckpt,128,85916,,,
0085bf600f3a4201b54d68eef517efb0,processed,,512,/project/ricky/splatformer-data-new/train-set/objaverse/512/colmap/0085bf600f3a4201b54d68eef517efb0/images,/project/ricky/splatformer-data-new/train-set/objaverse/512/nerfstudio/0085bf600f3a4201b54d68eef517efb0/splatfacto/nerfstudio_models/step-000010001.ckpt,128,64120,,,
0085bf600f3a4201b54d68eef517efb0,processed,,128,/project/ricky/splatformer-data-new/train-set/objaverse/128/colmap/0085bf600f3a4201b54d68eef517efb0/images,/project/ricky/splatformer-data-new/train-set/objaverse/128/nerfstudio/0085bf600f3a4201b54d68eef517efb0/splatfacto/nerfstudio_models/step-000010001.ckpt,128,37497,,,
0087a62214cd41859e4e8c273c118a26,processed,,512,/project/ricky/splatformer-data-new/train-set/objaverse/512/colmap/0087a62214cd41859e4e8c273c118a26/images,/project/ricky/splatformer-data-new/train-set/objaverse/512/nerfstudio/0087a62214cd41859e4e8c273c118a26/splatfacto/nerfstudio_models/step-000010001.ckpt,128,63772,,,
0087a62214cd41859e4e8c273c118a26,processed,,128,/project/ricky/splatformer-data-new/train-set/objaverse/128/colmap/0087a62214cd41859e4e8c273c118a26/images,/project/ricky/splatformer-data-new/train-set/objaverse/128/nerfstudio/0087a62214cd41859e4e8c273c118a26/splatfacto/nerfstudio_models/step-000010001.ckpt,128,38417,,,
0087dc01648d4cc792a7d1e49848b825,processed,,512,/project/ricky/splatformer-data-new/train-set/objaverse/512/colmap/0087dc01648d4cc792a7d1e49848b825/images,/project/ricky/splatformer-data-new/train-set/objaverse/512/nerfstudio/0087dc01648d4cc792a7d1e49848b825/splatfacto/nerfstudio_models/step-000010001.ckpt,128,37831,,,
0087dc01648d4cc792a7d1e49848b825,processed,,128,/project/ricky/splatformer-data-new/train-set/objaverse/128/colmap/0087dc01648d4cc792a7d1e49848b825/images,/project/ricky/splatformer-data-new/train-set/objaverse/128/nerfstudio/0087dc01648d4cc792a7d1e49848b825/splatfacto/nerfstudio_models/step-000010001.ckpt,128,41732,,,
00880e3095534192973a34ba730c45c9,processed,,512,/project/ricky/splatformer-data-new/train-set/objaverse/512/colmap/00880e3095534192973a34ba730c45c9/images,/project/ricky/splatformer-data-new/train-set/objaverse/512/nerfstudio/00880e3095534192973a34ba730c45c9/splatfacto/nerfstudio_models/step-000010001.ckpt,128,18628,,,
00880e3095534192973a34ba730c45c9,processed,,128,/project/ricky/splatformer-data-new/train-set/objaverse/128/colmap/00880e3095534192973a34ba730c45c9/images,/project/ricky/splatformer-data-new/train-set/objaverse/128/nerfstudio/00880e3095534192973a34ba730c45c9/splatfacto/nerfstudio_models/step-000010001.ckpt,128,23750,,,
008882333fc545468f70467434950e9b,processed,,512,/project/ricky/splatformer-data-new/train-set/objaverse/512/colmap/008882333fc545468f70467434950e9b/images,/project/ricky/splatformer-data-new/train-set/objaverse/512/nerfstudio/008882333fc545468f70467434950e9b/splatfacto/nerfstudio_models/step-000010001.ckpt,128,25512,,,
008882333fc545468f70467434950e9b,processed,,128,/project/ricky/splatformer-data-new/train-set/objaverse/128/colmap/008882333fc545468f70467434950e9b/images,/project/ricky/splatformer-data-new/train-set/objaverse/128/nerfstudio/008882333fc545468f70467434950e9b/splatfacto/nerfstudio_models/step-000010001.ckpt,128,19934,,,
0089c9803159480fa6904a28d056f3fe,processed,,512,/project/ricky/splatformer-data-new/train-set/objaverse/512/colmap/0089c9803159480fa6904a28d056f3fe/images,/project/ricky/splatformer-data-new/train-set/objaverse/512/nerfstudio/0089c9803159480fa6904a28d056f3fe/splatfacto/nerfstudio_models/step-000010001.ckpt,128,30124,,,
0089c9803159480fa6904a28d056f3fe,processed,,128,/project/ricky/splatformer-data-new/train-set/objaverse/128/colmap/0089c9803159480fa6904a28d056f3fe/images,/project/ricky/splatformer-data-new/train-set/objaverse/128/nerfstudio/0089c9803159480fa6904a28d056f3fe/splatfacto/nerfstudio_models/step-000010001.ckpt,128,12448,,,
0089f41f3f194a9c8068feefc3a503a0,processed,,512,/project/ricky/splatformer-data-new/train-set/objaverse/512/colmap/0089f41f3f194a9c8068feefc3a503a0/images,/project/ricky/splatformer-data-new/train-set/objaverse/512/nerfstudio/0089f41f3f194a9c8068feefc3a503a0/splatfacto/nerfstudio_models/step-000010001.ckpt,128,28841,,,
0089f41f3f194a9c8068feefc3a503a0,processed,,128,/project/ricky/splatformer-data-new/train-set/objaverse/128/colmap/0089f41f3f194a9c8068feefc3a503a0/images,/project/ricky/splatformer-data-new/train-set/objaverse/128/nerfstudio/0089f41f3f194a9c8068feefc3a503a0/splatfacto/nerfstudio_models/step-000010001.ckpt,128,24375,,,
008a0b9867c241a190eb5941f5b4dffb,processed,,512,/project/ricky/splatformer-data-new/train-set/objaverse/512/colmap/008a0b9867c241a190eb5941f5b4dffb/images,/project/ricky/splatformer-data-new/train-set/objaverse/512/nerfstudio/008a0b9867c241a190eb5941f5b4dffb/splatfacto/nerfstudio_models/step-000010001.ckpt,128,26152,,,
008a0b9867c241a190eb5941f5b4dffb,processed,,128,/project/ricky/splatformer-data-new/train-set/objaverse/128/colmap/008a0b9867c241a190eb5941f5b4dffb/images,/project/ricky/splatformer-data-new/train-set/objaverse/128/nerfstudio/008a0b9867c241a190eb5941f5b4dffb/splatfacto/nerfstudio_models/step-000010001.ckpt,128,36308,,,
008a72f0e6be408cbf90c81966789547,processed,,512,/project/ricky/splatformer-data-new/train-set/objaverse/512/colmap/008a72f0e6be408cbf90c81966789547/images,/project/ricky/splatformer-data-new/train-set/objaverse/512/nerfstudio/008a72f0e6be408cbf90c81966789547/splatfacto/nerfstudio_models/step-000010001.ckpt,128,199924,,,
008a72f0e6be408cbf90c81966789547,processed,,128,/project/ricky/splatformer-data-new/train-set/objaverse/128/colmap/008a72f0e6be408cbf90c81966789547/images,/project/ricky/splatformer-data-new/train-set/objaverse/128/nerfstudio/008a72f0e6be408cbf90c81966789547/splatfacto/nerfstudio_models/step-000010001.ckpt,128,93941,,,
008d5485506f496b81365ffc11c07c93,processed,,512,/project/ricky/splatformer-data-new/train-set/objaverse/512/colmap/008d5485506f496b81365ffc11c07c93/images,/project/ricky/splatformer-data-new/train-set/objaverse/512/nerfstudio/008d5485506f496b81365ffc11c07c93/splatfacto/nerfstudio_models/step-000010001.ckpt,128,112977,,,
008d5485506f496b81365ffc11c07c93,processed,,128,/project/ricky/splatformer-data-new/train-set/objaverse/128/colmap/008d5485506f496b81365ffc11c07c93/images,/project/ricky/splatformer-data-new/train-set/objaverse/128/nerfstudio/008d5485506f496b81365ffc11c07c93/splatfacto/nerfstudio_models/step-000010001.ckpt,128,54414,,,
008daeeb47284a37b467cfed9e9afc52,processed,,512,/project/ricky/splatformer-data-new/train-set/objaverse/512/colmap/008daeeb47284a37b467cfed9e9afc52/images,/project/ricky/splatformer-data-new/train-set/objaverse/512/nerfstudio/008daeeb47284a37b467cfed9e9afc52/splatfacto/nerfstudio_models/step-000010001.ckpt,128,58507,,,
008daeeb47284a37b467cfed9e9afc52,processed,,128,/project/ricky/splatformer-data-new/train-set/objaverse/128/colmap/008daeeb47284a37b467cfed9e9afc52/images,/project/ricky/splatformer-data-new/train-set/objaverse/128/nerfstudio/008daeeb47284a37b467cfed9e9afc52/splatfacto/nerfstudio_models/step-000010001.ckpt,128,44147,,,
008e436f6b884dbaa4ae8fd0dc2420fa,processed,,512,/project/ricky/splatformer-data-new/train-set/objaverse/512/colmap/008e436f6b884dbaa4ae8fd0dc2420fa/images,/project/ricky/splatformer-data-new/train-set/objaverse/512/nerfstudio/008e436f6b884dbaa4ae8fd0dc2420fa/splatfacto/nerfstudio_models/step-000010001.ckpt,128,127577,,,
008e436f6b884dbaa4ae8fd0dc2420fa,processed,,128,/project/ricky/splatformer-data-new/train-set/objaverse/128/colmap/008e436f6b884dbaa4ae8fd0dc2420fa/images,/project/ricky/splatformer-data-new/train-set/objaverse/128/nerfstudio/008e436f6b884dbaa4ae8fd0dc2420fa/splatfacto/nerfstudio_models/step-000010001.ckpt,128,58005,,,
008e9eacb9044b11b358a0c2bdae1934,processed,,512,/project/ricky/splatformer-data-new/train-set/objaverse/512/colmap/008e9eacb9044b11b358a0c2bdae1934/images,/project/ricky/splatformer-data-new/train-set/objaverse/512/nerfstudio/008e9eacb9044b11b358a0c2bdae1934/splatfacto/nerfstudio_models/step-000010001.ckpt,128,41079,,,
008e9eacb9044b11b358a0c2bdae1934,processed,,128,/project/ricky/splatformer-data-new/train-set/objaverse/128/colmap/008e9eacb9044b11b358a0c2bdae1934/images,/project/ricky/splatformer-data-new/train-set/objaverse/128/nerfstudio/008e9eacb9044b11b358a0c2bdae1934/splatfacto/nerfstudio_models/step-000010001.ckpt,128,55273,,,
008f28b256ce4380ab3cfee5638744a2,processed,,512,/project/ricky/splatformer-data-new/train-set/objaverse/512/colmap/008f28b256ce4380ab3cfee5638744a2/images,/project/ricky/splatformer-data-new/train-set/objaverse/512/nerfstudio/008f28b256ce4380ab3cfee5638744a2/splatfacto/nerfstudio_models/step-000010001.ckpt,128,66540,,,
008f28b256ce4380ab3cfee5638744a2,processed,,128,/project/ricky/splatformer-data-new/train-set/objaverse/128/colmap/008f28b256ce4380ab3cfee5638744a2/images,/project/ricky/splatformer-data-new/train-set/objaverse/128/nerfstudio/008f28b256ce4380ab3cfee5638744a2/splatfacto/nerfstudio_models/step-000010001.ckpt,128,71819,,,
008f409e27ce4476ad2bae449a26c92a,processed,,512,/project/ricky/splatformer-data-new/train-set/objaverse/512/colmap/008f409e27ce4476ad2bae449a26c92a/images,/project/ricky/splatformer-data-new/train-set/objaverse/512/nerfstudio/008f409e27ce4476ad2bae449a26c92a/splatfacto/nerfstudio_models/step-000010001.ckpt,128,50724,,,
008f409e27ce4476ad2bae449a26c92a,processed,,128,/project/ricky/splatformer-data-new/train-set/objaverse/128/colmap/008f409e27ce4476ad2bae449a26c92a/images,/project/ricky/splatformer-data-new/train-set/objaverse/128/nerfstudio/008f409e27ce4476ad2bae449a26c92a/splatfacto/nerfstudio_models/step-000010001.ckpt,128,22499,,,
008fa2672e174c6892d0369311ef6ab5,processed,,512,/project/ricky/splatformer-data-new/train-set/objaverse/512/colmap/008fa2672e174c6892d0369311ef6ab5/images,/project/ricky/splatformer-data-new/train-set/objaverse/512/nerfstudio/008fa2672e174c6892d0369311ef6ab5/splatfacto/nerfstudio_models/step-000010001.ckpt,128,92775,,,
008fa2672e174c6892d0369311ef6ab5,processed,,128,/project/ricky/splatformer-data-new/train-set/objaverse/128/colmap/008fa2672e174c6892d0369311ef6ab5/images,/project/ricky/splatformer-data-new/train-set/objaverse/128/nerfstudio/008fa2672e174c6892d0369311ef6ab5/splatfacto/nerfstudio_models/step-000010001.ckpt,128,49917,,,
008fda58985040279284e7498dd30c49,processed,,512,/project/ricky/splatformer-data-new/train-set/objaverse/512/colmap/008fda58985040279284e7498dd30c49/images,/project/ricky/splatformer-data-new/train-set/objaverse/512/nerfstudio/008fda58985040279284e7498dd30c49/splatfacto/nerfstudio_models/step-000010001.ckpt,128,73923,,,
008fda58985040279284e7498dd30c49,processed,,128,/project/ricky/splatformer-data-new/train-set/objaverse/128/colmap/008fda58985040279284e7498dd30c49/images,/project/ricky/splatformer-data-new/train-set/objaverse/128/nerfstudio/008fda58985040279284e7498dd30c49/splatfacto/nerfstudio_models/step-000010001.ckpt,128,74206,,,
009059d29da14895b557112bcd43f39c,processed,,512,/project/ricky/splatformer-data-new/train-set/objaverse/512/colmap/009059d29da14895b557112bcd43f39c/images,/project/ricky/splatformer-data-new/train-set/objaverse/512/nerfstudio/009059d29da14895b557112bcd43f39c/splatfacto/nerfstudio_models/step-000010001.ckpt,128,35825,,,
009059d29da14895b557112bcd43f39c,processed,,128,/project/ricky/splatformer-data-new/train-set/objaverse/128/colmap/009059d29da14895b557112bcd43f39c/images,/project/ricky/splatformer-data-new/train-set/objaverse/128/nerfstudio/009059d29da14895b557112bcd43f39c/splatfacto/nerfstudio_models/step-000010001.ckpt,128,34318,,,
00931524d5d74718ab5b6b9348f6d669,processed,,512,/project/ricky/splatformer-data-new/train-set/objaverse/512/colmap/00931524d5d74718ab5b6b9348f6d669/images,/project/ricky/splatformer-data-new/train-set/objaverse/512/nerfstudio/00931524d5d74718ab5b6b9348f6d669/splatfacto/nerfstudio_models/step-000010001.ckpt,128,41593,,,
00931524d5d74718ab5b6b9348f6d669,processed,,128,/project/ricky/splatformer-data-new/train-set/objaverse/128/colmap/00931524d5d74718ab5b6b9348f6d669/images,/project/ricky/splatformer-data-new/train-set/objaverse/128/nerfstudio/00931524d5d74718ab5b6b9348f6d669/splatfacto/nerfstudio_models/step-000010001.ckpt,128,39961,,,
0093866a726d45408c8935f9ba7c83ad,processed,,512,/project/ricky/splatformer-data-new/train-set/objaverse/512/colmap/0093866a726d45408c8935f9ba7c83ad/images,/project/ricky/splatformer-data-new/train-set/objaverse/512/nerfstudio/0093866a726d45408c8935f9ba7c83ad/splatfacto/nerfstudio_models/step-000010001.ckpt,128,66875,,,
0093866a726d45408c8935f9ba7c83ad,processed,,128,/project/ricky/splatformer-data-new/train-set/objaverse/128/colmap/0093866a726d45408c8935f9ba7c83ad/images,/project/ricky/splatformer-data-new/train-set/objaverse/128/nerfstudio/0093866a726d45408c8935f9ba7c83ad/splatfacto/nerfstudio_models/step-000010001.ckpt,128,62956,,,
00944cf00144496dad2e14b5e2efc852,processed,,512,/project/ricky/splatformer-data-new/train-set/objaverse/512/colmap/00944cf00144496dad2e14b5e2efc852/images,/project/ricky/splatformer-data-new/train-set/objaverse/512/nerfstudio/00944cf00144496dad2e14b5e2efc852/splatfacto/nerfstudio_models/step-000010001.ckpt,128,41694,,,
00944cf00144496dad2e14b5e2efc852,processed,,128,/project/ricky/splatformer-data-new/train-set/objaverse/128/colmap/00944cf00144496dad2e14b5e2efc852/images,/project/ricky/splatformer-data-new/train-set/objaverse/128/nerfstudio/00944cf00144496dad2e14b5e2efc852/splatfacto/nerfstudio_models/step-000010001.ckpt,128,19290,,,
0094a479f29643138bb870cca1e73c68,processed,,512,/project/ricky/splatformer-data-new/train-set/objaverse/512/colmap/0094a479f29643138bb870cca1e73c68/images,/project/ricky/splatformer-data-new/train-set/objaverse/512/nerfstudio/0094a479f29643138bb870cca1e73c68/splatfacto/nerfstudio_models/step-000010001.ckpt,128,57738,,,
0094a479f29643138bb870cca1e73c68,processed,,128,/project/ricky/splatformer-data-new/train-set/objaverse/128/colmap/0094a479f29643138bb870cca1e73c68/images,/project/ricky/splatformer-data-new/train-set/objaverse/128/nerfstudio/0094a479f29643138bb870cca1e73c68/splatfacto/nerfstudio_models/step-000010001.ckpt,128,37378,,,
009570a416b446d584dab5daae442ecc,processed,,512,/project/ricky/splatformer-data-new/train-set/objaverse/512/colmap/009570a416b446d584dab5daae442ecc/images,/project/ricky/splatformer-data-new/train-set/objaverse/512/nerfstudio/009570a416b446d584dab5daae442ecc/splatfacto/nerfstudio_models/step-000010001.ckpt,128,143474,,,
009570a416b446d584dab5daae442ecc,processed,,128,/project/ricky/splatformer-data-new/train-set/objaverse/128/colmap/009570a416b446d584dab5daae442ecc/images,/project/ricky/splatformer-data-new/train-set/objaverse/128/nerfstudio/009570a416b446d584dab5daae442ecc/splatfacto/nerfstudio_models/step-000010001.ckpt,128,83399,,,
0095d182e5ea4040a32f4887ea4798ba,processed,,512,/project/ricky/splatformer-data-new/train-set/objaverse/512/colmap/0095d182e5ea4040a32f4887ea4798ba/images,/project/ricky/splatformer-data-new/train-set/objaverse/512/nerfstudio/0095d182e5ea4040a32f4887ea4798ba/splatfacto/nerfstudio_models/step-000010001.ckpt,128,195799,,,
0095d182e5ea4040a32f4887ea4798ba,processed,,128,/project/ricky/splatformer-data-new/train-set/objaverse/128/colmap/0095d182e5ea4040a32f4887ea4798ba/images,/project/ricky/splatformer-data-new/train-set/objaverse/128/nerfstudio/0095d182e5ea4040a32f4887ea4798ba/splatfacto/nerfstudio_models/step-000010001.ckpt,128,106356,,,
00978a128283411582590096643ec101,skipped,missing_nerfstudio_scene_512,,,,,,,,
00983ed04ef14cdc8559aea115b49174,processed,,512,/project/ricky/splatformer-data-new/train-set/objaverse/512/colmap/00983ed04ef14cdc8559aea115b49174/images,/project/ricky/splatformer-data-new/train-set/objaverse/512/nerfstudio/00983ed04ef14cdc8559aea115b49174/splatfacto/nerfstudio_models/step-000010001.ckpt,128,26962,,,
00983ed04ef14cdc8559aea115b49174,processed,,128,/project/ricky/splatformer-data-new/train-set/objaverse/128/colmap/00983ed04ef14cdc8559aea115b49174/images,/project/ricky/splatformer-data-new/train-set/objaverse/128/nerfstudio/00983ed04ef14cdc8559aea115b49174/splatfacto/nerfstudio_models/step-000010001.ckpt,128,27116,,,
00a0bec7eaab4977a2acdd3e3ecc4a14,processed,,512,/project/ricky/splatformer-data-new/train-set/objaverse/512/colmap/00a0bec7eaab4977a2acdd3e3ecc4a14/images,/project/ricky/splatformer-data-new/train-set/objaverse/512/nerfstudio/00a0bec7eaab4977a2acdd3e3ecc4a14/splatfacto/nerfstudio_models/step-000010001.ckpt,128,43302,,,
00a0bec7eaab4977a2acdd3e3ecc4a14,processed,,128,/project/ricky/splatformer-data-new/train-set/objaverse/128/colmap/00a0bec7eaab4977a2acdd3e3ecc4a14/images,/project/ricky/splatformer-data-new/train-set/objaverse/128/nerfstudio/00a0bec7eaab4977a2acdd3e3ecc4a14/splatfacto/nerfstudio_models/step-000010001.ckpt,128,37313,,,
00a14b69e71c42ac85da7e1c9f4b9237,processed,,512,/project/ricky/splatformer-data-new/train-set/objaverse/512/colmap/00a14b69e71c42ac85da7e1c9f4b9237/images,/project/ricky/splatformer-data-new/train-set/objaverse/512/nerfstudio/00a14b69e71c42ac85da7e1c9f4b9237/splatfacto/nerfstudio_models/step-000010001.ckpt,128,10973,,,
00a14b69e71c42ac85da7e1c9f4b9237,processed,,128,/project/ricky/splatformer-data-new/train-set/objaverse/128/colmap/00a14b69e71c42ac85da7e1c9f4b9237/images,/project/ricky/splatformer-data-new/train-set/objaverse/128/nerfstudio/00a14b69e71c42ac85da7e1c9f4b9237/splatfacto/nerfstudio_models/step-000010001.ckpt,128,13907,,,
00a39d27c30b4f81ae1f475d46b63c02,processed,,512,/project/ricky/splatformer-data-new/train-set/objaverse/512/colmap/00a39d27c30b4f81ae1f475d46b63c02/images,/project/ricky/splatformer-data-new/train-set/objaverse/512/nerfstudio/00a39d27c30b4f81ae1f475d46b63c02/splatfacto/nerfstudio_models/step-000010001.ckpt,128,438697,,,
00a39d27c30b4f81ae1f475d46b63c02,processed,,128,/project/ricky/splatformer-data-new/train-set/objaverse/128/colmap/00a39d27c30b4f81ae1f475d46b63c02/images,/project/ricky/splatformer-data-new/train-set/objaverse/128/nerfstudio/00a39d27c30b4f81ae1f475d46b63c02/splatfacto/nerfstudio_models/step-000010001.ckpt,128,63899,,,
00a3fd32ff5a4f8582a30f5a2b7897e2,processed,,512,/project/ricky/splatformer-data-new/train-set/objaverse/512/colmap/00a3fd32ff5a4f8582a30f5a2b7897e2/images,/project/ricky/splatformer-data-new/train-set/objaverse/512/nerfstudio/00a3fd32ff5a4f8582a30f5a2b7897e2/splatfacto/nerfstudio_models/step-000010001.ckpt,128,25589,,,
00a3fd32ff5a4f8582a30f5a2b7897e2,processed,,128,/project/ricky/splatformer-data-new/train-set/objaverse/128/colmap/00a3fd32ff5a4f8582a30f5a2b7897e2/images,/project/ricky/splatformer-data-new/train-set/objaverse/128/nerfstudio/00a3fd32ff5a4f8582a30f5a2b7897e2/splatfacto/nerfstudio_models/step-000010001.ckpt,128,27363,,,
00a8245e030d471586128e82cb3a8c89,processed,,512,/project/ricky/splatformer-data-new/train-set/objaverse/512/colmap/00a8245e030d471586128e82cb3a8c89/images,/project/ricky/splatformer-data-new/train-set/objaverse/512/nerfstudio/00a8245e030d471586128e82cb3a8c89/splatfacto/nerfstudio_models/step-000010001.ckpt,128,20998,,,
00a8245e030d471586128e82cb3a8c89,processed,,128,/project/ricky/splatformer-data-new/train-set/objaverse/128/colmap/00a8245e030d471586128e82cb3a8c89/images,/project/ricky/splatformer-data-new/train-set/objaverse/128/nerfstudio/00a8245e030d471586128e82cb3a8c89/splatfacto/nerfstudio_models/step-000010001.ckpt,128,23253,,,
00abb9bb2d174130a96a4910b5f923d1,processed,,512,/project/ricky/splatformer-data-new/train-set/objaverse/512/colmap/00abb9bb2d174130a96a4910b5f923d1/images,/project/ricky/splatformer-data-new/train-set/objaverse/512/nerfstudio/00abb9bb2d174130a96a4910b5f923d1/splatfacto/nerfstudio_models/step-000010001.ckpt,128,81971,,,
00abb9bb2d174130a96a4910b5f923d1,processed,,128,/project/ricky/splatformer-data-new/train-set/objaverse/128/colmap/00abb9bb2d174130a96a4910b5f923d1/images,/project/ricky/splatformer-data-new/train-set/objaverse/128/nerfstudio/00abb9bb2d174130a96a4910b5f923d1/splatfacto/nerfstudio_models/step-000010001.ckpt,128,10320,,,
00af1bd2c73d4d44af160850af97ba10,processed,,512,/project/ricky/splatformer-data-new/train-set/objaverse/512/colmap/00af1bd2c73d4d44af160850af97ba10/images,/project/ricky/splatformer-data-new/train-set/objaverse/512/nerfstudio/00af1bd2c73d4d44af160850af97ba10/splatfacto/nerfstudio_models/step-000010001.ckpt,128,40078,,,
00af1bd2c73d4d44af160850af97ba10,processed,,128,/project/ricky/splatformer-data-new/train-set/objaverse/128/colmap/00af1bd2c73d4d44af160850af97ba10/images,/project/ricky/splatformer-data-new/train-set/objaverse/128/nerfstudio/00af1bd2c73d4d44af160850af97ba10/splatfacto/nerfstudio_models/step-000010001.ckpt,128,38726,,,
00b17c06bbd442ed8e97b9a17168884a,processed,,512,/project/ricky/splatformer-data-new/train-set/objaverse/512/colmap/00b17c06bbd442ed8e97b9a17168884a/images,/project/ricky/splatformer-data-new/train-set/objaverse/512/nerfstudio/00b17c06bbd442ed8e97b9a17168884a/splatfacto/nerfstudio_models/step-000010001.ckpt,128,55402,,,
00b17c06bbd442ed8e97b9a17168884a,processed,,128,/project/ricky/splatformer-data-new/train-set/objaverse/128/colmap/00b17c06bbd442ed8e97b9a17168884a/images,/project/ricky/splatformer-data-new/train-set/objaverse/128/nerfstudio/00b17c06bbd442ed8e97b9a17168884a/splatfacto/nerfstudio_models/step-000010001.ckpt,128,40017,,,
00b721c60fb545de91a6b1c1bb89231d,processed,,512,/project/ricky/splatformer-data-new/train-set/objaverse/512/colmap/00b721c60fb545de91a6b1c1bb89231d/images,/project/ricky/splatformer-data-new/train-set/objaverse/512/nerfstudio/00b721c60fb545de91a6b1c1bb89231d/splatfacto/nerfstudio_models/step-000010001.ckpt,128,14793,,,
00b721c60fb545de91a6b1c1bb89231d,processed,,128,/project/ricky/splatformer-data-new/train-set/objaverse/128/colmap/00b721c60fb545de91a6b1c1bb89231d/images,/project/ricky/splatformer-data-new/train-set/objaverse/128/nerfstudio/00b721c60fb545de91a6b1c1bb89231d/splatfacto/nerfstudio_models/step-000010001.ckpt,128,11966,,,
00b891eb832d48aba0f49a97fff5261e,processed,,512,/project/ricky/splatformer-data-new/train-set/objaverse/512/colmap/00b891eb832d48aba0f49a97fff5261e/images,/project/ricky/splatformer-data-new/train-set/objaverse/512/nerfstudio/00b891eb832d48aba0f49a97fff5261e/splatfacto/nerfstudio_models/step-000010001.ckpt,128,154559,,,
00b891eb832d48aba0f49a97fff5261e,processed,,128,/project/ricky/splatformer-data-new/train-set/objaverse/128/colmap/00b891eb832d48aba0f49a97fff5261e/images,/project/ricky/splatformer-data-new/train-set/objaverse/128/nerfstudio/00b891eb832d48aba0f49a97fff5261e/splatfacto/nerfstudio_models/step-000010001.ckpt,128,69915,,,
00babd549f8942d3b1728ca067ef7763,processed,,512,/project/ricky/splatformer-data-new/train-set/objaverse/512/colmap/00babd549f8942d3b1728ca067ef7763/images,/project/ricky/splatformer-data-new/train-set/objaverse/512/nerfstudio/00babd549f8942d3b1728ca067ef7763/splatfacto/nerfstudio_models/step-000010001.ckpt,128,22614,,,
00babd549f8942d3b1728ca067ef7763,processed,,128,/project/ricky/splatformer-data-new/train-set/objaverse/128/colmap/00babd549f8942d3b1728ca067ef7763/images,/project/ricky/splatformer-data-new/train-set/objaverse/128/nerfstudio/00babd549f8942d3b1728ca067ef7763/splatfacto/nerfstudio_models/step-000010001.ckpt,128,16584,,,
00c1673e7c8e4c2fbc0c9a1084acc067,processed,,512,/project/ricky/splatformer-data-new/train-set/objaverse/512/colmap/00c1673e7c8e4c2fbc0c9a1084acc067/images,/project/ricky/splatformer-data-new/train-set/objaverse/512/nerfstudio/00c1673e7c8e4c2fbc0c9a1084acc067/splatfacto/nerfstudio_models/step-000010001.ckpt,128,36224,,,
00c1673e7c8e4c2fbc0c9a1084acc067,processed,,128,/project/ricky/splatformer-data-new/train-set/objaverse/128/colmap/00c1673e7c8e4c2fbc0c9a1084acc067/images,/project/ricky/splatformer-data-new/train-set/objaverse/128/nerfstudio/00c1673e7c8e4c2fbc0c9a1084acc067/splatfacto/nerfstudio_models/step-000010001.ckpt,128,39482,,,
00c3d0661b6d48d0b792a2d1ed35ed5d,processed,,512,/project/ricky/splatformer-data-new/train-set/objaverse/512/colmap/00c3d0661b6d48d0b792a2d1ed35ed5d/images,/project/ricky/splatformer-data-new/train-set/objaverse/512/nerfstudio/00c3d0661b6d48d0b792a2d1ed35ed5d/splatfacto/nerfstudio_models/step-000010001.ckpt,128,75410,,,
00c3d0661b6d48d0b792a2d1ed35ed5d,processed,,128,/project/ricky/splatformer-data-new/train-set/objaverse/128/colmap/00c3d0661b6d48d0b792a2d1ed35ed5d/images,/project/ricky/splatformer-data-new/train-set/objaverse/128/nerfstudio/00c3d0661b6d48d0b792a2d1ed35ed5d/splatfacto/nerfstudio_models/step-000010001.ckpt,128,42679,,,
00c6ba8c088f45c38b986d2a0ac6584d,processed,,512,/project/ricky/splatformer-data-new/train-set/objaverse/512/colmap/00c6ba8c088f45c38b986d2a0ac6584d/images,/project/ricky/splatformer-data-new/train-set/objaverse/512/nerfstudio/00c6ba8c088f45c38b986d2a0ac6584d/splatfacto/nerfstudio_models/step-000010001.ckpt,128,154473,,,
00c6ba8c088f45c38b986d2a0ac6584d,processed,,128,/project/ricky/splatformer-data-new/train-set/objaverse/128/colmap/00c6ba8c088f45c38b986d2a0ac6584d/images,/project/ricky/splatformer-data-new/train-set/objaverse/128/nerfstudio/00c6ba8c088f45c38b986d2a0ac6584d/splatfacto/nerfstudio_models/step-000010001.ckpt,128,84079,,,
00c7005a1ae74487874a9f518cc25d24,processed,,512,/project/ricky/splatformer-data-new/train-set/objaverse/512/colmap/00c7005a1ae74487874a9f518cc25d24/images,/project/ricky/splatformer-data-new/train-set/objaverse/512/nerfstudio/00c7005a1ae74487874a9f518cc25d24/splatfacto/nerfstudio_models/step-000010001.ckpt,128,71103,,,
00c7005a1ae74487874a9f518cc25d24,processed,,128,/project/ricky/splatformer-data-new/train-set/objaverse/128/colmap/00c7005a1ae74487874a9f518cc25d24/images,/project/ricky/splatformer-data-new/train-set/objaverse/128/nerfstudio/00c7005a1ae74487874a9f518cc25d24/splatfacto/nerfstudio_models/step-000010001.ckpt,128,77803,,,
00cca8d4f8ae4ec793cb6e520d9cacfa,processed,,512,/project/ricky/splatformer-data-new/train-set/objaverse/512/colmap/00cca8d4f8ae4ec793cb6e520d9cacfa/images,/project/ricky/splatformer-data-new/train-set/objaverse/512/nerfstudio/00cca8d4f8ae4ec793cb6e520d9cacfa/splatfacto/nerfstudio_models/step-000010001.ckpt,128,67509,,,
00cca8d4f8ae4ec793cb6e520d9cacfa,processed,,128,/project/ricky/splatformer-data-new/train-set/objaverse/128/colmap/00cca8d4f8ae4ec793cb6e520d9cacfa/images,/project/ricky/splatformer-data-new/train-set/objaverse/128/nerfstudio/00cca8d4f8ae4ec793cb6e520d9cacfa/splatfacto/nerfstudio_models/step-000010001.ckpt,128,43873,,,
00d0891240234f32a549dd6cc7210c5c,processed,,512,/project/ricky/splatformer-data-new/train-set/objaverse/512/colmap/00d0891240234f32a549dd6cc7210c5c/images,/project/ricky/splatformer-data-new/train-set/objaverse/512/nerfstudio/00d0891240234f32a549dd6cc7210c5c/splatfacto/nerfstudio_models/step-000010001.ckpt,128,255800,,,
00d0891240234f32a549dd6cc7210c5c,processed,,128,/project/ricky/splatformer-data-new/train-set/objaverse/128/colmap/00d0891240234f32a549dd6cc7210c5c/images,/project/ricky/splatformer-data-new/train-set/objaverse/128/nerfstudio/00d0891240234f32a549dd6cc7210c5c/splatfacto/nerfstudio_models/step-000010001.ckpt,128,58033,,,
00d1d6bcd21d4e8ea19fb7ab89bfc5ed,processed,,512,/project/ricky/splatformer-data-new/train-set/objaverse/512/colmap/00d1d6bcd21d4e8ea19fb7ab89bfc5ed/images,/project/ricky/splatformer-data-new/train-set/objaverse/512/nerfstudio/00d1d6bcd21d4e8ea19fb7ab89bfc5ed/splatfacto/nerfstudio_models/step-000010001.ckpt,128,112199,,,
00d1d6bcd21d4e8ea19fb7ab89bfc5ed,processed,,128,/project/ricky/splatformer-data-new/train-set/objaverse/128/colmap/00d1d6bcd21d4e8ea19fb7ab89bfc5ed/images,/project/ricky/splatformer-data-new/train-set/objaverse/128/nerfstudio/00d1d6bcd21d4e8ea19fb7ab89bfc5ed/splatfacto/nerfstudio_models/step-000010001.ckpt,128,56465,,,
00d52a2b70434b49939a4738f32cbd12,processed,,512,/project/ricky/splatformer-data-new/train-set/objaverse/512/colmap/00d52a2b70434b49939a4738f32cbd12/images,/project/ricky/splatformer-data-new/train-set/objaverse/512/nerfstudio/00d52a2b70434b49939a4738f32cbd12/splatfacto/nerfstudio_models/step-000010001.ckpt,128,81274,,,
00d52a2b70434b49939a4738f32cbd12,processed,,128,/project/ricky/splatformer-data-new/train-set/objaverse/128/colmap/00d52a2b70434b49939a4738f32cbd12/images,/project/ricky/splatformer-data-new/train-set/objaverse/128/nerfstudio/00d52a2b70434b49939a4738f32cbd12/splatfacto/nerfstudio_models/step-000010001.ckpt,128,36421,,,
00d889fc1b0a4dfaa2847fce94dffd1b,processed,,512,/project/ricky/splatformer-data-new/train-set/objaverse/512/colmap/00d889fc1b0a4dfaa2847fce94dffd1b/images,/project/ricky/splatformer-data-new/train-set/objaverse/512/nerfstudio/00d889fc1b0a4dfaa2847fce94dffd1b/splatfacto/nerfstudio_models/step-000010001.ckpt,128,36941,,,
00d889fc1b0a4dfaa2847fce94dffd1b,processed,,128,/project/ricky/splatformer-data-new/train-set/objaverse/128/colmap/00d889fc1b0a4dfaa2847fce94dffd1b/images,/project/ricky/splatformer-data-new/train-set/objaverse/128/nerfstudio/00d889fc1b0a4dfaa2847fce94dffd1b/splatfacto/nerfstudio_models/step-000010001.ckpt,128,22459,,,
00df89e5842849f19426fdfabe9d18b1,processed,,512,/project/ricky/splatformer-data-new/train-set/objaverse/512/colmap/00df89e5842849f19426fdfabe9d18b1/images,/project/ricky/splatformer-data-new/train-set/objaverse/512/nerfstudio/00df89e5842849f19426fdfabe9d18b1/splatfacto/nerfstudio_models/step-000010001.ckpt,128,67747,,,
00df89e5842849f19426fdfabe9d18b1,processed,,128,/project/ricky/splatformer-data-new/train-set/objaverse/128/colmap/00df89e5842849f19426fdfabe9d18b1/images,/project/ricky/splatformer-data-new/train-set/objaverse/128/nerfstudio/00df89e5842849f19426fdfabe9d18b1/splatfacto/nerfstudio_models/step-000010001.ckpt,128,38982,,,
00df904b692c48a5b7983a49fde4ecf6,processed,,512,/project/ricky/splatformer-data-new/train-set/objaverse/512/colmap/00df904b692c48a5b7983a49fde4ecf6/images,/project/ricky/splatformer-data-new/train-set/objaverse/512/nerfstudio/00df904b692c48a5b7983a49fde4ecf6/splatfacto/nerfstudio_models/step-000010001.ckpt,128,142162,,,
00df904b692c48a5b7983a49fde4ecf6,processed,,128,/project/ricky/splatformer-data-new/train-set/objaverse/128/colmap/00df904b692c48a5b7983a49fde4ecf6/images,/project/ricky/splatformer-data-new/train-set/objaverse/128/nerfstudio/00df904b692c48a5b7983a49fde4ecf6/splatfacto/nerfstudio_models/step-000010001.ckpt,128,18525,,,
00e08f451fb54913893b5ba74ef980c2,processed,,512,/project/ricky/splatformer-data-new/train-set/objaverse/512/colmap/00e08f451fb54913893b5ba74ef980c2/images,/project/ricky/splatformer-data-new/train-set/objaverse/512/nerfstudio/00e08f451fb54913893b5ba74ef980c2/splatfacto/nerfstudio_models/step-000010001.ckpt,128,65131,,,
00e08f451fb54913893b5ba74ef980c2,processed,,128,/project/ricky/splatformer-data-new/train-set/objaverse/128/colmap/00e08f451fb54913893b5ba74ef980c2/images,/project/ricky/splatformer-data-new/train-set/objaverse/128/nerfstudio/00e08f451fb54913893b5ba74ef980c2/splatfacto/nerfstudio_models/step-000010001.ckpt,128,44092,,,
00e3573a08084a639cb7d599b3e7654e,processed,,512,/project/ricky/splatformer-data-new/train-set/objaverse/512/colmap/00e3573a08084a639cb7d599b3e7654e/images,/project/ricky/splatformer-data-new/train-set/objaverse/512/nerfstudio/00e3573a08084a639cb7d599b3e7654e/splatfacto/nerfstudio_models/step-000010001.ckpt,128,76670,,,
00e3573a08084a639cb7d599b3e7654e,processed,,128,/project/ricky/splatformer-data-new/train-set/objaverse/128/colmap/00e3573a08084a639cb7d599b3e7654e/images,/project/ricky/splatformer-data-new/train-set/objaverse/128/nerfstudio/00e3573a08084a639cb7d599b3e7654e/splatfacto/nerfstudio_models/step-000010001.ckpt,128,63992,,,
00e85ab1879a4220887f7a708bc13802,processed,,512,/project/ricky/splatformer-data-new/train-set/objaverse/512/colmap/00e85ab1879a4220887f7a708bc13802/images,/project/ricky/splatformer-data-new/train-set/objaverse/512/nerfstudio/00e85ab1879a4220887f7a708bc13802/splatfacto/nerfstudio_models/step-000010001.ckpt,128,74231,,,
00e85ab1879a4220887f7a708bc13802,processed,,128,/project/ricky/splatformer-data-new/train-set/objaverse/128/colmap/00e85ab1879a4220887f7a708bc13802/images,/project/ricky/splatformer-data-new/train-set/objaverse/128/nerfstudio/00e85ab1879a4220887f7a708bc13802/splatfacto/nerfstudio_models/step-000010001.ckpt,128,45235,,,
00ea4b53b5b046ddb855fb67ff40f49b,processed,,512,/project/ricky/splatformer-data-new/train-set/objaverse/512/colmap/00ea4b53b5b046ddb855fb67ff40f49b/images,/project/ricky/splatformer-data-new/train-set/objaverse/512/nerfstudio/00ea4b53b5b046ddb855fb67ff40f49b/splatfacto/nerfstudio_models/step-000010001.ckpt,128,174916,,,
00ea4b53b5b046ddb855fb67ff40f49b,processed,,128,/project/ricky/splatformer-data-new/train-set/objaverse/128/colmap/00ea4b53b5b046ddb855fb67ff40f49b/images,/project/ricky/splatformer-data-new/train-set/objaverse/128/nerfstudio/00ea4b53b5b046ddb855fb67ff40f49b/splatfacto/nerfstudio_models/step-000010001.ckpt,128,44208,,,
00eb299b29474808ad0d0f8e315fbaba,processed,,512,/project/ricky/splatformer-data-new/train-set/objaverse/512/colmap/00eb299b29474808ad0d0f8e315fbaba/images,/project/ricky/splatformer-data-new/train-set/objaverse/512/nerfstudio/00eb299b29474808ad0d0f8e315fbaba/splatfacto/nerfstudio_models/step-000010001.ckpt,128,66433,,,
00eb299b29474808ad0d0f8e315fbaba,processed,,128,/project/ricky/splatformer-data-new/train-set/objaverse/128/colmap/00eb299b29474808ad0d0f8e315fbaba/images,/project/ricky/splatformer-data-new/train-set/objaverse/128/nerfstudio/00eb299b29474808ad0d0f8e315fbaba/splatfacto/nerfstudio_models/step-000010001.ckpt,128,40673,,,
00ef3806061a435680f24ea9a5b01f23,processed,,512,/project/ricky/splatformer-data-new/train-set/objaverse/512/colmap/00ef3806061a435680f24ea9a5b01f23/images,/project/ricky/splatformer-data-new/train-set/objaverse/512/nerfstudio/00ef3806061a435680f24ea9a5b01f23/splatfacto/nerfstudio_models/step-000010001.ckpt,128,101886,,,
00ef3806061a435680f24ea9a5b01f23,processed,,128,/project/ricky/splatformer-data-new/train-set/objaverse/128/colmap/00ef3806061a435680f24ea9a5b01f23/images,/project/ricky/splatformer-data-new/train-set/objaverse/128/nerfstudio/00ef3806061a435680f24ea9a5b01f23/splatfacto/nerfstudio_models/step-000010001.ckpt,128,51282,,,
00f246a5b5c1499f810ccecd0a0b3d3c,processed,,512,/project/ricky/splatformer-data-new/train-set/objaverse/512/colmap/00f246a5b5c1499f810ccecd0a0b3d3c/images,/project/ricky/splatformer-data-new/train-set/objaverse/512/nerfstudio/00f246a5b5c1499f810ccecd0a0b3d3c/splatfacto/nerfstudio_models/step-000010001.ckpt,128,141252,,,
00f246a5b5c1499f810ccecd0a0b3d3c,processed,,128,/project/ricky/splatformer-data-new/train-set/objaverse/128/colmap/00f246a5b5c1499f810ccecd0a0b3d3c/images,/project/ricky/splatformer-data-new/train-set/objaverse/128/nerfstudio/00f246a5b5c1499f810ccecd0a0b3d3c/splatfacto/nerfstudio_models/step-000010001.ckpt,128,79409,,,
00f47c94c9ad4fe19595421c03989575,processed,,512,/project/ricky/splatformer-data-new/train-set/objaverse/512/colmap/00f47c94c9ad4fe19595421c03989575/images,/project/ricky/splatformer-data-new/train-set/objaverse/512/nerfstudio/00f47c94c9ad4fe19595421c03989575/splatfacto/nerfstudio_models/step-000010001.ckpt,128,68929,,,
00f47c94c9ad4fe19595421c03989575,processed,,128,/project/ricky/splatformer-data-new/train-set/objaverse/128/colmap/00f47c94c9ad4fe19595421c03989575/images,/project/ricky/splatformer-data-new/train-set/objaverse/128/nerfstudio/00f47c94c9ad4fe19595421c03989575/splatfacto/nerfstudio_models/step-000010001.ckpt,128,44791,,,
00f62d07e96a4b3d923eacd939fe4792,processed,,512,/project/ricky/splatformer-data-new/train-set/objaverse/512/colmap/00f62d07e96a4b3d923eacd939fe4792/images,/project/ricky/splatformer-data-new/train-set/objaverse/512/nerfstudio/00f62d07e96a4b3d923eacd939fe4792/splatfacto/nerfstudio_models/step-000010001.ckpt,128,88375,,,
00f62d07e96a4b3d923eacd939fe4792,processed,,128,/project/ricky/splatformer-data-new/train-set/objaverse/128/colmap/00f62d07e96a4b3d923eacd939fe4792/images,/project/ricky/splatformer-data-new/train-set/objaverse/128/nerfstudio/00f62d07e96a4b3d923eacd939fe4792/splatfacto/nerfstudio_models/step-000010001.ckpt,128,45820,,,
00fdec72deab428da907ad8a03f0bdfc,processed,,512,/project/ricky/splatformer-data-new/train-set/objaverse/512/colmap/00fdec72deab428da907ad8a03f0bdfc/images,/project/ricky/splatformer-data-new/train-set/objaverse/512/nerfstudio/00fdec72deab428da907ad8a03f0bdfc/splatfacto/nerfstudio_models/step-000010001.ckpt,128,66523,,,
00fdec72deab428da907ad8a03f0bdfc,processed,,128,/project/ricky/splatformer-data-new/train-set/objaverse/128/colmap/00fdec72deab428da907ad8a03f0bdfc/images,/project/ricky/splatformer-data-new/train-set/objaverse/128/nerfstudio/00fdec72deab428da907ad8a03f0bdfc/splatfacto/nerfstudio_models/step-000010001.ckpt,128,75058,,,
0109fdca23794155ad2db55949e8b0e9,processed,,512,/project/ricky/splatformer-data-new/train-set/objaverse/512/colmap/0109fdca23794155ad2db55949e8b0e9/images,/project/ricky/splatformer-data-new/train-set/objaverse/512/nerfstudio/0109fdca23794155ad2db55949e8b0e9/splatfacto/nerfstudio_models/step-000010001.ckpt,128,38176,,,
0109fdca23794155ad2db55949e8b0e9,processed,,128,/project/ricky/splatformer-data-new/train-set/objaverse/128/colmap/0109fdca23794155ad2db55949e8b0e9/images,/project/ricky/splatformer-data-new/train-set/objaverse/128/nerfstudio/0109fdca23794155ad2db55949e8b0e9/splatfacto/nerfstudio_models/step-000010001.ckpt,128,48744,,,
010a8210cdd447f99d5ed01a2feb303b,processed,,512,/project/ricky/splatformer-data-new/train-set/objaverse/512/colmap/010a8210cdd447f99d5ed01a2feb303b/images,/project/ricky/splatformer-data-new/train-set/objaverse/512/nerfstudio/010a8210cdd447f99d5ed01a2feb303b/splatfacto/nerfstudio_models/step-000010001.ckpt,128,55118,,,
010a8210cdd447f99d5ed01a2feb303b,processed,,128,/project/ricky/splatformer-data-new/train-set/objaverse/128/colmap/010a8210cdd447f99d5ed01a2feb303b/images,/project/ricky/splatformer-data-new/train-set/objaverse/128/nerfstudio/010a8210cdd447f99d5ed01a2feb303b/splatfacto/nerfstudio_models/step-000010001.ckpt,128,28101,,,
010b94c8bb3b4a2388e413f70db24465,processed,,512,/project/ricky/splatformer-data-new/train-set/objaverse/512/colmap/010b94c8bb3b4a2388e413f70db24465/images,/project/ricky/splatformer-data-new/train-set/objaverse/512/nerfstudio/010b94c8bb3b4a2388e413f70db24465/splatfacto/nerfstudio_models/step-000010001.ckpt,128,56058,,,
010b94c8bb3b4a2388e413f70db24465,processed,,128,/project/ricky/splatformer-data-new/train-set/objaverse/128/colmap/010b94c8bb3b4a2388e413f70db24465/images,/project/ricky/splatformer-data-new/train-set/objaverse/128/nerfstudio/010b94c8bb3b4a2388e413f70db24465/splatfacto/nerfstudio_models/step-000010001.ckpt,128,22303,,,
010c226f6dff43f4961b0e60ffa19a56,processed,,512,/project/ricky/splatformer-data-new/train-set/objaverse/512/colmap/010c226f6dff43f4961b0e60ffa19a56/images,/project/ricky/splatformer-data-new/train-set/objaverse/512/nerfstudio/010c226f6dff43f4961b0e60ffa19a56/splatfacto/nerfstudio_models/step-000010001.ckpt,128,50826,,,
010c226f6dff43f4961b0e60ffa19a56,processed,,128,/project/ricky/splatformer-data-new/train-set/objaverse/128/colmap/010c226f6dff43f4961b0e60ffa19a56/images,/project/ricky/splatformer-data-new/train-set/objaverse/128/nerfstudio/010c226f6dff43f4961b0e60ffa19a56/splatfacto/nerfstudio_models/step-000010001.ckpt,128,51159,,,
010d224ef81741a099f256c593ced27b,processed,,512,/project/ricky/splatformer-data-new/train-set/objaverse/512/colmap/010d224ef81741a099f256c593ced27b/images,/project/ricky/splatformer-data-new/train-set/objaverse/512/nerfstudio/010d224ef81741a099f256c593ced27b/splatfacto/nerfstudio_models/step-000010001.ckpt,128,76554,,,
010d224ef81741a099f256c593ced27b,processed,,128,/project/ricky/splatformer-data-new/train-set/objaverse/128/colmap/010d224ef81741a099f256c593ced27b/images,/project/ricky/splatformer-data-new/train-set/objaverse/128/nerfstudio/010d224ef81741a099f256c593ced27b/splatfacto/nerfstudio_models/step-000010001.ckpt,128,34435,,,
010ec37574344060aceaf6d8efbd2a63,processed,,512,/project/ricky/splatformer-data-new/train-set/objaverse/512/colmap/010ec37574344060aceaf6d8efbd2a63/images,/project/ricky/splatformer-data-new/train-set/objaverse/512/nerfstudio/010ec37574344060aceaf6d8efbd2a63/splatfacto/nerfstudio_models/step-000010001.ckpt,128,114912,,,
010ec37574344060aceaf6d8efbd2a63,processed,,128,/project/ricky/splatformer-data-new/train-set/objaverse/128/colmap/010ec37574344060aceaf6d8efbd2a63/images,/project/ricky/splatformer-data-new/train-set/objaverse/128/nerfstudio/010ec37574344060aceaf6d8efbd2a63/splatfacto/nerfstudio_models/step-000010001.ckpt,128,79504,,,
010ee79b43ff41ff874d32e270397dfd,processed,,512,/project/ricky/splatformer-data-new/train-set/objaverse/512/colmap/010ee79b43ff41ff874d32e270397dfd/images,/project/ricky/splatformer-data-new/train-set/objaverse/512/nerfstudio/010ee79b43ff41ff874d32e270397dfd/splatfacto/nerfstudio_models/step-000010001.ckpt,128,70458,,,
010ee79b43ff41ff874d32e270397dfd,processed,,128,/project/ricky/splatformer-data-new/train-set/objaverse/128/colmap/010ee79b43ff41ff874d32e270397dfd/images,/project/ricky/splatformer-data-new/train-set/objaverse/128/nerfstudio/010ee79b43ff41ff874d32e270397dfd/splatfacto/nerfstudio_models/step-000010001.ckpt,128,24137,,,
01147ad1efea498fbfed52bcaa94fbad,processed,,512,/project/ricky/splatformer-data-new/train-set/objaverse/512/colmap/01147ad1efea498fbfed52bcaa94fbad/images,/project/ricky/splatformer-data-new/train-set/objaverse/512/nerfstudio/01147ad1efea498fbfed52bcaa94fbad/splatfacto/nerfstudio_models/step-000010001.ckpt,128,81872,,,
01147ad1efea498fbfed52bcaa94fbad,processed,,128,/project/ricky/splatformer-data-new/train-set/objaverse/128/colmap/01147ad1efea498fbfed52bcaa94fbad/images,/project/ricky/splatformer-data-new/train-set/objaverse/128/nerfstudio/01147ad1efea498fbfed52bcaa94fbad/splatfacto/nerfstudio_models/step-000010001.ckpt,128,70520,,,
0118c33a32604fffae81b45aa8582dec,processed,,512,/project/ricky/splatformer-data-new/train-set/objaverse/512/colmap/0118c33a32604fffae81b45aa8582dec/images,/project/ricky/splatformer-data-new/train-set/objaverse/512/nerfstudio/0118c33a32604fffae81b45aa8582dec/splatfacto/nerfstudio_models/step-000010001.ckpt,128,51636,,,
0118c33a32604fffae81b45aa8582dec,processed,,128,/project/ricky/splatformer-data-new/train-set/objaverse/128/colmap/0118c33a32604fffae81b45aa8582dec/images,/project/ricky/splatformer-data-new/train-set/objaverse/128/nerfstudio/0118c33a32604fffae81b45aa8582dec/splatfacto/nerfstudio_models/step-000010001.ckpt,128,32451,,,
011a82f3b5ec4a1588b2deefaf2fd19f,processed,,512,/project/ricky/splatformer-data-new/train-set/objaverse/512/colmap/011a82f3b5ec4a1588b2deefaf2fd19f/images,/project/ricky/splatformer-data-new/train-set/objaverse/512/nerfstudio/011a82f3b5ec4a1588b2deefaf2fd19f/splatfacto/nerfstudio_models/step-000010001.ckpt,128,35548,,,
011a82f3b5ec4a1588b2deefaf2fd19f,processed,,128,/project/ricky/splatformer-data-new/train-set/objaverse/128/colmap/011a82f3b5ec4a1588b2deefaf2fd19f/images,/project/ricky/splatformer-data-new/train-set/objaverse/128/nerfstudio/011a82f3b5ec4a1588b2deefaf2fd19f/splatfacto/nerfstudio_models/step-000010001.ckpt,128,9880,,,
011dff40aa2543e5b706da971d0781ed,processed,,512,/project/ricky/splatformer-data-new/train-set/objaverse/512/colmap/011dff40aa2543e5b706da971d0781ed/images,/project/ricky/splatformer-data-new/train-set/objaverse/512/nerfstudio/011dff40aa2543e5b706da971d0781ed/splatfacto/nerfstudio_models/step-000010001.ckpt,128,68458,,,
011dff40aa2543e5b706da971d0781ed,processed,,128,/project/ricky/splatformer-data-new/train-set/objaverse/128/colmap/011dff40aa2543e5b706da971d0781ed/images,/project/ricky/splatformer-data-new/train-set/objaverse/128/nerfstudio/011dff40aa2543e5b706da971d0781ed/splatfacto/nerfstudio_models/step-000010001.ckpt,128,36775,,,
0125386deac5465c99141b778c249a8b,processed,,512,/project/ricky/splatformer-data-new/train-set/objaverse/512/colmap/0125386deac5465c99141b778c249a8b/images,/project/ricky/splatformer-data-new/train-set/objaverse/512/nerfstudio/0125386deac5465c99141b778c249a8b/splatfacto/nerfstudio_models/step-000010001.ckpt,128,21266,,,
0125386deac5465c99141b778c249a8b,processed,,128,/project/ricky/splatformer-data-new/train-set/objaverse/128/colmap/0125386deac5465c99141b778c249a8b/images,/project/ricky/splatformer-data-new/train-set/objaverse/128/nerfstudio/0125386deac5465c99141b778c249a8b/splatfacto/nerfstudio_models/step-000010001.ckpt,128,5290,,,
012623df191440e98c776b53eb113e4c,processed,,512,/project/ricky/splatformer-data-new/train-set/objaverse/512/colmap/012623df191440e98c776b53eb113e4c/images,/project/ricky/splatformer-data-new/train-set/objaverse/512/nerfstudio/012623df191440e98c776b53eb113e4c/splatfacto/nerfstudio_models/step-000010001.ckpt,128,60565,,,
012623df191440e98c776b53eb113e4c,processed,,128,/project/ricky/splatformer-data-new/train-set/objaverse/128/colmap/012623df191440e98c776b53eb113e4c/images,/project/ricky/splatformer-data-new/train-set/objaverse/128/nerfstudio/012623df191440e98c776b53eb113e4c/splatfacto/nerfstudio_models/step-000010001.ckpt,128,39829,,,
0129f430225f4eda87b47b8bc248b573,processed,,512,/project/ricky/splatformer-data-new/train-set/objaverse/512/colmap/0129f430225f4eda87b47b8bc248b573/images,/project/ricky/splatformer-data-new/train-set/objaverse/512/nerfstudio/0129f430225f4eda87b47b8bc248b573/splatfacto/nerfstudio_models/step-000010001.ckpt,128,92956,,,
0129f430225f4eda87b47b8bc248b573,processed,,128,/project/ricky/splatformer-data-new/train-set/objaverse/128/colmap/0129f430225f4eda87b47b8bc248b573/images,/project/ricky/splatformer-data-new/train-set/objaverse/128/nerfstudio/0129f430225f4eda87b47b8bc248b573/splatfacto/nerfstudio_models/step-000010001.ckpt,128,82332,,,
012d757c486a4dd2a2c94024aad11fb4,processed,,512,/project/ricky/splatformer-data-new/train-set/objaverse/512/colmap/012d757c486a4dd2a2c94024aad11fb4/images,/project/ricky/splatformer-data-new/train-set/objaverse/512/nerfstudio/012d757c486a4dd2a2c94024aad11fb4/splatfacto/nerfstudio_models/step-000010001.ckpt,128,59732,,,
012d757c486a4dd2a2c94024aad11fb4,processed,,128,/project/ricky/splatformer-data-new/train-set/objaverse/128/colmap/012d757c486a4dd2a2c94024aad11fb4/images,/project/ricky/splatformer-data-new/train-set/objaverse/128/nerfstudio/012d757c486a4dd2a2c94024aad11fb4/splatfacto/nerfstudio_models/step-000010001.ckpt,128,16764,,,
012d9c6acb8d4b538e541fcd7924ee69,processed,,512,/project/ricky/splatformer-data-new/train-set/objaverse/512/colmap/012d9c6acb8d4b538e541fcd7924ee69/images,/project/ricky/splatformer-data-new/train-set/objaverse/512/nerfstudio/012d9c6acb8d4b538e541fcd7924ee69/splatfacto/nerfstudio_models/step-000010001.ckpt,128,52320,,,
012d9c6acb8d4b538e541fcd7924ee69,processed,,128,/project/ricky/splatformer-data-new/train-set/objaverse/128/colmap/012d9c6acb8d4b538e541fcd7924ee69/images,/project/ricky/splatformer-data-new/train-set/objaverse/128/nerfstudio/012d9c6acb8d4b538e541fcd7924ee69/splatfacto/nerfstudio_models/step-000010001.ckpt,128,44172,,,
0130040627f24ddfaa20d67a94b64990,processed,,512,/project/ricky/splatformer-data-new/train-set/objaverse/512/colmap/0130040627f24ddfaa20d67a94b64990/images,/project/ricky/splatformer-data-new/train-set/objaverse/512/nerfstudio/0130040627f24ddfaa20d67a94b64990/splatfacto/nerfstudio_models/step-000010001.ckpt,128,47810,,,
0130040627f24ddfaa20d67a94b64990,processed,,128,/project/ricky/splatformer-data-new/train-set/objaverse/128/colmap/0130040627f24ddfaa20d67a94b64990/images,/project/ricky/splatformer-data-new/train-set/objaverse/128/nerfstudio/0130040627f24ddfaa20d67a94b64990/splatfacto/nerfstudio_models/step-000010001.ckpt,128,52582,,,
013176cfbc8145a0b10c3191ac265e8b,processed,,512,/project/ricky/splatformer-data-new/train-set/objaverse/512/colmap/013176cfbc8145a0b10c3191ac265e8b/images,/project/ricky/splatformer-data-new/train-set/objaverse/512/nerfstudio/013176cfbc8145a0b10c3191ac265e8b/splatfacto/nerfstudio_models/step-000010001.ckpt,128,132247,,,
013176cfbc8145a0b10c3191ac265e8b,processed,,128,/project/ricky/splatformer-data-new/train-set/objaverse/128/colmap/013176cfbc8145a0b10c3191ac265e8b/images,/project/ricky/splatformer-data-new/train-set/objaverse/128/nerfstudio/013176cfbc8145a0b10c3191ac265e8b/splatfacto/nerfstudio_models/step-000010001.ckpt,128,82882,,,
01322d56a4b24f98b08f2164ba6ecc74,processed,,512,/project/ricky/splatformer-data-new/train-set/objaverse/512/colmap/01322d56a4b24f98b08f2164ba6ecc74/images,/project/ricky/splatformer-data-new/train-set/objaverse/512/nerfstudio/01322d56a4b24f98b08f2164ba6ecc74/splatfacto/nerfstudio_models/step-000010001.ckpt,128,76162,,,
01322d56a4b24f98b08f2164ba6ecc74,processed,,128,/project/ricky/splatformer-data-new/train-set/objaverse/128/colmap/01322d56a4b24f98b08f2164ba6ecc74/images,/project/ricky/splatformer-data-new/train-set/objaverse/128/nerfstudio/01322d56a4b24f98b08f2164ba6ecc74/splatfacto/nerfstudio_models/step-000010001.ckpt,128,51106,,,
013386b48eb1475dbd0115b0c8dbace1,processed,,512,/project/ricky/splatformer-data-new/train-set/objaverse/512/colmap/013386b48eb1475dbd0115b0c8dbace1/images,/project/ricky/splatformer-data-new/train-set/objaverse/512/nerfstudio/013386b48eb1475dbd0115b0c8dbace1/splatfacto/nerfstudio_models/step-000010001.ckpt,128,71054,,,
013386b48eb1475dbd0115b0c8dbace1,processed,,128,/project/ricky/splatformer-data-new/train-set/objaverse/128/colmap/013386b48eb1475dbd0115b0c8dbace1/images,/project/ricky/splatformer-data-new/train-set/objaverse/128/nerfstudio/013386b48eb1475dbd0115b0c8dbace1/splatfacto/nerfstudio_models/step-000010001.ckpt,128,42803,,,
0136e3b2c0af4962a921cd9a33502fcc,processed,,512,/project/ricky/splatformer-data-new/train-set/objaverse/512/colmap/0136e3b2c0af4962a921cd9a33502fcc/images,/project/ricky/splatformer-data-new/train-set/objaverse/512/nerfstudio/0136e3b2c0af4962a921cd9a33502fcc/splatfacto/nerfstudio_models/step-000010001.ckpt,128,122303,,,
0136e3b2c0af4962a921cd9a33502fcc,processed,,128,/project/ricky/splatformer-data-new/train-set/objaverse/128/colmap/0136e3b2c0af4962a921cd9a33502fcc/images,/project/ricky/splatformer-data-new/train-set/objaverse/128/nerfstudio/0136e3b2c0af4962a921cd9a33502fcc/splatfacto/nerfstudio_models/step-000010001.ckpt,128,62752,,,
0137487f28294b10a77b13bad7cd1f93,processed,,512,/project/ricky/splatformer-data-new/train-set/objaverse/512/colmap/0137487f28294b10a77b13bad7cd1f93/images,/project/ricky/splatformer-data-new/train-set/objaverse/512/nerfstudio/0137487f28294b10a77b13bad7cd1f93/splatfacto/nerfstudio_models/step-000010001.ckpt,128,222281,,,
0137487f28294b10a77b13bad7cd1f93,processed,,128,/project/ricky/splatformer-data-new/train-set/objaverse/128/colmap/0137487f28294b10a77b13bad7cd1f93/images,/project/ricky/splatformer-data-new/train-set/objaverse/128/nerfstudio/0137487f28294b10a77b13bad7cd1f93/splatfacto/nerfstudio_models/step-000010001.ckpt,128,35756,,,
013a951654ee4a159195fcbea8a0e148,processed,,512,/project/ricky/splatformer-data-new/train-set/objaverse/512/colmap/013a951654ee4a159195fcbea8a0e148/images,/project/ricky/splatformer-data-new/train-set/objaverse/512/nerfstudio/013a951654ee4a159195fcbea8a0e148/splatfacto/nerfstudio_models/step-000010001.ckpt,128,73583,,,
013a951654ee4a159195fcbea8a0e148,processed,,128,/project/ricky/splatformer-data-new/train-set/objaverse/128/colmap/013a951654ee4a159195fcbea8a0e148/images,/project/ricky/splatformer-data-new/train-set/objaverse/128/nerfstudio/013a951654ee4a159195fcbea8a0e148/splatfacto/nerfstudio_models/step-000010001.ckpt,128,49490,,,
013eac9da6114be0b32bab4008957ab7,processed,,512,/project/ricky/splatformer-data-new/train-set/objaverse/512/colmap/013eac9da6114be0b32bab4008957ab7/images,/project/ricky/splatformer-data-new/train-set/objaverse/512/nerfstudio/013eac9da6114be0b32bab4008957ab7/splatfacto/nerfstudio_models/step-000010001.ckpt,128,57856,,,
013eac9da6114be0b32bab4008957ab7,processed,,128,/project/ricky/splatformer-data-new/train-set/objaverse/128/colmap/013eac9da6114be0b32bab4008957ab7/images,/project/ricky/splatformer-data-new/train-set/objaverse/128/nerfstudio/013eac9da6114be0b32bab4008957ab7/splatfacto/nerfstudio_models/step-000010001.ckpt,128,40922,,,
01413fc4488a435597b26ccb5ea3251d,processed,,512,/project/ricky/splatformer-data-new/train-set/objaverse/512/colmap/01413fc4488a435597b26ccb5ea3251d/images,/project/ricky/splatformer-data-new/train-set/objaverse/512/nerfstudio/01413fc4488a435597b26ccb5ea3251d/splatfacto/nerfstudio_models/step-000010001.ckpt,128,11528,,,
01413fc4488a435597b26ccb5ea3251d,processed,,128,/project/ricky/splatformer-data-new/train-set/objaverse/128/colmap/01413fc4488a435597b26ccb5ea3251d/images,/project/ricky/splatformer-data-new/train-set/objaverse/128/nerfstudio/01413fc4488a435597b26ccb5ea3251d/splatfacto/nerfstudio_models/step-000010001.ckpt,128,8812,,,
014260d253a647b0956cab1167050753,processed,,512,/project/ricky/splatformer-data-new/train-set/objaverse/512/colmap/014260d253a647b0956cab1167050753/images,/project/ricky/splatformer-data-new/train-set/objaverse/512/nerfstudio/014260d253a647b0956cab1167050753/splatfacto/nerfstudio_models/step-000010001.ckpt,128,158834,,,
014260d253a647b0956cab1167050753,processed,,128,/project/ricky/splatformer-data-new/train-set/objaverse/128/colmap/014260d253a647b0956cab1167050753/images,/project/ricky/splatformer-data-new/train-set/objaverse/128/nerfstudio/014260d253a647b0956cab1167050753/splatfacto/nerfstudio_models/step-000010001.ckpt,128,37307,,,
01429ffc44e64fb5977e7555a92797e8,processed,,512,/project/ricky/splatformer-data-new/train-set/objaverse/512/colmap/01429ffc44e64fb5977e7555a92797e8/images,/project/ricky/splatformer-data-new/train-set/objaverse/512/nerfstudio/01429ffc44e64fb5977e7555a92797e8/splatfacto/nerfstudio_models/step-000010001.ckpt,128,89900,,,
01429ffc44e64fb5977e7555a92797e8,processed,,128,/project/ricky/splatformer-data-new/train-set/objaverse/128/colmap/01429ffc44e64fb5977e7555a92797e8/images,/project/ricky/splatformer-data-new/train-set/objaverse/128/nerfstudio/01429ffc44e64fb5977e7555a92797e8/splatfacto/nerfstudio_models/step-000010001.ckpt,128,49460,,,
014376bcbe42465b8d39910cfddb49cc,processed,,512,/project/ricky/splatformer-data-new/train-set/objaverse/512/colmap/014376bcbe42465b8d39910cfddb49cc/images,/project/ricky/splatformer-data-new/train-set/objaverse/512/nerfstudio/014376bcbe42465b8d39910cfddb49cc/splatfacto/nerfstudio_models/step-000010001.ckpt,128,88384,,,
014376bcbe42465b8d39910cfddb49cc,processed,,128,/project/ricky/splatformer-data-new/train-set/objaverse/128/colmap/014376bcbe42465b8d39910cfddb49cc/images,/project/ricky/splatformer-data-new/train-set/objaverse/128/nerfstudio/014376bcbe42465b8d39910cfddb49cc/splatfacto/nerfstudio_models/step-000010001.ckpt,128,81757,,,
014935f76ed940909cbb0bf8df541865,processed,,512,/project/ricky/splatformer-data-new/train-set/objaverse/512/colmap/014935f76ed940909cbb0bf8df541865/images,/project/ricky/splatformer-data-new/train-set/objaverse/512/nerfstudio/014935f76ed940909cbb0bf8df541865/splatfacto/nerfstudio_models/step-000010001.ckpt,128,35761,,,
014935f76ed940909cbb0bf8df541865,processed,,128,/project/ricky/splatformer-data-new/train-set/objaverse/128/colmap/014935f76ed940909cbb0bf8df541865/images,/project/ricky/splatformer-data-new/train-set/objaverse/128/nerfstudio/014935f76ed940909cbb0bf8df541865/splatfacto/nerfstudio_models/step-000010001.ckpt,128,35564,,,
014fcde3927c4020a1cacb24e19bf82d,processed,,512,/project/ricky/splatformer-data-new/train-set/objaverse/512/colmap/014fcde3927c4020a1cacb24e19bf82d/images,/project/ricky/splatformer-data-new/train-set/objaverse/512/nerfstudio/014fcde3927c4020a1cacb24e19bf82d/splatfacto/nerfstudio_models/step-000010001.ckpt,128,60394,,,
014fcde3927c4020a1cacb24e19bf82d,processed,,128,/project/ricky/splatformer-data-new/train-set/objaverse/128/colmap/014fcde3927c4020a1cacb24e19bf82d/images,/project/ricky/splatformer-data-new/train-set/objaverse/128/nerfstudio/014fcde3927c4020a1cacb24e19bf82d/splatfacto/nerfstudio_models/step-000010001.ckpt,128,13936,,,
015357a41fee4782bf00afba9d669b71,processed,,512,/project/ricky/splatformer-data-new/train-set/objaverse/512/colmap/015357a41fee4782bf00afba9d669b71/images,/project/ricky/splatformer-data-new/train-set/objaverse/512/nerfstudio/015357a41fee4782bf00afba9d669b71/splatfacto/nerfstudio_models/step-000010001.ckpt,128,131132,,,
015357a41fee4782bf00afba9d669b71,processed,,128,/project/ricky/splatformer-data-new/train-set/objaverse/128/colmap/015357a41fee4782bf00afba9d669b71/images,/project/ricky/splatformer-data-new/train-set/objaverse/128/nerfstudio/015357a41fee4782bf00afba9d669b71/splatfacto/nerfstudio_models/step-000010001.ckpt,128,90099,,,
0153dadf5b844addb43444e80e943d7e,processed,,512,/project/ricky/splatformer-data-new/train-set/objaverse/512/colmap/0153dadf5b844addb43444e80e943d7e/images,/project/ricky/splatformer-data-new/train-set/objaverse/512/nerfstudio/0153dadf5b844addb43444e80e943d7e/splatfacto/nerfstudio_models/step-000010001.ckpt,128,87835,,,
0153dadf5b844addb43444e80e943d7e,processed,,128,/project/ricky/splatformer-data-new/train-set/objaverse/128/colmap/0153dadf5b844addb43444e80e943d7e/images,/project/ricky/splatformer-data-new/train-set/objaverse/128/nerfstudio/0153dadf5b844addb43444e80e943d7e/splatfacto/nerfstudio_models/step-000010001.ckpt,128,46549,,,
015483bcd96d40888c97f7cf8e77608c,processed,,512,/project/ricky/splatformer-data-new/train-set/objaverse/512/colmap/015483bcd96d40888c97f7cf8e77608c/images,/project/ricky/splatformer-data-new/train-set/objaverse/512/nerfstudio/015483bcd96d40888c97f7cf8e77608c/splatfacto/nerfstudio_models/step-000010001.ckpt,128,84869,,,
015483bcd96d40888c97f7cf8e77608c,processed,,128,/project/ricky/splatformer-data-new/train-set/objaverse/128/colmap/015483bcd96d40888c97f7cf8e77608c/images,/project/ricky/splatformer-data-new/train-set/objaverse/128/nerfstudio/015483bcd96d40888c97f7cf8e77608c/splatfacto/nerfstudio_models/step-000010001.ckpt,128,60587,,,
0154c6fe068243d4b2d5a704dad1cbc6,processed,,512,/project/ricky/splatformer-data-new/train-set/objaverse/512/colmap/0154c6fe068243d4b2d5a704dad1cbc6/images,/project/ricky/splatformer-data-new/train-set/objaverse/512/nerfstudio/0154c6fe068243d4b2d5a704dad1cbc6/splatfacto/nerfstudio_models/step-000010001.ckpt,128,70991,,,
0154c6fe068243d4b2d5a704dad1cbc6,processed,,128,/project/ricky/splatformer-data-new/train-set/objaverse/128/colmap/0154c6fe068243d4b2d5a704dad1cbc6/images,/project/ricky/splatformer-data-new/train-set/objaverse/128/nerfstudio/0154c6fe068243d4b2d5a704dad1cbc6/splatfacto/nerfstudio_models/step-000010001.ckpt,128,44790,,,
015961ef91884fd48147360e07e3874b,processed,,512,/project/ricky/splatformer-data-new/train-set/objaverse/512/colmap/015961ef91884fd48147360e07e3874b/images,/project/ricky/splatformer-data-new/train-set/objaverse/512/nerfstudio/015961ef91884fd48147360e07e3874b/splatfacto/nerfstudio_models/step-000010001.ckpt,128,30055,,,
015961ef91884fd48147360e07e3874b,processed,,128,/project/ricky/splatformer-data-new/train-set/objaverse/128/colmap/015961ef91884fd48147360e07e3874b/images,/project/ricky/splatformer-data-new/train-set/objaverse/128/nerfstudio/015961ef91884fd48147360e07e3874b/splatfacto/nerfstudio_models/step-000010001.ckpt,128,24591,,,
015f77da897349ccafc25a115c6418fe,processed,,512,/project/ricky/splatformer-data-new/train-set/objaverse/512/colmap/015f77da897349ccafc25a115c6418fe/images,/project/ricky/splatformer-data-new/train-set/objaverse/512/nerfstudio/015f77da897349ccafc25a115c6418fe/splatfacto/nerfstudio_models/step-000010001.ckpt,128,52035,,,
015f77da897349ccafc25a115c6418fe,processed,,128,/project/ricky/splatformer-data-new/train-set/objaverse/128/colmap/015f77da897349ccafc25a115c6418fe/images,/project/ricky/splatformer-data-new/train-set/objaverse/128/nerfstudio/015f77da897349ccafc25a115c6418fe/splatfacto/nerfstudio_models/step-000010001.ckpt,128,37604,,,
0162feab035c4cd9834311137795e248,processed,,512,/project/ricky/splatformer-data-new/train-set/objaverse/512/colmap/0162feab035c4cd9834311137795e248/images,/project/ricky/splatformer-data-new/train-set/objaverse/512/nerfstudio/0162feab035c4cd9834311137795e248/splatfacto/nerfstudio_models/step-000010001.ckpt,128,372471,,,
0162feab035c4cd9834311137795e248,processed,,128,/project/ricky/splatformer-data-new/train-set/objaverse/128/colmap/0162feab035c4cd9834311137795e248/images,/project/ricky/splatformer-data-new/train-set/objaverse/128/nerfstudio/0162feab035c4cd9834311137795e248/splatfacto/nerfstudio_models/step-000010001.ckpt,128,95709,,,
0166e8d5952d40eb91190a89c8ef081e,processed,,512,/project/ricky/splatformer-data-new/train-set/objaverse/512/colmap/0166e8d5952d40eb91190a89c8ef081e/images,/project/ricky/splatformer-data-new/train-set/objaverse/512/nerfstudio/0166e8d5952d40eb91190a89c8ef081e/splatfacto/nerfstudio_models/step-000010001.ckpt,128,1062,,,
0166e8d5952d40eb91190a89c8ef081e,processed,,128,/project/ricky/splatformer-data-new/train-set/objaverse/128/colmap/0166e8d5952d40eb91190a89c8ef081e/images,/project/ricky/splatformer-data-new/train-set/objaverse/128/nerfstudio/0166e8d5952d40eb91190a89c8ef081e/splatfacto/nerfstudio_models/step-000010001.ckpt,128,362,,,
0168cf5acb3748119b5b97ef06a1fd4d,processed,,512,/project/ricky/splatformer-data-new/train-set/objaverse/512/colmap/0168cf5acb3748119b5b97ef06a1fd4d/images,/project/ricky/splatformer-data-new/train-set/objaverse/512/nerfstudio/0168cf5acb3748119b5b97ef06a1fd4d/splatfacto/nerfstudio_models/step-000010001.ckpt,128,66450,,,
0168cf5acb3748119b5b97ef06a1fd4d,processed,,128,/project/ricky/splatformer-data-new/train-set/objaverse/128/colmap/0168cf5acb3748119b5b97ef06a1fd4d/images,/project/ricky/splatformer-data-new/train-set/objaverse/128/nerfstudio/0168cf5acb3748119b5b97ef06a1fd4d/splatfacto/nerfstudio_models/step-000010001.ckpt,128,59175,,,
0168e192e1a84a23ba51e4cf2b893455,processed,,512,/project/ricky/splatformer-data-new/train-set/objaverse/512/colmap/0168e192e1a84a23ba51e4cf2b893455/images,/project/ricky/splatformer-data-new/train-set/objaverse/512/nerfstudio/0168e192e1a84a23ba51e4cf2b893455/splatfacto/nerfstudio_models/step-000010001.ckpt,128,92037,,,
0168e192e1a84a23ba51e4cf2b893455,processed,,128,/project/ricky/splatformer-data-new/train-set/objaverse/128/colmap/0168e192e1a84a23ba51e4cf2b893455/images,/project/ricky/splatformer-data-new/train-set/objaverse/128/nerfstudio/0168e192e1a84a23ba51e4cf2b893455/splatfacto/nerfstudio_models/step-000010001.ckpt,128,60016,,,
016921ce9ac04d09adf5ae1cffddc9df,processed,,512,/project/ricky/splatformer-data-new/train-set/objaverse/512/colmap/016921ce9ac04d09adf5ae1cffddc9df/images,/project/ricky/splatformer-data-new/train-set/objaverse/512/nerfstudio/016921ce9ac04d09adf5ae1cffddc9df/splatfacto/nerfstudio_models/step-000010001.ckpt,128,56337,,,
016921ce9ac04d09adf5ae1cffddc9df,processed,,128,/project/ricky/splatformer-data-new/train-set/objaverse/128/colmap/016921ce9ac04d09adf5ae1cffddc9df/images,/project/ricky/splatformer-data-new/train-set/objaverse/128/nerfstudio/016921ce9ac04d09adf5ae1cffddc9df/splatfacto/nerfstudio_models/step-000010001.ckpt,128,32998,,,
016d4cb085064983a3f9695f155b726c,processed,,512,/project/ricky/splatformer-data-new/train-set/objaverse/512/colmap/016d4cb085064983a3f9695f155b726c/images,/project/ricky/splatformer-data-new/train-set/objaverse/512/nerfstudio/016d4cb085064983a3f9695f155b726c/splatfacto/nerfstudio_models/step-000010001.ckpt,128,43396,,,
016d4cb085064983a3f9695f155b726c,processed,,128,/project/ricky/splatformer-data-new/train-set/objaverse/128/colmap/016d4cb085064983a3f9695f155b726c/images,/project/ricky/splatformer-data-new/train-set/objaverse/128/nerfstudio/016d4cb085064983a3f9695f155b726c/splatfacto/nerfstudio_models/step-000010001.ckpt,128,34309,,,
0171b1fafb444f43a60698f943b1e53e,processed,,512,/project/ricky/splatformer-data-new/train-set/objaverse/512/colmap/0171b1fafb444f43a60698f943b1e53e/images,/project/ricky/splatformer-data-new/train-set/objaverse/512/nerfstudio/0171b1fafb444f43a60698f943b1e53e/splatfacto/nerfstudio_models/step-000010001.ckpt,128,80493,,,
0171b1fafb444f43a60698f943b1e53e,processed,,128,/project/ricky/splatformer-data-new/train-set/objaverse/128/colmap/0171b1fafb444f43a60698f943b1e53e/images,/project/ricky/splatformer-data-new/train-set/objaverse/128/nerfstudio/0171b1fafb444f43a60698f943b1e53e/splatfacto/nerfstudio_models/step-000010001.ckpt,128,89240,,,
017219de07a14b5ca612189fcde1f163,processed,,512,/project/ricky/splatformer-data-new/train-set/objaverse/512/colmap/017219de07a14b5ca612189fcde1f163/images,/project/ricky/splatformer-data-new/train-set/objaverse/512/nerfstudio/017219de07a14b5ca612189fcde1f163/splatfacto/nerfstudio_models/step-000010001.ckpt,128,99414,,,
017219de07a14b5ca612189fcde1f163,processed,,128,/project/ricky/splatformer-data-new/train-set/objaverse/128/colmap/017219de07a14b5ca612189fcde1f163/images,/project/ricky/splatformer-data-new/train-set/objaverse/128/nerfstudio/017219de07a14b5ca612189fcde1f163/splatfacto/nerfstudio_models/step-000010001.ckpt,128,91097,,,
01729982964b47ffb98a995cc73bf0fe,processed,,512,/project/ricky/splatformer-data-new/train-set/objaverse/512/colmap/01729982964b47ffb98a995cc73bf0fe/images,/project/ricky/splatformer-data-new/train-set/objaverse/512/nerfstudio/01729982964b47ffb98a995cc73bf0fe/splatfacto/nerfstudio_models/step-000010001.ckpt,128,60395,,,
01729982964b47ffb98a995cc73bf0fe,processed,,128,/project/ricky/splatformer-data-new/train-set/objaverse/128/colmap/01729982964b47ffb98a995cc73bf0fe/images,/project/ricky/splatformer-data-new/train-set/objaverse/128/nerfstudio/01729982964b47ffb98a995cc73bf0fe/splatfacto/nerfstudio_models/step-000010001.ckpt,128,51018,,,
01773b6dbc3c45f5b7d047f27f43c7c6,processed,,512,/project/ricky/splatformer-data-new/train-set/objaverse/512/colmap/01773b6dbc3c45f5b7d047f27f43c7c6/images,/project/ricky/splatformer-data-new/train-set/objaverse/512/nerfstudio/01773b6dbc3c45f5b7d047f27f43c7c6/splatfacto/nerfstudio_models/step-000010001.ckpt,128,23079,,,
01773b6dbc3c45f5b7d047f27f43c7c6,processed,,128,/project/ricky/splatformer-data-new/train-set/objaverse/128/colmap/01773b6dbc3c45f5b7d047f27f43c7c6/images,/project/ricky/splatformer-data-new/train-set/objaverse/128/nerfstudio/01773b6dbc3c45f5b7d047f27f43c7c6/splatfacto/nerfstudio_models/step-000010001.ckpt,128,25111,,,
01789d2a6d26445592081496a9527138,processed,,512,/project/ricky/splatformer-data-new/train-set/objaverse/512/colmap/01789d2a6d26445592081496a9527138/images,/project/ricky/splatformer-data-new/train-set/objaverse/512/nerfstudio/01789d2a6d26445592081496a9527138/splatfacto/nerfstudio_models/step-000010001.ckpt,128,63286,,,
01789d2a6d26445592081496a9527138,processed,,128,/project/ricky/splatformer-data-new/train-set/objaverse/128/colmap/01789d2a6d26445592081496a9527138/images,/project/ricky/splatformer-data-new/train-set/objaverse/128/nerfstudio/01789d2a6d26445592081496a9527138/splatfacto/nerfstudio_models/step-000010001.ckpt,128,63680,,,
017b8c06f99649ff919e31c475337622,processed,,512,/project/ricky/splatformer-data-new/train-set/objaverse/512/colmap/017b8c06f99649ff919e31c475337622/images,/project/ricky/splatformer-data-new/train-set/objaverse/512/nerfstudio/017b8c06f99649ff919e31c475337622/splatfacto/nerfstudio_models/step-000010001.ckpt,128,102298,,,
017b8c06f99649ff919e31c475337622,processed,,128,/project/ricky/splatformer-data-new/train-set/objaverse/128/colmap/017b8c06f99649ff919e31c475337622/images,/project/ricky/splatformer-data-new/train-set/objaverse/128/nerfstudio/017b8c06f99649ff919e31c475337622/splatfacto/nerfstudio_models/step-000010001.ckpt,128,76442,,,
017d95fd42b2445f905dfe4613ee859e,processed,,512,/project/ricky/splatformer-data-new/train-set/objaverse/512/colmap/017d95fd42b2445f905dfe4613ee859e/images,/project/ricky/splatformer-data-new/train-set/objaverse/512/nerfstudio/017d95fd42b2445f905dfe4613ee859e/splatfacto/nerfstudio_models/step-000010001.ckpt,128,58185,,,
017d95fd42b2445f905dfe4613ee859e,processed,,128,/project/ricky/splatformer-data-new/train-set/objaverse/128/colmap/017d95fd42b2445f905dfe4613ee859e/images,/project/ricky/splatformer-data-new/train-set/objaverse/128/nerfstudio/017d95fd42b2445f905dfe4613ee859e/splatfacto/nerfstudio_models/step-000010001.ckpt,128,76334,,,
017e5dfc6d0d4c12b3f1196d85a16c9b,processed,,512,/project/ricky/splatformer-data-new/train-set/objaverse/512/colmap/017e5dfc6d0d4c12b3f1196d85a16c9b/images,/project/ricky/splatformer-data-new/train-set/objaverse/512/nerfstudio/017e5dfc6d0d4c12b3f1196d85a16c9b/splatfacto/nerfstudio_models/step-000010001.ckpt,128,74036,,,
017e5dfc6d0d4c12b3f1196d85a16c9b,processed,,128,/project/ricky/splatformer-data-new/train-set/objaverse/128/colmap/017e5dfc6d0d4c12b3f1196d85a16c9b/images,/project/ricky/splatformer-data-new/train-set/objaverse/128/nerfstudio/017e5dfc6d0d4c12b3f1196d85a16c9b/splatfacto/nerfstudio_models/step-000010001.ckpt,128,17780,,,
017f7c011bc145bc91645dc1a9fdfdf7,processed,,512,/project/ricky/splatformer-data-new/train-set/objaverse/512/colmap/017f7c011bc145bc91645dc1a9fdfdf7/images,/project/ricky/splatformer-data-new/train-set/objaverse/512/nerfstudio/017f7c011bc145bc91645dc1a9fdfdf7/splatfacto/nerfstudio_models/step-000010001.ckpt,128,52333,,,
017f7c011bc145bc91645dc1a9fdfdf7,processed,,128,/project/ricky/splatformer-data-new/train-set/objaverse/128/colmap/017f7c011bc145bc91645dc1a9fdfdf7/images,/project/ricky/splatformer-data-new/train-set/objaverse/128/nerfstudio/017f7c011bc145bc91645dc1a9fdfdf7/splatfacto/nerfstudio_models/step-000010001.ckpt,128,41278,,,
0182e5a93f8a42788805927b4980c971,processed,,512,/project/ricky/splatformer-data-new/train-set/objaverse/512/colmap/0182e5a93f8a42788805927b4980c971/images,/project/ricky/splatformer-data-new/train-set/objaverse/512/nerfstudio/0182e5a93f8a42788805927b4980c971/splatfacto/nerfstudio_models/step-000010001.ckpt,128,44439,,,
0182e5a93f8a42788805927b4980c971,processed,,128,/project/ricky/splatformer-data-new/train-set/objaverse/128/colmap/0182e5a93f8a42788805927b4980c971/images,/project/ricky/splatformer-data-new/train-set/objaverse/128/nerfstudio/0182e5a93f8a42788805927b4980c971/splatfacto/nerfstudio_models/step-000010001.ckpt,128,21244,,,
0183c4a994dd45e399b847c77e88b46c,processed,,512,/project/ricky/splatformer-data-new/train-set/objaverse/512/colmap/0183c4a994dd45e399b847c77e88b46c/images,/project/ricky/splatformer-data-new/train-set/objaverse/512/nerfstudio/0183c4a994dd45e399b847c77e88b46c/splatfacto/nerfstudio_models/step-000010001.ckpt,128,56721,,,
0183c4a994dd45e399b847c77e88b46c,processed,,128,/project/ricky/splatformer-data-new/train-set/objaverse/128/colmap/0183c4a994dd45e399b847c77e88b46c/images,/project/ricky/splatformer-data-new/train-set/objaverse/128/nerfstudio/0183c4a994dd45e399b847c77e88b46c/splatfacto/nerfstudio_models/step-000010001.ckpt,128,44816,,,
018848ca121b4abfbffee335ec7f5a2c,processed,,512,/project/ricky/splatformer-data-new/train-set/objaverse/512/colmap/018848ca121b4abfbffee335ec7f5a2c/images,/project/ricky/splatformer-data-new/train-set/objaverse/512/nerfstudio/018848ca121b4abfbffee335ec7f5a2c/splatfacto/nerfstudio_models/step-000010001.ckpt,128,207166,,,
018848ca121b4abfbffee335ec7f5a2c,processed,,128,/project/ricky/splatformer-data-new/train-set/objaverse/128/colmap/018848ca121b4abfbffee335ec7f5a2c/images,/project/ricky/splatformer-data-new/train-set/objaverse/128/nerfstudio/018848ca121b4abfbffee335ec7f5a2c/splatfacto/nerfstudio_models/step-000010001.ckpt,128,51959,,,
018b9889fdba401794d70962d0dc941c,processed,,512,/project/ricky/splatformer-data-new/train-set/objaverse/512/colmap/018b9889fdba401794d70962d0dc941c/images,/project/ricky/splatformer-data-new/train-set/objaverse/512/nerfstudio/018b9889fdba401794d70962d0dc941c/splatfacto/nerfstudio_models/step-000010001.ckpt,128,17688,,,
018b9889fdba401794d70962d0dc941c,processed,,128,/project/ricky/splatformer-data-new/train-set/objaverse/128/colmap/018b9889fdba401794d70962d0dc941c/images,/project/ricky/splatformer-data-new/train-set/objaverse/128/nerfstudio/018b9889fdba401794d70962d0dc941c/splatfacto/nerfstudio_models/step-000010001.ckpt,128,21561,,,
018b9cab496e49b990dee4995a998555,processed,,512,/project/ricky/splatformer-data-new/train-set/objaverse/512/colmap/018b9cab496e49b990dee4995a998555/images,/project/ricky/splatformer-data-new/train-set/objaverse/512/nerfstudio/018b9cab496e49b990dee4995a998555/splatfacto/nerfstudio_models/step-000010001.ckpt,128,80321,,,
018b9cab496e49b990dee4995a998555,processed,,128,/project/ricky/splatformer-data-new/train-set/objaverse/128/colmap/018b9cab496e49b990dee4995a998555/images,/project/ricky/splatformer-data-new/train-set/objaverse/128/nerfstudio/018b9cab496e49b990dee4995a998555/splatfacto/nerfstudio_models/step-000010001.ckpt,128,52284,,,
018cff2beb324e609446af6f64d059e2,processed,,512,/project/ricky/splatformer-data-new/train-set/objaverse/512/colmap/018cff2beb324e609446af6f64d059e2/images,/project/ricky/splatformer-data-new/train-set/objaverse/512/nerfstudio/018cff2beb324e609446af6f64d059e2/splatfacto/nerfstudio_models/step-000010001.ckpt,128,39375,,,
018cff2beb324e609446af6f64d059e2,processed,,128,/project/ricky/splatformer-data-new/train-set/objaverse/128/colmap/018cff2beb324e609446af6f64d059e2/images,/project/ricky/splatformer-data-new/train-set/objaverse/128/nerfstudio/018cff2beb324e609446af6f64d059e2/splatfacto/nerfstudio_models/step-000010001.ckpt,128,18811,,,
01916fdbbd8d4123b2dbbfd293239032,processed,,512,/project/ricky/splatformer-data-new/train-set/objaverse/512/colmap/01916fdbbd8d4123b2dbbfd293239032/images,/project/ricky/splatformer-data-new/train-set/objaverse/512/nerfstudio/01916fdbbd8d4123b2dbbfd293239032/splatfacto/nerfstudio_models/step-000010001.ckpt,128,24417,,,
01916fdbbd8d4123b2dbbfd293239032,processed,,128,/project/ricky/splatformer-data-new/train-set/objaverse/128/colmap/01916fdbbd8d4123b2dbbfd293239032/images,/project/ricky/splatformer-data-new/train-set/objaverse/128/nerfstudio/01916fdbbd8d4123b2dbbfd293239032/splatfacto/nerfstudio_models/step-000010001.ckpt,128,25814,,,
019316a89a50416e9730f2bea10f6080,processed,,512,/project/ricky/splatformer-data-new/train-set/objaverse/512/colmap/019316a89a50416e9730f2bea10f6080/images,/project/ricky/splatformer-data-new/train-set/objaverse/512/nerfstudio/019316a89a50416e9730f2bea10f6080/splatfacto/nerfstudio_models/step-000010001.ckpt,128,40637,,,
019316a89a50416e9730f2bea10f6080,processed,,128,/project/ricky/splatformer-data-new/train-set/objaverse/128/colmap/019316a89a50416e9730f2bea10f6080/images,/project/ricky/splatformer-data-new/train-set/objaverse/128/nerfstudio/019316a89a50416e9730f2bea10f6080/splatfacto/nerfstudio_models/step-000010001.ckpt,128,23156,,,
019368867a5540db953144c1481ba057,processed,,512,/project/ricky/splatformer-data-new/train-set/objaverse/512/colmap/019368867a5540db953144c1481ba057/images,/project/ricky/splatformer-data-new/train-set/objaverse/512/nerfstudio/019368867a5540db953144c1481ba057/splatfacto/nerfstudio_models/step-000010001.ckpt,128,52601,,,
019368867a5540db953144c1481ba057,processed,,128,/project/ricky/splatformer-data-new/train-set/objaverse/128/colmap/019368867a5540db953144c1481ba057/images,/project/ricky/splatformer-data-new/train-set/objaverse/128/nerfstudio/019368867a5540db953144c1481ba057/splatfacto/nerfstudio_models/step-000010001.ckpt,128,28649,,,
019660a743104f9ea995258a87d62706,processed,,512,/project/ricky/splatformer-data-new/train-set/objaverse/512/colmap/019660a743104f9ea995258a87d62706/images,/project/ricky/splatformer-data-new/train-set/objaverse/512/nerfstudio/019660a743104f9ea995258a87d62706/splatfacto/nerfstudio_models/step-000010001.ckpt,128,77820,,,
019660a743104f9ea995258a87d62706,processed,,128,/project/ricky/splatformer-data-new/train-set/objaverse/128/colmap/019660a743104f9ea995258a87d62706/images,/project/ricky/splatformer-data-new/train-set/objaverse/128/nerfstudio/019660a743104f9ea995258a87d62706/splatfacto/nerfstudio_models/step-000010001.ckpt,128,46349,,,
019686d3d581451d916c26678896fcc8,processed,,512,/project/ricky/splatformer-data-new/train-set/objaverse/512/colmap/019686d3d581451d916c26678896fcc8/images,/project/ricky/splatformer-data-new/train-set/objaverse/512/nerfstudio/019686d3d581451d916c26678896fcc8/splatfacto/nerfstudio_models/step-000010001.ckpt,128,235967,,,
019686d3d581451d916c26678896fcc8,processed,,128,/project/ricky/splatformer-data-new/train-set/objaverse/128/colmap/019686d3d581451d916c26678896fcc8/images,/project/ricky/splatformer-data-new/train-set/objaverse/128/nerfstudio/019686d3d581451d916c26678896fcc8/splatfacto/nerfstudio_models/step-000010001.ckpt,128,129263,,,
0199d0a050c442659337e5b643812f11,processed,,512,/project/ricky/splatformer-data-new/train-set/objaverse/512/colmap/0199d0a050c442659337e5b643812f11/images,/project/ricky/splatformer-data-new/train-set/objaverse/512/nerfstudio/0199d0a050c442659337e5b643812f11/splatfacto/nerfstudio_models/step-000010001.ckpt,128,78134,,,
0199d0a050c442659337e5b643812f11,processed,,128,/project/ricky/splatformer-data-new/train-set/objaverse/128/colmap/0199d0a050c442659337e5b643812f11/images,/project/ricky/splatformer-data-new/train-set/objaverse/128/nerfstudio/0199d0a050c442659337e5b643812f11/splatfacto/nerfstudio_models/step-000010001.ckpt,128,46556,,,
019c29a895184552914d4744489fbc5b,processed,,512,/project/ricky/splatformer-data-new/train-set/objaverse/512/colmap/019c29a895184552914d4744489fbc5b/images,/project/ricky/splatformer-data-new/train-set/objaverse/512/nerfstudio/019c29a895184552914d4744489fbc5b/splatfacto/nerfstudio_models/step-000010001.ckpt,128,70862,,,
019c29a895184552914d4744489fbc5b,processed,,128,/project/ricky/splatformer-data-new/train-set/objaverse/128/colmap/019c29a895184552914d4744489fbc5b/images,/project/ricky/splatformer-data-new/train-set/objaverse/128/nerfstudio/019c29a895184552914d4744489fbc5b/splatfacto/nerfstudio_models/step-000010001.ckpt,128,22617,,,
019fc85fd9174471ae093d5a51580b76,processed,,512,/project/ricky/splatformer-data-new/train-set/objaverse/512/colmap/019fc85fd9174471ae093d5a51580b76/images,/project/ricky/splatformer-data-new/train-set/objaverse/512/nerfstudio/019fc85fd9174471ae093d5a51580b76/splatfacto/nerfstudio_models/step-000010001.ckpt,128,54034,,,
019fc85fd9174471ae093d5a51580b76,processed,,128,/project/ricky/splatformer-data-new/train-set/objaverse/128/colmap/019fc85fd9174471ae093d5a51580b76/images,/project/ricky/splatformer-data-new/train-set/objaverse/128/nerfstudio/019fc85fd9174471ae093d5a51580b76/splatfacto/nerfstudio_models/step-000010001.ckpt,128,52463,,,
01a07e8fd8dd42158971fd5e32c5fadf,processed,,512,/project/ricky/splatformer-data-new/train-set/objaverse/512/colmap/01a07e8fd8dd42158971fd5e32c5fadf/images,/project/ricky/splatformer-data-new/train-set/objaverse/512/nerfstudio/01a07e8fd8dd42158971fd5e32c5fadf/splatfacto/nerfstudio_models/step-000010001.ckpt,128,108535,,,
01a07e8fd8dd42158971fd5e32c5fadf,processed,,128,/project/ricky/splatformer-data-new/train-set/objaverse/128/colmap/01a07e8fd8dd42158971fd5e32c5fadf/images,/project/ricky/splatformer-data-new/train-set/objaverse/128/nerfstudio/01a07e8fd8dd42158971fd5e32c5fadf/splatfacto/nerfstudio_models/step-000010001.ckpt,128,61521,,,
01a0a08fba3e45149946aa52b70a6eda,processed,,512,/project/ricky/splatformer-data-new/train-set/objaverse/512/colmap/01a0a08fba3e45149946aa52b70a6eda/images,/project/ricky/splatformer-data-new/train-set/objaverse/512/nerfstudio/01a0a08fba3e45149946aa52b70a6eda/splatfacto/nerfstudio_models/step-000010001.ckpt,128,108995,,,
01a0a08fba3e45149946aa52b70a6eda,processed,,128,/project/ricky/splatformer-data-new/train-set/objaverse/128/colmap/01a0a08fba3e45149946aa52b70a6eda/images,/project/ricky/splatformer-data-new/train-set/objaverse/128/nerfstudio/01a0a08fba3e45149946aa52b70a6eda/splatfacto/nerfstudio_models/step-000010001.ckpt,128,80087,,,
01a44c8b9acd4405bd8873249452fda3,processed,,512,/project/ricky/splatformer-data-new/train-set/objaverse/512/colmap/01a44c8b9acd4405bd8873249452fda3/images,/project/ricky/splatformer-data-new/train-set/objaverse/512/nerfstudio/01a44c8b9acd4405bd8873249452fda3/splatfacto/nerfstudio_models/step-000010001.ckpt,128,67385,,,
01a44c8b9acd4405bd8873249452fda3,processed,,128,/project/ricky/splatformer-data-new/train-set/objaverse/128/colmap/01a44c8b9acd4405bd8873249452fda3/images,/project/ricky/splatformer-data-new/train-set/objaverse/128/nerfstudio/01a44c8b9acd4405bd8873249452fda3/splatfacto/nerfstudio_models/step-000010001.ckpt,128,47945,,,
01a4a9aa5dfc4436891849a88f2e99e7,processed,,512,/project/ricky/splatformer-data-new/train-set/objaverse/512/colmap/01a4a9aa5dfc4436891849a88f2e99e7/images,/project/ricky/splatformer-data-new/train-set/objaverse/512/nerfstudio/01a4a9aa5dfc4436891849a88f2e99e7/splatfacto/nerfstudio_models/step-000010001.ckpt,128,35718,,,
01a4a9aa5dfc4436891849a88f2e99e7,processed,,128,/project/ricky/splatformer-data-new/train-set/objaverse/128/colmap/01a4a9aa5dfc4436891849a88f2e99e7/images,/project/ricky/splatformer-data-new/train-set/objaverse/128/nerfstudio/01a4a9aa5dfc4436891849a88f2e99e7/splatfacto/nerfstudio_models/step-000010001.ckpt,128,33743,,,
01a8ecc3d39d47329990a6b785a54d13,processed,,512,/project/ricky/splatformer-data-new/train-set/objaverse/512/colmap/01a8ecc3d39d47329990a6b785a54d13/images,/project/ricky/splatformer-data-new/train-set/objaverse/512/nerfstudio/01a8ecc3d39d47329990a6b785a54d13/splatfacto/nerfstudio_models/step-000010001.ckpt,128,30729,,,
01a8ecc3d39d47329990a6b785a54d13,processed,,128,/project/ricky/splatformer-data-new/train-set/objaverse/128/colmap/01a8ecc3d39d47329990a6b785a54d13/images,/project/ricky/splatformer-data-new/train-set/objaverse/128/nerfstudio/01a8ecc3d39d47329990a6b785a54d13/splatfacto/nerfstudio_models/step-000010001.ckpt,128,31973,,,
01aab606e27f45f4822b5f6647fd3176,processed,,512,/project/ricky/splatformer-data-new/train-set/objaverse/512/colmap/01aab606e27f45f4822b5f6647fd3176/images,/project/ricky/splatformer-data-new/train-set/objaverse/512/nerfstudio/01aab606e27f45f4822b5f6647fd3176/splatfacto/nerfstudio_models/step-000010001.ckpt,128,34539,,,
01aab606e27f45f4822b5f6647fd3176,processed,,128,/project/ricky/splatformer-data-new/train-set/objaverse/128/colmap/01aab606e27f45f4822b5f6647fd3176/images,/project/ricky/splatformer-data-new/train-set/objaverse/128/nerfstudio/01aab606e27f45f4822b5f6647fd3176/splatfacto/nerfstudio_models/step-000010001.ckpt,128,20574,,,
01ab7567885e429db6839155618a4b0c,processed,,512,/project/ricky/splatformer-data-new/train-set/objaverse/512/colmap/01ab7567885e429db6839155618a4b0c/images,/project/ricky/splatformer-data-new/train-set/objaverse/512/nerfstudio/01ab7567885e429db6839155618a4b0c/splatfacto/nerfstudio_models/step-000010001.ckpt,128,69786,,,
01ab7567885e429db6839155618a4b0c,processed,,128,/project/ricky/splatformer-data-new/train-set/objaverse/128/colmap/01ab7567885e429db6839155618a4b0c/images,/project/ricky/splatformer-data-new/train-set/objaverse/128/nerfstudio/01ab7567885e429db6839155618a4b0c/splatfacto/nerfstudio_models/step-000010001.ckpt,128,55476,,,
01ad4d67d52546c484b4164b9882e5ec,processed,,512,/project/ricky/splatformer-data-new/train-set/objaverse/512/colmap/01ad4d67d52546c484b4164b9882e5ec/images,/project/ricky/splatformer-data-new/train-set/objaverse/512/nerfstudio/01ad4d67d52546c484b4164b9882e5ec/splatfacto/nerfstudio_models/step-000010001.ckpt,128,36566,,,
01ad4d67d52546c484b4164b9882e5ec,processed,,128,/project/ricky/splatformer-data-new/train-set/objaverse/128/colmap/01ad4d67d52546c484b4164b9882e5ec/images,/project/ricky/splatformer-data-new/train-set/objaverse/128/nerfstudio/01ad4d67d52546c484b4164b9882e5ec/splatfacto/nerfstudio_models/step-000010001.ckpt,128,13582,,,
01afdbc5dfc14caa9d9394d5471aaf50,processed,,512,/project/ricky/splatformer-data-new/train-set/objaverse/512/colmap/01afdbc5dfc14caa9d9394d5471aaf50/images,/project/ricky/splatformer-data-new/train-set/objaverse/512/nerfstudio/01afdbc5dfc14caa9d9394d5471aaf50/splatfacto/nerfstudio_models/step-000010001.ckpt,128,69778,,,
01afdbc5dfc14caa9d9394d5471aaf50,processed,,128,/project/ricky/splatformer-data-new/train-set/objaverse/128/colmap/01afdbc5dfc14caa9d9394d5471aaf50/images,/project/ricky/splatformer-data-new/train-set/objaverse/128/nerfstudio/01afdbc5dfc14caa9d9394d5471aaf50/splatfacto/nerfstudio_models/step-000010001.ckpt,128,29164,,,
01b110c009fd4bb3a0e25adb093c09a2,processed,,512,/project/ricky/splatformer-data-new/train-set/objaverse/512/colmap/01b110c009fd4bb3a0e25adb093c09a2/images,/project/ricky/splatformer-data-new/train-set/objaverse/512/nerfstudio/01b110c009fd4bb3a0e25adb093c09a2/splatfacto/nerfstudio_models/step-000010001.ckpt,128,33446,,,
01b110c009fd4bb3a0e25adb093c09a2,processed,,128,/project/ricky/splatformer-data-new/train-set/objaverse/128/colmap/01b110c009fd4bb3a0e25adb093c09a2/images,/project/ricky/splatformer-data-new/train-set/objaverse/128/nerfstudio/01b110c009fd4bb3a0e25adb093c09a2/splatfacto/nerfstudio_models/step-000010001.ckpt,128,32131,,,
01b1e462ab6543bda3287019020ea542,processed,,512,/project/ricky/splatformer-data-new/train-set/objaverse/512/colmap/01b1e462ab6543bda3287019020ea542/images,/project/ricky/splatformer-data-new/train-set/objaverse/512/nerfstudio/01b1e462ab6543bda3287019020ea542/splatfacto/nerfstudio_models/step-000010001.ckpt,128,37218,,,
01b1e462ab6543bda3287019020ea542,processed,,128,/project/ricky/splatformer-data-new/train-set/objaverse/128/colmap/01b1e462ab6543bda3287019020ea542/images,/project/ricky/splatformer-data-new/train-set/objaverse/128/nerfstudio/01b1e462ab6543bda3287019020ea542/splatfacto/nerfstudio_models/step-000010001.ckpt,128,16677,,,
01b2236e8e674c268879961f044d2692,processed,,512,/project/ricky/splatformer-data-new/train-set/objaverse/512/colmap/01b2236e8e674c268879961f044d2692/images,/project/ricky/splatformer-data-new/train-set/objaverse/512/nerfstudio/01b2236e8e674c268879961f044d2692/splatfacto/nerfstudio_models/step-000010001.ckpt,128,70070,,,
01b2236e8e674c268879961f044d2692,processed,,128,/project/ricky/splatformer-data-new/train-set/objaverse/128/colmap/01b2236e8e674c268879961f044d2692/images,/project/ricky/splatformer-data-new/train-set/objaverse/128/nerfstudio/01b2236e8e674c268879961f044d2692/splatfacto/nerfstudio_models/step-000010001.ckpt,128,51674,,,
01b2e0fe28424eaaa93a53b80fd7bd86,processed,,512,/project/ricky/splatformer-data-new/train-set/objaverse/512/colmap/01b2e0fe28424eaaa93a53b80fd7bd86/images,/project/ricky/splatformer-data-new/train-set/objaverse/512/nerfstudio/01b2e0fe28424eaaa93a53b80fd7bd86/splatfacto/nerfstudio_models/step-000010001.ckpt,128,65504,,,
01b2e0fe28424eaaa93a53b80fd7bd86,processed,,128,/project/ricky/splatformer-data-new/train-set/objaverse/128/colmap/01b2e0fe28424eaaa93a53b80fd7bd86/images,/project/ricky/splatformer-data-new/train-set/objaverse/128/nerfstudio/01b2e0fe28424eaaa93a53b80fd7bd86/splatfacto/nerfstudio_models/step-000010001.ckpt,128,61437,,,
01b8572f86aa459aaac13ab6f9629406,processed,,512,/project/ricky/splatformer-data-new/train-set/objaverse/512/colmap/01b8572f86aa459aaac13ab6f9629406/images,/project/ricky/splatformer-data-new/train-set/objaverse/512/nerfstudio/01b8572f86aa459aaac13ab6f9629406/splatfacto/nerfstudio_models/step-000010001.ckpt,128,286657,,,
01b8572f86aa459aaac13ab6f9629406,processed,,128,/project/ricky/splatformer-data-new/train-set/objaverse/128/colmap/01b8572f86aa459aaac13ab6f9629406/images,/project/ricky/splatformer-data-new/train-set/objaverse/128/nerfstudio/01b8572f86aa459aaac13ab6f9629406/splatfacto/nerfstudio_models/step-000010001.ckpt,128,111566,,,
01bac39c48e0491493333ce522c911ff,processed,,512,/project/ricky/splatformer-data-new/train-set/objaverse/512/colmap/01bac39c48e0491493333ce522c911ff/images,/project/ricky/splatformer-data-new/train-set/objaverse/512/nerfstudio/01bac39c48e0491493333ce522c911ff/splatfacto/nerfstudio_models/step-000010001.ckpt,128,49919,,,
01bac39c48e0491493333ce522c911ff,processed,,128,/project/ricky/splatformer-data-new/train-set/objaverse/128/colmap/01bac39c48e0491493333ce522c911ff/images,/project/ricky/splatformer-data-new/train-set/objaverse/128/nerfstudio/01bac39c48e0491493333ce522c911ff/splatfacto/nerfstudio_models/step-000010001.ckpt,128,35229,,,
01bbc65a5e7c4c5985979437bca37e49,processed,,512,/project/ricky/splatformer-data-new/train-set/objaverse/512/colmap/01bbc65a5e7c4c5985979437bca37e49/images,/project/ricky/splatformer-data-new/train-set/objaverse/512/nerfstudio/01bbc65a5e7c4c5985979437bca37e49/splatfacto/nerfstudio_models/step-000010001.ckpt,128,40242,,,
01bbc65a5e7c4c5985979437bca37e49,processed,,128,/project/ricky/splatformer-data-new/train-set/objaverse/128/colmap/01bbc65a5e7c4c5985979437bca37e49/images,/project/ricky/splatformer-data-new/train-set/objaverse/128/nerfstudio/01bbc65a5e7c4c5985979437bca37e49/splatfacto/nerfstudio_models/step-000010001.ckpt,128,14264,,,
01bbdcd2ef1b4da09b049b1b8ece5f37,processed,,512,/project/ricky/splatformer-data-new/train-set/objaverse/512/colmap/01bbdcd2ef1b4da09b049b1b8ece5f37/images,/project/ricky/splatformer-data-new/train-set/objaverse/512/nerfstudio/01bbdcd2ef1b4da09b049b1b8ece5f37/splatfacto/nerfstudio_models/step-000010001.ckpt,128,51888,,,
01bbdcd2ef1b4da09b049b1b8ece5f37,processed,,128,/project/ricky/splatformer-data-new/train-set/objaverse/128/colmap/01bbdcd2ef1b4da09b049b1b8ece5f37/images,/project/ricky/splatformer-data-new/train-set/objaverse/128/nerfstudio/01bbdcd2ef1b4da09b049b1b8ece5f37/splatfacto/nerfstudio_models/step-000010001.ckpt,128,51158,,,
01bc647c8564442290130351eb6c1e99,processed,,512,/project/ricky/splatformer-data-new/train-set/objaverse/512/colmap/01bc647c8564442290130351eb6c1e99/images,/project/ricky/splatformer-data-new/train-set/objaverse/512/nerfstudio/01bc647c8564442290130351eb6c1e99/splatfacto/nerfstudio_models/step-000010001.ckpt,128,71883,,,
01bc647c8564442290130351eb6c1e99,processed,,128,/project/ricky/splatformer-data-new/train-set/objaverse/128/colmap/01bc647c8564442290130351eb6c1e99/images,/project/ricky/splatformer-data-new/train-set/objaverse/128/nerfstudio/01bc647c8564442290130351eb6c1e99/splatfacto/nerfstudio_models/step-000010001.ckpt,128,52635,,,
01bfc56bb52845c6b4ac144cd5773117,processed,,512,/project/ricky/splatformer-data-new/train-set/objaverse/512/colmap/01bfc56bb52845c6b4ac144cd5773117/images,/project/ricky/splatformer-data-new/train-set/objaverse/512/nerfstudio/01bfc56bb52845c6b4ac144cd5773117/splatfacto/nerfstudio_models/step-000010001.ckpt,128,96340,,,
01bfc56bb52845c6b4ac144cd5773117,processed,,128,/project/ricky/splatformer-data-new/train-set/objaverse/128/colmap/01bfc56bb52845c6b4ac144cd5773117/images,/project/ricky/splatformer-data-new/train-set/objaverse/128/nerfstudio/01bfc56bb52845c6b4ac144cd5773117/splatfacto/nerfstudio_models/step-000010001.ckpt,128,41927,,,
01c13114859c4640a69e77e30d22b3d3,processed,,512,/project/ricky/splatformer-data-new/train-set/objaverse/512/colmap/01c13114859c4640a69e77e30d22b3d3/images,/project/ricky/splatformer-data-new/train-set/objaverse/512/nerfstudio/01c13114859c4640a69e77e30d22b3d3/splatfacto/nerfstudio_models/step-000010001.ckpt,128,66444,,,
01c13114859c4640a69e77e30d22b3d3,processed,,128,/project/ricky/splatformer-data-new/train-set/objaverse/128/colmap/01c13114859c4640a69e77e30d22b3d3/images,/project/ricky/splatformer-data-new/train-set/objaverse/128/nerfstudio/01c13114859c4640a69e77e30d22b3d3/splatfacto/nerfstudio_models/step-000010001.ckpt,128,55652,,,
01c85077979041649d75b2b6f1ad2923,processed,,512,/project/ricky/splatformer-data-new/train-set/objaverse/512/colmap/01c85077979041649d75b2b6f1ad2923/images,/project/ricky/splatformer-data-new/train-set/objaverse/512/nerfstudio/01c85077979041649d75b2b6f1ad2923/splatfacto/nerfstudio_models/step-000010001.ckpt,128,88017,,,
01c85077979041649d75b2b6f1ad2923,processed,,128,/project/ricky/splatformer-data-new/train-set/objaverse/128/colmap/01c85077979041649d75b2b6f1ad2923/images,/project/ricky/splatformer-data-new/train-set/objaverse/128/nerfstudio/01c85077979041649d75b2b6f1ad2923/splatfacto/nerfstudio_models/step-000010001.ckpt,128,62608,,,
01c929173d6f4002beeef105e58d52cb,processed,,512,/project/ricky/splatformer-data-new/train-set/objaverse/512/colmap/01c929173d6f4002beeef105e58d52cb/images,/project/ricky/splatformer-data-new/train-set/objaverse/512/nerfstudio/01c929173d6f4002beeef105e58d52cb/splatfacto/nerfstudio_models/step-000010001.ckpt,128,93101,,,
01c929173d6f4002beeef105e58d52cb,processed,,128,/project/ricky/splatformer-data-new/train-set/objaverse/128/colmap/01c929173d6f4002beeef105e58d52cb/images,/project/ricky/splatformer-data-new/train-set/objaverse/128/nerfstudio/01c929173d6f4002beeef105e58d52cb/splatfacto/nerfstudio_models/step-000010001.ckpt,128,49927,,,
01c9cb3c20c44191a0b0a1014919672b,processed,,512,/project/ricky/splatformer-data-new/train-set/objaverse/512/colmap/01c9cb3c20c44191a0b0a1014919672b/images,/project/ricky/splatformer-data-new/train-set/objaverse/512/nerfstudio/01c9cb3c20c44191a0b0a1014919672b/splatfacto/nerfstudio_models/step-000010001.ckpt,128,136426,,,
01c9cb3c20c44191a0b0a1014919672b,processed,,128,/project/ricky/splatformer-data-new/train-set/objaverse/128/colmap/01c9cb3c20c44191a0b0a1014919672b/images,/project/ricky/splatformer-data-new/train-set/objaverse/128/nerfstudio/01c9cb3c20c44191a0b0a1014919672b/splatfacto/nerfstudio_models/step-000010001.ckpt,128,33532,,,
01ca7440d6e1409baaf169482ac94056,processed,,512,/project/ricky/splatformer-data-new/train-set/objaverse/512/colmap/01ca7440d6e1409baaf169482ac94056/images,/project/ricky/splatformer-data-new/train-set/objaverse/512/nerfstudio/01ca7440d6e1409baaf169482ac94056/splatfacto/nerfstudio_models/step-000010001.ckpt,128,52824,,,
01ca7440d6e1409baaf169482ac94056,processed,,128,/project/ricky/splatformer-data-new/train-set/objaverse/128/colmap/01ca7440d6e1409baaf169482ac94056/images,/project/ricky/splatformer-data-new/train-set/objaverse/128/nerfstudio/01ca7440d6e1409baaf169482ac94056/splatfacto/nerfstudio_models/step-000010001.ckpt,128,47240,,,
01cbc17d8726457ebafa655f032f7a42,processed,,512,/project/ricky/splatformer-data-new/train-set/objaverse/512/colmap/01cbc17d8726457ebafa655f032f7a42/images,/project/ricky/splatformer-data-new/train-set/objaverse/512/nerfstudio/01cbc17d8726457ebafa655f032f7a42/splatfacto/nerfstudio_models/step-000010001.ckpt,128,86498,,,
01cbc17d8726457ebafa655f032f7a42,processed,,128,/project/ricky/splatformer-data-new/train-set/objaverse/128/colmap/01cbc17d8726457ebafa655f032f7a42/images,/project/ricky/splatformer-data-new/train-set/objaverse/128/nerfstudio/01cbc17d8726457ebafa655f032f7a42/splatfacto/nerfstudio_models/step-000010001.ckpt,128,43291,,,
01cd2bd3801a4cdaaea35994cafe68d2,processed,,512,/project/ricky/splatformer-data-new/train-set/objaverse/512/colmap/01cd2bd3801a4cdaaea35994cafe68d2/images,/project/ricky/splatformer-data-new/train-set/objaverse/512/nerfstudio/01cd2bd3801a4cdaaea35994cafe68d2/splatfacto/nerfstudio_models/step-000010001.ckpt,128,58057,,,
01cd2bd3801a4cdaaea35994cafe68d2,processed,,128,/project/ricky/splatformer-data-new/train-set/objaverse/128/colmap/01cd2bd3801a4cdaaea35994cafe68d2/images,/project/ricky/splatformer-data-new/train-set/objaverse/128/nerfstudio/01cd2bd3801a4cdaaea35994cafe68d2/splatfacto/nerfstudio_models/step-000010001.ckpt,128,27243,,,
01d2ca3ac7f740fc925232f718752018,skipped,missing_nerfstudio_scene_512,,,,,,,,
01d44e1d54174f9bb7cf28829318804e,processed,,512,/project/ricky/splatformer-data-new/train-set/objaverse/512/colmap/01d44e1d54174f9bb7cf28829318804e/images,/project/ricky/splatformer-data-new/train-set/objaverse/512/nerfstudio/01d44e1d54174f9bb7cf28829318804e/splatfacto/nerfstudio_models/step-000010001.ckpt,128,51082,,,
01d44e1d54174f9bb7cf28829318804e,processed,,128,/project/ricky/splatformer-data-new/train-set/objaverse/128/colmap/01d44e1d54174f9bb7cf28829318804e/images,/project/ricky/splatformer-data-new/train-set/objaverse/128/nerfstudio/01d44e1d54174f9bb7cf28829318804e/splatfacto/nerfstudio_models/step-000010001.ckpt,128,24506,,,
01dcffbc03554d6b9de9ca51952f81fe,processed,,512,/project/ricky/splatformer-data-new/train-set/objaverse/512/colmap/01dcffbc03554d6b9de9ca51952f81fe/images,/project/ricky/splatformer-data-new/train-set/objaverse/512/nerfstudio/01dcffbc03554d6b9de9ca51952f81fe/splatfacto/nerfstudio_models/step-000010001.ckpt,128,43611,,,
01dcffbc03554d6b9de9ca51952f81fe,processed,,128,/project/ricky/splatformer-data-new/train-set/objaverse/128/colmap/01dcffbc03554d6b9de9ca51952f81fe/images,/project/ricky/splatformer-data-new/train-set/objaverse/128/nerfstudio/01dcffbc03554d6b9de9ca51952f81fe/splatfacto/nerfstudio_models/step-000010001.ckpt,128,36946,,,
01e17979e2b64a39952b7932f1633454,processed,,512,/project/ricky/splatformer-data-new/train-set/objaverse/512/colmap/01e17979e2b64a39952b7932f1633454/images,/project/ricky/splatformer-data-new/train-set/objaverse/512/nerfstudio/01e17979e2b64a39952b7932f1633454/splatfacto/nerfstudio_models/step-000010001.ckpt,128,42615,,,
01e17979e2b64a39952b7932f1633454,processed,,128,/project/ricky/splatformer-data-new/train-set/objaverse/128/colmap/01e17979e2b64a39952b7932f1633454/images,/project/ricky/splatformer-data-new/train-set/objaverse/128/nerfstudio/01e17979e2b64a39952b7932f1633454/splatfacto/nerfstudio_models/step-000010001.ckpt,128,44114,,,
01e184e5a71c40039fd7af49e3e94a65,processed,,512,/project/ricky/splatformer-data-new/train-set/objaverse/512/colmap/01e184e5a71c40039fd7af49e3e94a65/images,/project/ricky/splatformer-data-new/train-set/objaverse/512/nerfstudio/01e184e5a71c40039fd7af49e3e94a65/splatfacto/nerfstudio_models/step-000010001.ckpt,128,212170,,,
01e184e5a71c40039fd7af49e3e94a65,processed,,128,/project/ricky/splatformer-data-new/train-set/objaverse/128/colmap/01e184e5a71c40039fd7af49e3e94a65/images,/project/ricky/splatformer-data-new/train-set/objaverse/128/nerfstudio/01e184e5a71c40039fd7af49e3e94a65/splatfacto/nerfstudio_models/step-000010001.ckpt,128,150313,,,
01e53befa6674c8e8d2fbd52c73f1f16,processed,,512,/project/ricky/splatformer-data-new/train-set/objaverse/512/colmap/01e53befa6674c8e8d2fbd52c73f1f16/images,/project/ricky/splatformer-data-new/train-set/objaverse/512/nerfstudio/01e53befa6674c8e8d2fbd52c73f1f16/splatfacto/nerfstudio_models/step-000010001.ckpt,128,18349,,,
01e53befa6674c8e8d2fbd52c73f1f16,processed,,128,/project/ricky/splatformer-data-new/train-set/objaverse/128/colmap/01e53befa6674c8e8d2fbd52c73f1f16/images,/project/ricky/splatformer-data-new/train-set/objaverse/128/nerfstudio/01e53befa6674c8e8d2fbd52c73f1f16/splatfacto/nerfstudio_models/step-000010001.ckpt,128,23127,,,
01e5b5acad9843818529d15663df5b9e,processed,,512,/project/ricky/splatformer-data-new/train-set/objaverse/512/colmap/01e5b5acad9843818529d15663df5b9e/images,/project/ricky/splatformer-data-new/train-set/objaverse/512/nerfstudio/01e5b5acad9843818529d15663df5b9e/splatfacto/nerfstudio_models/step-000010001.ckpt,128,24984,,,
01e5b5acad9843818529d15663df5b9e,processed,,128,/project/ricky/splatformer-data-new/train-set/objaverse/128/colmap/01e5b5acad9843818529d15663df5b9e/images,/project/ricky/splatformer-data-new/train-set/objaverse/128/nerfstudio/01e5b5acad9843818529d15663df5b9e/splatfacto/nerfstudio_models/step-000010001.ckpt,128,14963,,,
01e79ad98df04299926447d6dce5ec17,processed,,512,/project/ricky/splatformer-data-new/train-set/objaverse/512/colmap/01e79ad98df04299926447d6dce5ec17/images,/project/ricky/splatformer-data-new/train-set/objaverse/512/nerfstudio/01e79ad98df04299926447d6dce5ec17/splatfacto/nerfstudio_models/step-000010001.ckpt,128,48611,,,
01e79ad98df04299926447d6dce5ec17,processed,,128,/project/ricky/splatformer-data-new/train-set/objaverse/128/colmap/01e79ad98df04299926447d6dce5ec17/images,/project/ricky/splatformer-data-new/train-set/objaverse/128/nerfstudio/01e79ad98df04299926447d6dce5ec17/splatfacto/nerfstudio_models/step-000010001.ckpt,128,43662,,,
01eacef475874c0cbda0aa8f2e7db785,processed,,512,/project/ricky/splatformer-data-new/train-set/objaverse/512/colmap/01eacef475874c0cbda0aa8f2e7db785/images,/project/ricky/splatformer-data-new/train-set/objaverse/512/nerfstudio/01eacef475874c0cbda0aa8f2e7db785/splatfacto/nerfstudio_models/step-000010001.ckpt,128,38374,,,
01eacef475874c0cbda0aa8f2e7db785,processed,,128,/project/ricky/splatformer-data-new/train-set/objaverse/128/colmap/01eacef475874c0cbda0aa8f2e7db785/images,/project/ricky/splatformer-data-new/train-set/objaverse/128/nerfstudio/01eacef475874c0cbda0aa8f2e7db785/splatfacto/nerfstudio_models/step-000010001.ckpt,128,31760,,,
01eeb765a4fd4f2584fdaa5c184656c7,processed,,512,/project/ricky/splatformer-data-new/train-set/objaverse/512/colmap/01eeb765a4fd4f2584fdaa5c184656c7/images,/project/ricky/splatformer-data-new/train-set/objaverse/512/nerfstudio/01eeb765a4fd4f2584fdaa5c184656c7/splatfacto/nerfstudio_models/step-000010001.ckpt,128,23004,,,
01eeb765a4fd4f2584fdaa5c184656c7,processed,,128,/project/ricky/splatformer-data-new/train-set/objaverse/128/colmap/01eeb765a4fd4f2584fdaa5c184656c7/images,/project/ricky/splatformer-data-new/train-set/objaverse/128/nerfstudio/01eeb765a4fd4f2584fdaa5c184656c7/splatfacto/nerfstudio_models/step-000010001.ckpt,128,9838,,,
01efaea4773248568a1ed18ea38edeff,processed,,512,/project/ricky/splatformer-data-new/train-set/objaverse/512/colmap/01efaea4773248568a1ed18ea38edeff/images,/project/ricky/splatformer-data-new/train-set/objaverse/512/nerfstudio/01efaea4773248568a1ed18ea38edeff/splatfacto/nerfstudio_models/step-000010001.ckpt,128,43045,,,
01efaea4773248568a1ed18ea38edeff,processed,,128,/project/ricky/splatformer-data-new/train-set/objaverse/128/colmap/01efaea4773248568a1ed18ea38edeff/images,/project/ricky/splatformer-data-new/train-set/objaverse/128/nerfstudio/01efaea4773248568a1ed18ea38edeff/splatfacto/nerfstudio_models/step-000010001.ckpt,128,42890,,,
01f293c09c014285b4be97b7791add83,processed,,512,/project/ricky/splatformer-data-new/train-set/objaverse/512/colmap/01f293c09c014285b4be97b7791add83/images,/project/ricky/splatformer-data-new/train-set/objaverse/512/nerfstudio/01f293c09c014285b4be97b7791add83/splatfacto/nerfstudio_models/step-000010001.ckpt,128,49444,,,
01f293c09c014285b4be97b7791add83,processed,,128,/project/ricky/splatformer-data-new/train-set/objaverse/128/colmap/01f293c09c014285b4be97b7791add83/images,/project/ricky/splatformer-data-new/train-set/objaverse/128/nerfstudio/01f293c09c014285b4be97b7791add83/splatfacto/nerfstudio_models/step-000010001.ckpt,128,45723,,,
01f635f91d0b44afb272d84eeca08d73,processed,,512,/project/ricky/splatformer-data-new/train-set/objaverse/512/colmap/01f635f91d0b44afb272d84eeca08d73/images,/project/ricky/splatformer-data-new/train-set/objaverse/512/nerfstudio/01f635f91d0b44afb272d84eeca08d73/splatfacto/nerfstudio_models/step-000010001.ckpt,128,98331,,,
01f635f91d0b44afb272d84eeca08d73,processed,,128,/project/ricky/splatformer-data-new/train-set/objaverse/128/colmap/01f635f91d0b44afb272d84eeca08d73/images,/project/ricky/splatformer-data-new/train-set/objaverse/128/nerfstudio/01f635f91d0b44afb272d84eeca08d73/splatfacto/nerfstudio_models/step-000010001.ckpt,128,51505,,,
01f68fd97437419984d9360aa9d09ad4,processed,,512,/project/ricky/splatformer-data-new/train-set/objaverse/512/colmap/01f68fd97437419984d9360aa9d09ad4/images,/project/ricky/splatformer-data-new/train-set/objaverse/512/nerfstudio/01f68fd97437419984d9360aa9d09ad4/splatfacto/nerfstudio_models/step-000010001.ckpt,128,36278,,,
01f68fd97437419984d9360aa9d09ad4,processed,,128,/project/ricky/splatformer-data-new/train-set/objaverse/128/colmap/01f68fd97437419984d9360aa9d09ad4/images,/project/ricky/splatformer-data-new/train-set/objaverse/128/nerfstudio/01f68fd97437419984d9360aa9d09ad4/splatfacto/nerfstudio_models/step-000010001.ckpt,128,25260,,,
01f96b607ba64fe89e13b7de1d48df99,processed,,512,/project/ricky/splatformer-data-new/train-set/objaverse/512/colmap/01f96b607ba64fe89e13b7de1d48df99/images,/project/ricky/splatformer-data-new/train-set/objaverse/512/nerfstudio/01f96b607ba64fe89e13b7de1d48df99/splatfacto/nerfstudio_models/step-000010001.ckpt,128,38856,,,
01f96b607ba64fe89e13b7de1d48df99,processed,,128,/project/ricky/splatformer-data-new/train-set/objaverse/128/colmap/01f96b607ba64fe89e13b7de1d48df99/images,/project/ricky/splatformer-data-new/train-set/objaverse/128/nerfstudio/01f96b607ba64fe89e13b7de1d48df99/splatfacto/nerfstudio_models/step-000010001.ckpt,128,27361,,,
01fa8487749d4aca8ae56e673191c019,processed,,512,/project/ricky/splatformer-data-new/train-set/objaverse/512/colmap/01fa8487749d4aca8ae56e673191c019/images,/project/ricky/splatformer-data-new/train-set/objaverse/512/nerfstudio/01fa8487749d4aca8ae56e673191c019/splatfacto/nerfstudio_models/step-000010001.ckpt,128,42552,,,
01fa8487749d4aca8ae56e673191c019,processed,,128,/project/ricky/splatformer-data-new/train-set/objaverse/128/colmap/01fa8487749d4aca8ae56e673191c019/images,/project/ricky/splatformer-data-new/train-set/objaverse/128/nerfstudio/01fa8487749d4aca8ae56e673191c019/splatfacto/nerfstudio_models/step-000010001.ckpt,128,34401,,,
01ff67b792744e7fb4c53a44d8bc3e73,processed,,512,/project/ricky/splatformer-data-new/train-set/objaverse/512/colmap/01ff67b792744e7fb4c53a44d8bc3e73/images,/project/ricky/splatformer-data-new/train-set/objaverse/512/nerfstudio/01ff67b792744e7fb4c53a44d8bc3e73/splatfacto/nerfstudio_models/step-000010001.ckpt,128,51729,,,
01ff67b792744e7fb4c53a44d8bc3e73,processed,,128,/project/ricky/splatformer-data-new/train-set/objaverse/128/colmap/01ff67b792744e7fb4c53a44d8bc3e73/images,/project/ricky/splatformer-data-new/train-set/objaverse/128/nerfstudio/01ff67b792744e7fb4c53a44d8bc3e73/splatfacto/nerfstudio_models/step-000010001.ckpt,128,47105,,,
02001f3455c7434f94f25a5be23f4098,processed,,512,/project/ricky/splatformer-data-new/train-set/objaverse/512/colmap/02001f3455c7434f94f25a5be23f4098/images,/project/ricky/splatformer-data-new/train-set/objaverse/512/nerfstudio/02001f3455c7434f94f25a5be23f4098/splatfacto/nerfstudio_models/step-000010001.ckpt,128,165061,,,
02001f3455c7434f94f25a5be23f4098,processed,,128,/project/ricky/splatformer-data-new/train-set/objaverse/128/colmap/02001f3455c7434f94f25a5be23f4098/images,/project/ricky/splatformer-data-new/train-set/objaverse/128/nerfstudio/02001f3455c7434f94f25a5be23f4098/splatfacto/nerfstudio_models/step-000010001.ckpt,128,20898,,,
02003e6f22f7452cb8137f7fdc9788c9,processed,,512,/project/ricky/splatformer-data-new/train-set/objaverse/512/colmap/02003e6f22f7452cb8137f7fdc9788c9/images,/project/ricky/splatformer-data-new/train-set/objaverse/512/nerfstudio/02003e6f22f7452cb8137f7fdc9788c9/splatfacto/nerfstudio_models/step-000010001.ckpt,128,18072,,,
02003e6f22f7452cb8137f7fdc9788c9,processed,,128,/project/ricky/splatformer-data-new/train-set/objaverse/128/colmap/02003e6f22f7452cb8137f7fdc9788c9/images,/project/ricky/splatformer-data-new/train-set/objaverse/128/nerfstudio/02003e6f22f7452cb8137f7fdc9788c9/splatfacto/nerfstudio_models/step-000010001.ckpt,128,20960,,,
02014c21e1d84e98b2f7e4e560a8f7cd,processed,,512,/project/ricky/splatformer-data-new/train-set/objaverse/512/colmap/02014c21e1d84e98b2f7e4e560a8f7cd/images,/project/ricky/splatformer-data-new/train-set/objaverse/512/nerfstudio/02014c21e1d84e98b2f7e4e560a8f7cd/splatfacto/nerfstudio_models/step-000010001.ckpt,128,50271,,,
02014c21e1d84e98b2f7e4e560a8f7cd,processed,,128,/project/ricky/splatformer-data-new/train-set/objaverse/128/colmap/02014c21e1d84e98b2f7e4e560a8f7cd/images,/project/ricky/splatformer-data-new/train-set/objaverse/128/nerfstudio/02014c21e1d84e98b2f7e4e560a8f7cd/splatfacto/nerfstudio_models/step-000010001.ckpt,128,44513,,,
02030339c8f6454bbf143a3cdf694b0e,processed,,512,/project/ricky/splatformer-data-new/train-set/objaverse/512/colmap/02030339c8f6454bbf143a3cdf694b0e/images,/project/ricky/splatformer-data-new/train-set/objaverse/512/nerfstudio/02030339c8f6454bbf143a3cdf694b0e/splatfacto/nerfstudio_models/step-000010001.ckpt,128,30520,,,
02030339c8f6454bbf143a3cdf694b0e,processed,,128,/project/ricky/splatformer-data-new/train-set/objaverse/128/colmap/02030339c8f6454bbf143a3cdf694b0e/images,/project/ricky/splatformer-data-new/train-set/objaverse/128/nerfstudio/02030339c8f6454bbf143a3cdf694b0e/splatfacto/nerfstudio_models/step-000010001.ckpt,128,23409,,,
0204a5dee4e54ffb8c28ab175cf41040,processed,,512,/project/ricky/splatformer-data-new/train-set/objaverse/512/colmap/0204a5dee4e54ffb8c28ab175cf41040/images,/project/ricky/splatformer-data-new/train-set/objaverse/512/nerfstudio/0204a5dee4e54ffb8c28ab175cf41040/splatfacto/nerfstudio_models/step-000010001.ckpt,128,16538,,,
0204a5dee4e54ffb8c28ab175cf41040,processed,,128,/project/ricky/splatformer-data-new/train-set/objaverse/128/colmap/0204a5dee4e54ffb8c28ab175cf41040/images,/project/ricky/splatformer-data-new/train-set/objaverse/128/nerfstudio/0204a5dee4e54ffb8c28ab175cf41040/splatfacto/nerfstudio_models/step-000010001.ckpt,128,3575,,,
0207d88de23241b5b12ceeca91206fea,processed,,512,/project/ricky/splatformer-data-new/train-set/objaverse/512/colmap/0207d88de23241b5b12ceeca91206fea/images,/project/ricky/splatformer-data-new/train-set/objaverse/512/nerfstudio/0207d88de23241b5b12ceeca91206fea/splatfacto/nerfstudio_models/step-000010001.ckpt,128,58447,,,
0207d88de23241b5b12ceeca91206fea,processed,,128,/project/ricky/splatformer-data-new/train-set/objaverse/128/colmap/0207d88de23241b5b12ceeca91206fea/images,/project/ricky/splatformer-data-new/train-set/objaverse/128/nerfstudio/0207d88de23241b5b12ceeca91206fea/splatfacto/nerfstudio_models/step-000010001.ckpt,128,49373,,,
02105499807d4fdab64f1921377e3a39,processed,,512,/project/ricky/splatformer-data-new/train-set/objaverse/512/colmap/02105499807d4fdab64f1921377e3a39/images,/project/ricky/splatformer-data-new/train-set/objaverse/512/nerfstudio/02105499807d4fdab64f1921377e3a39/splatfacto/nerfstudio_models/step-000010001.ckpt,128,26022,,,
02105499807d4fdab64f1921377e3a39,processed,,128,/project/ricky/splatformer-data-new/train-set/objaverse/128/colmap/02105499807d4fdab64f1921377e3a39/images,/project/ricky/splatformer-data-new/train-set/objaverse/128/nerfstudio/02105499807d4fdab64f1921377e3a39/splatfacto/nerfstudio_models/step-000010001.ckpt,128,27299,,,
02120d45f304452d893936a2039ae6ed,processed,,512,/project/ricky/splatformer-data-new/train-set/objaverse/512/colmap/02120d45f304452d893936a2039ae6ed/images,/project/ricky/splatformer-data-new/train-set/objaverse/512/nerfstudio/02120d45f304452d893936a2039ae6ed/splatfacto/nerfstudio_models/step-000010001.ckpt,128,164998,,,
02120d45f304452d893936a2039ae6ed,processed,,128,/project/ricky/splatformer-data-new/train-set/objaverse/128/colmap/02120d45f304452d893936a2039ae6ed/images,/project/ricky/splatformer-data-new/train-set/objaverse/128/nerfstudio/02120d45f304452d893936a2039ae6ed/splatfacto/nerfstudio_models/step-000010001.ckpt,128,100971,,,
0216504169f34f75840acbae119600b5,processed,,512,/project/ricky/splatformer-data-new/train-set/objaverse/512/colmap/0216504169f34f75840acbae119600b5/images,/project/ricky/splatformer-data-new/train-set/objaverse/512/nerfstudio/0216504169f34f75840acbae119600b5/splatfacto/nerfstudio_models/step-000010001.ckpt,128,285865,,,
0216504169f34f75840acbae119600b5,processed,,128,/project/ricky/splatformer-data-new/train-set/objaverse/128/colmap/0216504169f34f75840acbae119600b5/images,/project/ricky/splatformer-data-new/train-set/objaverse/128/nerfstudio/0216504169f34f75840acbae119600b5/splatfacto/nerfstudio_models/step-000010001.ckpt,128,61555,,,
0216b593326e40b6acaf264641de6105,processed,,512,/project/ricky/splatformer-data-new/train-set/objaverse/512/colmap/0216b593326e40b6acaf264641de6105/images,/project/ricky/splatformer-data-new/train-set/objaverse/512/nerfstudio/0216b593326e40b6acaf264641de6105/splatfacto/nerfstudio_models/step-000010001.ckpt,128,68656,,,
0216b593326e40b6acaf264641de6105,processed,,128,/project/ricky/splatformer-data-new/train-set/objaverse/128/colmap/0216b593326e40b6acaf264641de6105/images,/project/ricky/splatformer-data-new/train-set/objaverse/128/nerfstudio/0216b593326e40b6acaf264641de6105/splatfacto/nerfstudio_models/step-000010001.ckpt,128,45561,,,
0217fdb39877467fa28333195989d4bd,processed,,512,/project/ricky/splatformer-data-new/train-set/objaverse/512/colmap/0217fdb39877467fa28333195989d4bd/images,/project/ricky/splatformer-data-new/train-set/objaverse/512/nerfstudio/0217fdb39877467fa28333195989d4bd/splatfacto/nerfstudio_models/step-000010001.ckpt,128,58148,,,
0217fdb39877467fa28333195989d4bd,processed,,128,/project/ricky/splatformer-data-new/train-set/objaverse/128/colmap/0217fdb39877467fa28333195989d4bd/images,/project/ricky/splatformer-data-new/train-set/objaverse/128/nerfstudio/0217fdb39877467fa28333195989d4bd/splatfacto/nerfstudio_models/step-000010001.ckpt,128,29721,,,
021ae430f81d4cb9833ee3be67c1aa1a,processed,,512,/project/ricky/splatformer-data-new/train-set/objaverse/512/colmap/021ae430f81d4cb9833ee3be67c1aa1a/images,/project/ricky/splatformer-data-new/train-set/objaverse/512/nerfstudio/021ae430f81d4cb9833ee3be67c1aa1a/splatfacto/nerfstudio_models/step-000010001.ckpt,128,79010,,,
021ae430f81d4cb9833ee3be67c1aa1a,processed,,128,/project/ricky/splatformer-data-new/train-set/objaverse/128/colmap/021ae430f81d4cb9833ee3be67c1aa1a/images,/project/ricky/splatformer-data-new/train-set/objaverse/128/nerfstudio/021ae430f81d4cb9833ee3be67c1aa1a/splatfacto/nerfstudio_models/step-000010001.ckpt,128,81146,,,
021b23fdb0b24078b38e59cf1ce1d998,processed,,512,/project/ricky/splatformer-data-new/train-set/objaverse/512/colmap/021b23fdb0b24078b38e59cf1ce1d998/images,/project/ricky/splatformer-data-new/train-set/objaverse/512/nerfstudio/021b23fdb0b24078b38e59cf1ce1d998/splatfacto/nerfstudio_models/step-000010001.ckpt,128,87474,,,
021b23fdb0b24078b38e59cf1ce1d998,processed,,128,/project/ricky/splatformer-data-new/train-set/objaverse/128/colmap/021b23fdb0b24078b38e59cf1ce1d998/images,/project/ricky/splatformer-data-new/train-set/objaverse/128/nerfstudio/021b23fdb0b24078b38e59cf1ce1d998/splatfacto/nerfstudio_models/step-000010001.ckpt,128,49450,,,
02206da59d24400db8078cf47461e022,processed,,512,/project/ricky/splatformer-data-new/train-set/objaverse/512/colmap/02206da59d24400db8078cf47461e022/images,/project/ricky/splatformer-data-new/train-set/objaverse/512/nerfstudio/02206da59d24400db8078cf47461e022/splatfacto/nerfstudio_models/step-000010001.ckpt,128,73750,,,
02206da59d24400db8078cf47461e022,processed,,128,/project/ricky/splatformer-data-new/train-set/objaverse/128/colmap/02206da59d24400db8078cf47461e022/images,/project/ricky/splatformer-data-new/train-set/objaverse/128/nerfstudio/02206da59d24400db8078cf47461e022/splatfacto/nerfstudio_models/step-000010001.ckpt,128,42943,,,
0221998e66a742ca81af791457eef8ca,processed,,512,/project/ricky/splatformer-data-new/train-set/objaverse/512/colmap/0221998e66a742ca81af791457eef8ca/images,/project/ricky/splatformer-data-new/train-set/objaverse/512/nerfstudio/0221998e66a742ca81af791457eef8ca/splatfacto/nerfstudio_models/step-000010001.ckpt,128,129313,,,
0221998e66a742ca81af791457eef8ca,processed,,128,/project/ricky/splatformer-data-new/train-set/objaverse/128/colmap/0221998e66a742ca81af791457eef8ca/images,/project/ricky/splatformer-data-new/train-set/objaverse/128/nerfstudio/0221998e66a742ca81af791457eef8ca/splatfacto/nerfstudio_models/step-000010001.ckpt,128,78998,,,
0227c9f08c324416b665a9dd39e81579,processed,,512,/project/ricky/splatformer-data-new/train-set/objaverse/512/colmap/0227c9f08c324416b665a9dd39e81579/images,/project/ricky/splatformer-data-new/train-set/objaverse/512/nerfstudio/0227c9f08c324416b665a9dd39e81579/splatfacto/nerfstudio_models/step-000010001.ckpt,128,84111,,,
0227c9f08c324416b665a9dd39e81579,processed,,128,/project/ricky/splatformer-data-new/train-set/objaverse/128/colmap/0227c9f08c324416b665a9dd39e81579/images,/project/ricky/splatformer-data-new/train-set/objaverse/128/nerfstudio/0227c9f08c324416b665a9dd39e81579/splatfacto/nerfstudio_models/step-000010001.ckpt,128,53037,,,
022b8c5b52a84c91a3670a00fb111dc7,processed,,512,/project/ricky/splatformer-data-new/train-set/objaverse/512/colmap/022b8c5b52a84c91a3670a00fb111dc7/images,/project/ricky/splatformer-data-new/train-set/objaverse/512/nerfstudio/022b8c5b52a84c91a3670a00fb111dc7/splatfacto/nerfstudio_models/step-000010001.ckpt,128,30934,,,
022b8c5b52a84c91a3670a00fb111dc7,processed,,128,/project/ricky/splatformer-data-new/train-set/objaverse/128/colmap/022b8c5b52a84c91a3670a00fb111dc7/images,/project/ricky/splatformer-data-new/train-set/objaverse/128/nerfstudio/022b8c5b52a84c91a3670a00fb111dc7/splatfacto/nerfstudio_models/step-000010001.ckpt,128,25624,,,
022e4186d49f47249e512b033659a126,processed,,512,/project/ricky/splatformer-data-new/train-set/objaverse/512/colmap/022e4186d49f47249e512b033659a126/images,/project/ricky/splatformer-data-new/train-set/objaverse/512/nerfstudio/022e4186d49f47249e512b033659a126/splatfacto/nerfstudio_models/step-000010001.ckpt,128,232373,,,
022e4186d49f47249e512b033659a126,processed,,128,/project/ricky/splatformer-data-new/train-set/objaverse/128/colmap/022e4186d49f47249e512b033659a126/images,/project/ricky/splatformer-data-new/train-set/objaverse/128/nerfstudio/022e4186d49f47249e512b033659a126/splatfacto/nerfstudio_models/step-000010001.ckpt,128,88070,,,
022f27872f0e4536899742b808ce2243,processed,,512,/project/ricky/splatformer-data-new/train-set/objaverse/512/colmap/022f27872f0e4536899742b808ce2243/images,/project/ricky/splatformer-data-new/train-set/objaverse/512/nerfstudio/022f27872f0e4536899742b808ce2243/splatfacto/nerfstudio_models/step-000010001.ckpt,128,39990,,,
022f27872f0e4536899742b808ce2243,processed,,128,/project/ricky/splatformer-data-new/train-set/objaverse/128/colmap/022f27872f0e4536899742b808ce2243/images,/project/ricky/splatformer-data-new/train-set/objaverse/128/nerfstudio/022f27872f0e4536899742b808ce2243/splatfacto/nerfstudio_models/step-000010001.ckpt,128,24845,,,
0232792286ac40ef80f59850ac0dc077,processed,,512,/project/ricky/splatformer-data-new/train-set/objaverse/512/colmap/0232792286ac40ef80f59850ac0dc077/images,/project/ricky/splatformer-data-new/train-set/objaverse/512/nerfstudio/0232792286ac40ef80f59850ac0dc077/splatfacto/nerfstudio_models/step-000010001.ckpt,128,86764,,,
0232792286ac40ef80f59850ac0dc077,processed,,128,/project/ricky/splatformer-data-new/train-set/objaverse/128/colmap/0232792286ac40ef80f59850ac0dc077/images,/project/ricky/splatformer-data-new/train-set/objaverse/128/nerfstudio/0232792286ac40ef80f59850ac0dc077/splatfacto/nerfstudio_models/step-000010001.ckpt,128,48283,,,
0235e7ce3a584b12a9a5f3a98aa76597,processed,,512,/project/ricky/splatformer-data-new/train-set/objaverse/512/colmap/0235e7ce3a584b12a9a5f3a98aa76597/images,/project/ricky/splatformer-data-new/train-set/objaverse/512/nerfstudio/0235e7ce3a584b12a9a5f3a98aa76597/splatfacto/nerfstudio_models/step-000010001.ckpt,128,120270,,,
0235e7ce3a584b12a9a5f3a98aa76597,processed,,128,/project/ricky/splatformer-data-new/train-set/objaverse/128/colmap/0235e7ce3a584b12a9a5f3a98aa76597/images,/project/ricky/splatformer-data-new/train-set/objaverse/128/nerfstudio/0235e7ce3a584b12a9a5f3a98aa76597/splatfacto/nerfstudio_models/step-000010001.ckpt,128,87202,,,
0235effaa2704355bc4da280c6e7fee1,processed,,512,/project/ricky/splatformer-data-new/train-set/objaverse/512/colmap/0235effaa2704355bc4da280c6e7fee1/images,/project/ricky/splatformer-data-new/train-set/objaverse/512/nerfstudio/0235effaa2704355bc4da280c6e7fee1/splatfacto/nerfstudio_models/step-000010001.ckpt,128,72594,,,
0235effaa2704355bc4da280c6e7fee1,processed,,128,/project/ricky/splatformer-data-new/train-set/objaverse/128/colmap/0235effaa2704355bc4da280c6e7fee1/images,/project/ricky/splatformer-data-new/train-set/objaverse/128/nerfstudio/0235effaa2704355bc4da280c6e7fee1/splatfacto/nerfstudio_models/step-000010001.ckpt,128,59680,,,
02370bbec0fc4bbdb35eadd2414264c8,processed,,512,/project/ricky/splatformer-data-new/train-set/objaverse/512/colmap/02370bbec0fc4bbdb35eadd2414264c8/images,/project/ricky/splatformer-data-new/train-set/objaverse/512/nerfstudio/02370bbec0fc4bbdb35eadd2414264c8/splatfacto/nerfstudio_models/step-000010001.ckpt,128,111412,,,
02370bbec0fc4bbdb35eadd2414264c8,processed,,128,/project/ricky/splatformer-data-new/train-set/objaverse/128/colmap/02370bbec0fc4bbdb35eadd2414264c8/images,/project/ricky/splatformer-data-new/train-set/objaverse/128/nerfstudio/02370bbec0fc4bbdb35eadd2414264c8/splatfacto/nerfstudio_models/step-000010001.ckpt,128,43307,,,
023a85a6a63e4d39937bf8cb3e38ae21,processed,,512,/project/ricky/splatformer-data-new/train-set/objaverse/512/colmap/023a85a6a63e4d39937bf8cb3e38ae21/images,/project/ricky/splatformer-data-new/train-set/objaverse/512/nerfstudio/023a85a6a63e4d39937bf8cb3e38ae21/splatfacto/nerfstudio_models/step-000010001.ckpt,128,48237,,,
023a85a6a63e4d39937bf8cb3e38ae21,processed,,128,/project/ricky/splatformer-data-new/train-set/objaverse/128/colmap/023a85a6a63e4d39937bf8cb3e38ae21/images,/project/ricky/splatformer-data-new/train-set/objaverse/128/nerfstudio/023a85a6a63e4d39937bf8cb3e38ae21/splatfacto/nerfstudio_models/step-000010001.ckpt,128,46025,,,
023b84bd68344740b63345de15e7302e,processed,,512,/project/ricky/splatformer-data-new/train-set/objaverse/512/colmap/023b84bd68344740b63345de15e7302e/images,/project/ricky/splatformer-data-new/train-set/objaverse/512/nerfstudio/023b84bd68344740b63345de15e7302e/splatfacto/nerfstudio_models/step-000010001.ckpt,128,37105,,,
023b84bd68344740b63345de15e7302e,processed,,128,/project/ricky/splatformer-data-new/train-set/objaverse/128/colmap/023b84bd68344740b63345de15e7302e/images,/project/ricky/splatformer-data-new/train-set/objaverse/128/nerfstudio/023b84bd68344740b63345de15e7302e/splatfacto/nerfstudio_models/step-000010001.ckpt,128,16151,,,
023e32dc203948dc954408c398375b41,processed,,512,/project/ricky/splatformer-data-new/train-set/objaverse/512/colmap/023e32dc203948dc954408c398375b41/images,/project/ricky/splatformer-data-new/train-set/objaverse/512/nerfstudio/023e32dc203948dc954408c398375b41/splatfacto/nerfstudio_models/step-000010001.ckpt,128,92830,,,
023e32dc203948dc954408c398375b41,processed,,128,/project/ricky/splatformer-data-new/train-set/objaverse/128/colmap/023e32dc203948dc954408c398375b41/images,/project/ricky/splatformer-data-new/train-set/objaverse/128/nerfstudio/023e32dc203948dc954408c398375b41/splatfacto/nerfstudio_models/step-000010001.ckpt,128,68824,,,
0240603101b44441adfbdc1ff6dfe567,processed,,512,/project/ricky/splatformer-data-new/train-set/objaverse/512/colmap/0240603101b44441adfbdc1ff6dfe567/images,/project/ricky/splatformer-data-new/train-set/objaverse/512/nerfstudio/0240603101b44441adfbdc1ff6dfe567/splatfacto/nerfstudio_models/step-000010001.ckpt,128,75682,,,
0240603101b44441adfbdc1ff6dfe567,processed,,128,/project/ricky/splatformer-data-new/train-set/objaverse/128/colmap/0240603101b44441adfbdc1ff6dfe567/images,/project/ricky/splatformer-data-new/train-set/objaverse/128/nerfstudio/0240603101b44441adfbdc1ff6dfe567/splatfacto/nerfstudio_models/step-000010001.ckpt,128,82020,,,
02448ce328b3419f81ca20fff59a1f8a,processed,,512,/project/ricky/splatformer-data-new/train-set/objaverse/512/colmap/02448ce328b3419f81ca20fff59a1f8a/images,/project/ricky/splatformer-data-new/train-set/objaverse/512/nerfstudio/02448ce328b3419f81ca20fff59a1f8a/splatfacto/nerfstudio_models/step-000010001.ckpt,128,69422,,,
02448ce328b3419f81ca20fff59a1f8a,processed,,128,/project/ricky/splatformer-data-new/train-set/objaverse/128/colmap/02448ce328b3419f81ca20fff59a1f8a/images,/project/ricky/splatformer-data-new/train-set/objaverse/128/nerfstudio/02448ce328b3419f81ca20fff59a1f8a/splatfacto/nerfstudio_models/step-000010001.ckpt,128,48836,,,
0247472b197c44bebcade0de75604060,processed,,512,/project/ricky/splatformer-data-new/train-set/objaverse/512/colmap/0247472b197c44bebcade0de75604060/images,/project/ricky/splatformer-data-new/train-set/objaverse/512/nerfstudio/0247472b197c44bebcade0de75604060/splatfacto/nerfstudio_models/step-000010001.ckpt,128,98285,,,
0247472b197c44bebcade0de75604060,processed,,128,/project/ricky/splatformer-data-new/train-set/objaverse/128/colmap/0247472b197c44bebcade0de75604060/images,/project/ricky/splatformer-data-new/train-set/objaverse/128/nerfstudio/0247472b197c44bebcade0de75604060/splatfacto/nerfstudio_models/step-000010001.ckpt,128,64015,,,
0248f3eb5fef4cff86b12dcb0b4b22d2,processed,,512,/project/ricky/splatformer-data-new/train-set/objaverse/512/colmap/0248f3eb5fef4cff86b12dcb0b4b22d2/images,/project/ricky/splatformer-data-new/train-set/objaverse/512/nerfstudio/0248f3eb5fef4cff86b12dcb0b4b22d2/splatfacto/nerfstudio_models/step-000010001.ckpt,128,44476,,,
0248f3eb5fef4cff86b12dcb0b4b22d2,processed,,128,/project/ricky/splatformer-data-new/train-set/objaverse/128/colmap/0248f3eb5fef4cff86b12dcb0b4b22d2/images,/project/ricky/splatformer-data-new/train-set/objaverse/128/nerfstudio/0248f3eb5fef4cff86b12dcb0b4b22d2/splatfacto/nerfstudio_models/step-000010001.ckpt,128,35993,,,
024a9ecad77f4ed1b9583625bd3e6752,processed,,512,/project/ricky/splatformer-data-new/train-set/objaverse/512/colmap/024a9ecad77f4ed1b9583625bd3e6752/images,/project/ricky/splatformer-data-new/train-set/objaverse/512/nerfstudio/024a9ecad77f4ed1b9583625bd3e6752/splatfacto/nerfstudio_models/step-000010001.ckpt,128,23233,,,
024a9ecad77f4ed1b9583625bd3e6752,processed,,128,/project/ricky/splatformer-data-new/train-set/objaverse/128/colmap/024a9ecad77f4ed1b9583625bd3e6752/images,/project/ricky/splatformer-data-new/train-set/objaverse/128/nerfstudio/024a9ecad77f4ed1b9583625bd3e6752/splatfacto/nerfstudio_models/step-000010001.ckpt,128,18358,,,
024aafbc48494718afe323548fc4df9a,processed,,512,/project/ricky/splatformer-data-new/train-set/objaverse/512/colmap/024aafbc48494718afe323548fc4df9a/images,/project/ricky/splatformer-data-new/train-set/objaverse/512/nerfstudio/024aafbc48494718afe323548fc4df9a/splatfacto/nerfstudio_models/step-000010001.ckpt,128,98878,,,
024aafbc48494718afe323548fc4df9a,processed,,128,/project/ricky/splatformer-data-new/train-set/objaverse/128/colmap/024aafbc48494718afe323548fc4df9a/images,/project/ricky/splatformer-data-new/train-set/objaverse/128/nerfstudio/024aafbc48494718afe323548fc4df9a/splatfacto/nerfstudio_models/step-000010001.ckpt,128,74800,,,
024befe9e917401489cd60739f37beda,processed,,512,/project/ricky/splatformer-data-new/train-set/objaverse/512/colmap/024befe9e917401489cd60739f37beda/images,/project/ricky/splatformer-data-new/train-set/objaverse/512/nerfstudio/024befe9e917401489cd60739f37beda/splatfacto/nerfstudio_models/step-000010001.ckpt,128,48791,,,
024befe9e917401489cd60739f37beda,processed,,128,/project/ricky/splatformer-data-new/train-set/objaverse/128/colmap/024befe9e917401489cd60739f37beda/images,/project/ricky/splatformer-data-new/train-set/objaverse/128/nerfstudio/024befe9e917401489cd60739f37beda/splatfacto/nerfstudio_models/step-000010001.ckpt,128,47094,,,
024d3dfd12704df1bac4894a3301384a,processed,,512,/project/ricky/splatformer-data-new/train-set/objaverse/512/colmap/024d3dfd12704df1bac4894a3301384a/images,/project/ricky/splatformer-data-new/train-set/objaverse/512/nerfstudio/024d3dfd12704df1bac4894a3301384a/splatfacto/nerfstudio_models/step-000010001.ckpt,128,11235,,,
024d3dfd12704df1bac4894a3301384a,processed,,128,/project/ricky/splatformer-data-new/train-set/objaverse/128/colmap/024d3dfd12704df1bac4894a3301384a/images,/project/ricky/splatformer-data-new/train-set/objaverse/128/nerfstudio/024d3dfd12704df1bac4894a3301384a/splatfacto/nerfstudio_models/step-000010001.ckpt,128,4431,,,
024fecceac1c454da49296ee46a884dd,processed,,512,/project/ricky/splatformer-data-new/train-set/objaverse/512/colmap/024fecceac1c454da49296ee46a884dd/images,/project/ricky/splatformer-data-new/train-set/objaverse/512/nerfstudio/024fecceac1c454da49296ee46a884dd/splatfacto/nerfstudio_models/step-000010001.ckpt,128,163199,,,
024fecceac1c454da49296ee46a884dd,processed,,128,/project/ricky/splatformer-data-new/train-set/objaverse/128/colmap/024fecceac1c454da49296ee46a884dd/images,/project/ricky/splatformer-data-new/train-set/objaverse/128/nerfstudio/024fecceac1c454da49296ee46a884dd/splatfacto/nerfstudio_models/step-000010001.ckpt,128,151002,,,
02522f3c49de4e758e6900339502c331,processed,,512,/project/ricky/splatformer-data-new/train-set/objaverse/512/colmap/02522f3c49de4e758e6900339502c331/images,/project/ricky/splatformer-data-new/train-set/objaverse/512/nerfstudio/02522f3c49de4e758e6900339502c331/splatfacto/nerfstudio_models/step-000010001.ckpt,128,83747,,,
02522f3c49de4e758e6900339502c331,processed,,128,/project/ricky/splatformer-data-new/train-set/objaverse/128/colmap/02522f3c49de4e758e6900339502c331/images,/project/ricky/splatformer-data-new/train-set/objaverse/128/nerfstudio/02522f3c49de4e758e6900339502c331/splatfacto/nerfstudio_models/step-000010001.ckpt,128,39140,,,
0254a04eab3542fe9e4ba15192ef8d3b,processed,,512,/project/ricky/splatformer-data-new/train-set/objaverse/512/colmap/0254a04eab3542fe9e4ba15192ef8d3b/images,/project/ricky/splatformer-data-new/train-set/objaverse/512/nerfstudio/0254a04eab3542fe9e4ba15192ef8d3b/splatfacto/nerfstudio_models/step-000010001.ckpt,128,24348,,,
0254a04eab3542fe9e4ba15192ef8d3b,processed,,128,/project/ricky/splatformer-data-new/train-set/objaverse/128/colmap/0254a04eab3542fe9e4ba15192ef8d3b/images,/project/ricky/splatformer-data-new/train-set/objaverse/128/nerfstudio/0254a04eab3542fe9e4ba15192ef8d3b/splatfacto/nerfstudio_models/step-000010001.ckpt,128,18803,,,
0255fdfaaf8e44b7a0a14f0a03f427ab,processed,,512,/project/ricky/splatformer-data-new/train-set/objaverse/512/colmap/0255fdfaaf8e44b7a0a14f0a03f427ab/images,/project/ricky/splatformer-data-new/train-set/objaverse/512/nerfstudio/0255fdfaaf8e44b7a0a14f0a03f427ab/splatfacto/nerfstudio_models/step-000010001.ckpt,128,50890,,,
0255fdfaaf8e44b7a0a14f0a03f427ab,processed,,128,/project/ricky/splatformer-data-new/train-set/objaverse/128/colmap/0255fdfaaf8e44b7a0a14f0a03f427ab/images,/project/ricky/splatformer-data-new/train-set/objaverse/128/nerfstudio/0255fdfaaf8e44b7a0a14f0a03f427ab/splatfacto/nerfstudio_models/step-000010001.ckpt,128,46036,,,
02570378084d4898a91e7d3101a3bee7,processed,,512,/project/ricky/splatformer-data-new/train-set/objaverse/512/colmap/02570378084d4898a91e7d3101a3bee7/images,/project/ricky/splatformer-data-new/train-set/objaverse/512/nerfstudio/02570378084d4898a91e7d3101a3bee7/splatfacto/nerfstudio_models/step-000010001.ckpt,128,22620,,,
02570378084d4898a91e7d3101a3bee7,processed,,128,/project/ricky/splatformer-data-new/train-set/objaverse/128/colmap/02570378084d4898a91e7d3101a3bee7/images,/project/ricky/splatformer-data-new/train-set/objaverse/128/nerfstudio/02570378084d4898a91e7d3101a3bee7/splatfacto/nerfstudio_models/step-000010001.ckpt,128,10268,,,
0257550bda694a1faa5d790a870fe59e,processed,,512,/project/ricky/splatformer-data-new/train-set/objaverse/512/colmap/0257550bda694a1faa5d790a870fe59e/images,/project/ricky/splatformer-data-new/train-set/objaverse/512/nerfstudio/0257550bda694a1faa5d790a870fe59e/splatfacto/nerfstudio_models/step-000010001.ckpt,128,86217,,,
0257550bda694a1faa5d790a870fe59e,processed,,128,/project/ricky/splatformer-data-new/train-set/objaverse/128/colmap/0257550bda694a1faa5d790a870fe59e/images,/project/ricky/splatformer-data-new/train-set/objaverse/128/nerfstudio/0257550bda694a1faa5d790a870fe59e/splatfacto/nerfstudio_models/step-000010001.ckpt,128,37021,,,
0258a0bbb31f43349200891eecd4049a,processed,,512,/project/ricky/splatformer-data-new/train-set/objaverse/512/colmap/0258a0bbb31f43349200891eecd4049a/images,/project/ricky/splatformer-data-new/train-set/objaverse/512/nerfstudio/0258a0bbb31f43349200891eecd4049a/splatfacto/nerfstudio_models/step-000010001.ckpt,128,56603,,,
0258a0bbb31f43349200891eecd4049a,processed,,128,/project/ricky/splatformer-data-new/train-set/objaverse/128/colmap/0258a0bbb31f43349200891eecd4049a/images,/project/ricky/splatformer-data-new/train-set/objaverse/128/nerfstudio/0258a0bbb31f43349200891eecd4049a/splatfacto/nerfstudio_models/step-000010001.ckpt,128,49138,,,
0258b95798b041bdbb0f15f4bb4f05ac,processed,,512,/project/ricky/splatformer-data-new/train-set/objaverse/512/colmap/0258b95798b041bdbb0f15f4bb4f05ac/images,/project/ricky/splatformer-data-new/train-set/objaverse/512/nerfstudio/0258b95798b041bdbb0f15f4bb4f05ac/splatfacto/nerfstudio_models/step-000010001.ckpt,128,31432,,,
0258b95798b041bdbb0f15f4bb4f05ac,processed,,128,/project/ricky/splatformer-data-new/train-set/objaverse/128/colmap/0258b95798b041bdbb0f15f4bb4f05ac/images,/project/ricky/splatformer-data-new/train-set/objaverse/128/nerfstudio/0258b95798b041bdbb0f15f4bb4f05ac/splatfacto/nerfstudio_models/step-000010001.ckpt,128,27601,,,
025a9f170f8b42e58426923b81d71d3e,processed,,512,/project/ricky/splatformer-data-new/train-set/objaverse/512/colmap/025a9f170f8b42e58426923b81d71d3e/images,/project/ricky/splatformer-data-new/train-set/objaverse/512/nerfstudio/025a9f170f8b42e58426923b81d71d3e/splatfacto/nerfstudio_models/step-000010001.ckpt,128,75038,,,
025a9f170f8b42e58426923b81d71d3e,processed,,128,/project/ricky/splatformer-data-new/train-set/objaverse/128/colmap/025a9f170f8b42e58426923b81d71d3e/images,/project/ricky/splatformer-data-new/train-set/objaverse/128/nerfstudio/025a9f170f8b42e58426923b81d71d3e/splatfacto/nerfstudio_models/step-000010001.ckpt,128,54810,,,
025e1f2ee11a4ec5adc7adaf3f04e758,processed,,512,/project/ricky/splatformer-data-new/train-set/objaverse/512/colmap/025e1f2ee11a4ec5adc7adaf3f04e758/images,/project/ricky/splatformer-data-new/train-set/objaverse/512/nerfstudio/025e1f2ee11a4ec5adc7adaf3f04e758/splatfacto/nerfstudio_models/step-000010001.ckpt,128,83502,,,
025e1f2ee11a4ec5adc7adaf3f04e758,processed,,128,/project/ricky/splatformer-data-new/train-set/objaverse/128/colmap/025e1f2ee11a4ec5adc7adaf3f04e758/images,/project/ricky/splatformer-data-new/train-set/objaverse/128/nerfstudio/025e1f2ee11a4ec5adc7adaf3f04e758/splatfacto/nerfstudio_models/step-000010001.ckpt,128,29715,,,
02611f31791b4bc4b112cdcda8738b81,processed,,512,/project/ricky/splatformer-data-new/train-set/objaverse/512/colmap/02611f31791b4bc4b112cdcda8738b81/images,/project/ricky/splatformer-data-new/train-set/objaverse/512/nerfstudio/02611f31791b4bc4b112cdcda8738b81/splatfacto/nerfstudio_models/step-000010001.ckpt,128,27901,,,
02611f31791b4bc4b112cdcda8738b81,processed,,128,/project/ricky/splatformer-data-new/train-set/objaverse/128/colmap/02611f31791b4bc4b112cdcda8738b81/images,/project/ricky/splatformer-data-new/train-set/objaverse/128/nerfstudio/02611f31791b4bc4b112cdcda8738b81/splatfacto/nerfstudio_models/step-000010001.ckpt,128,32638,,,
0267254d642448f4bbcf4c45f52e0576,processed,,512,/project/ricky/splatformer-data-new/train-set/objaverse/512/colmap/0267254d642448f4bbcf4c45f52e0576/images,/project/ricky/splatformer-data-new/train-set/objaverse/512/nerfstudio/0267254d642448f4bbcf4c45f52e0576/splatfacto/nerfstudio_models/step-000010001.ckpt,128,81163,,,
0267254d642448f4bbcf4c45f52e0576,processed,,128,/project/ricky/splatformer-data-new/train-set/objaverse/128/colmap/0267254d642448f4bbcf4c45f52e0576/images,/project/ricky/splatformer-data-new/train-set/objaverse/128/nerfstudio/0267254d642448f4bbcf4c45f52e0576/splatfacto/nerfstudio_models/step-000010001.ckpt,128,46195,,,
0267255c603b4692860d6dec7337fb22,processed,,512,/project/ricky/splatformer-data-new/train-set/objaverse/512/colmap/0267255c603b4692860d6dec7337fb22/images,/project/ricky/splatformer-data-new/train-set/objaverse/512/nerfstudio/0267255c603b4692860d6dec7337fb22/splatfacto/nerfstudio_models/step-000010001.ckpt,128,48910,,,
0267255c603b4692860d6dec7337fb22,processed,,128,/project/ricky/splatformer-data-new/train-set/objaverse/128/colmap/0267255c603b4692860d6dec7337fb22/images,/project/ricky/splatformer-data-new/train-set/objaverse/128/nerfstudio/0267255c603b4692860d6dec7337fb22/splatfacto/nerfstudio_models/step-000010001.ckpt,128,43602,,,
0269ed15af394684977a1f9f45484077,processed,,512,/project/ricky/splatformer-data-new/train-set/objaverse/512/colmap/0269ed15af394684977a1f9f45484077/images,/project/ricky/splatformer-data-new/train-set/objaverse/512/nerfstudio/0269ed15af394684977a1f9f45484077/splatfacto/nerfstudio_models/step-000010001.ckpt,128,105302,,,
0269ed15af394684977a1f9f45484077,processed,,128,/project/ricky/splatformer-data-new/train-set/objaverse/128/colmap/0269ed15af394684977a1f9f45484077/images,/project/ricky/splatformer-data-new/train-set/objaverse/128/nerfstudio/0269ed15af394684977a1f9f45484077/splatfacto/nerfstudio_models/step-000010001.ckpt,128,51987,,,
026a457b82084f17813b502df143bec9,processed,,512,/project/ricky/splatformer-data-new/train-set/objaverse/512/colmap/026a457b82084f17813b502df143bec9/images,/project/ricky/splatformer-data-new/train-set/objaverse/512/nerfstudio/026a457b82084f17813b502df143bec9/splatfacto/nerfstudio_models/step-000010001.ckpt,128,197985,,,
026a457b82084f17813b502df143bec9,processed,,128,/project/ricky/splatformer-data-new/train-set/objaverse/128/colmap/026a457b82084f17813b502df143bec9/images,/project/ricky/splatformer-data-new/train-set/objaverse/128/nerfstudio/026a457b82084f17813b502df143bec9/splatfacto/nerfstudio_models/step-000010001.ckpt,128,156781,,,
026b237479624607a321775c2b0b0c6b,processed,,512,/project/ricky/splatformer-data-new/train-set/objaverse/512/colmap/026b237479624607a321775c2b0b0c6b/images,/project/ricky/splatformer-data-new/train-set/objaverse/512/nerfstudio/026b237479624607a321775c2b0b0c6b/splatfacto/nerfstudio_models/step-000010001.ckpt,128,71895,,,
026b237479624607a321775c2b0b0c6b,processed,,128,/project/ricky/splatformer-data-new/train-set/objaverse/128/colmap/026b237479624607a321775c2b0b0c6b/images,/project/ricky/splatformer-data-new/train-set/objaverse/128/nerfstudio/026b237479624607a321775c2b0b0c6b/splatfacto/nerfstudio_models/step-000010001.ckpt,128,49028,,,
026d4dd104e244efbdda0d7b444fa9bb,processed,,512,/project/ricky/splatformer-data-new/train-set/objaverse/512/colmap/026d4dd104e244efbdda0d7b444fa9bb/images,/project/ricky/splatformer-data-new/train-set/objaverse/512/nerfstudio/026d4dd104e244efbdda0d7b444fa9bb/splatfacto/nerfstudio_models/step-000010001.ckpt,128,105786,,,
026d4dd104e244efbdda0d7b444fa9bb,processed,,128,/project/ricky/splatformer-data-new/train-set/objaverse/128/colmap/026d4dd104e244efbdda0d7b444fa9bb/images,/project/ricky/splatformer-data-new/train-set/objaverse/128/nerfstudio/026d4dd104e244efbdda0d7b444fa9bb/splatfacto/nerfstudio_models/step-000010001.ckpt,128,66348,,,
026d9d604ffc480bbc271e7c2ca4dd73,processed,,512,/project/ricky/splatformer-data-new/train-set/objaverse/512/colmap/026d9d604ffc480bbc271e7c2ca4dd73/images,/project/ricky/splatformer-data-new/train-set/objaverse/512/nerfstudio/026d9d604ffc480bbc271e7c2ca4dd73/splatfacto/nerfstudio_models/step-000010001.ckpt,128,89843,,,
026d9d604ffc480bbc271e7c2ca4dd73,processed,,128,/project/ricky/splatformer-data-new/train-set/objaverse/128/colmap/026d9d604ffc480bbc271e7c2ca4dd73/images,/project/ricky/splatformer-data-new/train-set/objaverse/128/nerfstudio/026d9d604ffc480bbc271e7c2ca4dd73/splatfacto/nerfstudio_models/step-000010001.ckpt,128,79755,,,
02760216931340f88e59b5fee4a0a696,processed,,512,/project/ricky/splatformer-data-new/train-set/objaverse/512/colmap/02760216931340f88e59b5fee4a0a696/images,/project/ricky/splatformer-data-new/train-set/objaverse/512/nerfstudio/02760216931340f88e59b5fee4a0a696/splatfacto/nerfstudio_models/step-000010001.ckpt,128,42386,,,
02760216931340f88e59b5fee4a0a696,processed,,128,/project/ricky/splatformer-data-new/train-set/objaverse/128/colmap/02760216931340f88e59b5fee4a0a696/images,/project/ricky/splatformer-data-new/train-set/objaverse/128/nerfstudio/02760216931340f88e59b5fee4a0a696/splatfacto/nerfstudio_models/step-000010001.ckpt,128,56990,,,
0276ac0788804b0a961727d9328ba095,processed,,512,/project/ricky/splatformer-data-new/train-set/objaverse/512/colmap/0276ac0788804b0a961727d9328ba095/images,/project/ricky/splatformer-data-new/train-set/objaverse/512/nerfstudio/0276ac0788804b0a961727d9328ba095/splatfacto/nerfstudio_models/step-000010001.ckpt,128,31288,,,
0276ac0788804b0a961727d9328ba095,processed,,128,/project/ricky/splatformer-data-new/train-set/objaverse/128/colmap/0276ac0788804b0a961727d9328ba095/images,/project/ricky/splatformer-data-new/train-set/objaverse/128/nerfstudio/0276ac0788804b0a961727d9328ba095/splatfacto/nerfstudio_models/step-000010001.ckpt,128,27315,,,
027b52e06a834d3ea1c9f298f1b61148,processed,,512,/project/ricky/splatformer-data-new/train-set/objaverse/512/colmap/027b52e06a834d3ea1c9f298f1b61148/images,/project/ricky/splatformer-data-new/train-set/objaverse/512/nerfstudio/027b52e06a834d3ea1c9f298f1b61148/splatfacto/nerfstudio_models/step-000010001.ckpt,128,68725,,,
027b52e06a834d3ea1c9f298f1b61148,processed,,128,/project/ricky/splatformer-data-new/train-set/objaverse/128/colmap/027b52e06a834d3ea1c9f298f1b61148/images,/project/ricky/splatformer-data-new/train-set/objaverse/128/nerfstudio/027b52e06a834d3ea1c9f298f1b61148/splatfacto/nerfstudio_models/step-000010001.ckpt,128,63046,,,
027f17fea0474de0a603547d024b9591,processed,,512,/project/ricky/splatformer-data-new/train-set/objaverse/512/colmap/027f17fea0474de0a603547d024b9591/images,/project/ricky/splatformer-data-new/train-set/objaverse/512/nerfstudio/027f17fea0474de0a603547d024b9591/splatfacto/nerfstudio_models/step-000010001.ckpt,128,14195,,,
027f17fea0474de0a603547d024b9591,processed,,128,/project/ricky/splatformer-data-new/train-set/objaverse/128/colmap/027f17fea0474de0a603547d024b9591/images,/project/ricky/splatformer-data-new/train-set/objaverse/128/nerfstudio/027f17fea0474de0a603547d024b9591/splatfacto/nerfstudio_models/step-000010001.ckpt,128,18032,,,
027facfb7b0a497f8dcb3aa16d64737a,processed,,512,/project/ricky/splatformer-data-new/train-set/objaverse/512/colmap/027facfb7b0a497f8dcb3aa16d64737a/images,/project/ricky/splatformer-data-new/train-set/objaverse/512/nerfstudio/027facfb7b0a497f8dcb3aa16d64737a/splatfacto/nerfstudio_models/step-000010001.ckpt,128,27049,,,
027facfb7b0a497f8dcb3aa16d64737a,processed,,128,/project/ricky/splatformer-data-new/train-set/objaverse/128/colmap/027facfb7b0a497f8dcb3aa16d64737a/images,/project/ricky/splatformer-data-new/train-set/objaverse/128/nerfstudio/027facfb7b0a497f8dcb3aa16d64737a/splatfacto/nerfstudio_models/step-000010001.ckpt,128,35213,,,
028179fe2a1f42798e4f8fecfda9e61a,processed,,512,/project/ricky/splatformer-data-new/train-set/objaverse/512/colmap/028179fe2a1f42798e4f8fecfda9e61a/images,/project/ricky/splatformer-data-new/train-set/objaverse/512/nerfstudio/028179fe2a1f42798e4f8fecfda9e61a/splatfacto/nerfstudio_models/step-000010001.ckpt,128,14404,,,
028179fe2a1f42798e4f8fecfda9e61a,processed,,128,/project/ricky/splatformer-data-new/train-set/objaverse/128/colmap/028179fe2a1f42798e4f8fecfda9e61a/images,/project/ricky/splatformer-data-new/train-set/objaverse/128/nerfstudio/028179fe2a1f42798e4f8fecfda9e61a/splatfacto/nerfstudio_models/step-000010001.ckpt,128,4475,,,
0283c12843bf4a10bf3ef11b5ebcbfa5,processed,,512,/project/ricky/splatformer-data-new/train-set/objaverse/512/colmap/0283c12843bf4a10bf3ef11b5ebcbfa5/images,/project/ricky/splatformer-data-new/train-set/objaverse/512/nerfstudio/0283c12843bf4a10bf3ef11b5ebcbfa5/splatfacto/nerfstudio_models/step-000010001.ckpt,128,81798,,,
0283c12843bf4a10bf3ef11b5ebcbfa5,processed,,128,/project/ricky/splatformer-data-new/train-set/objaverse/128/colmap/0283c12843bf4a10bf3ef11b5ebcbfa5/images,/project/ricky/splatformer-data-new/train-set/objaverse/128/nerfstudio/0283c12843bf4a10bf3ef11b5ebcbfa5/splatfacto/nerfstudio_models/step-000010001.ckpt,128,46128,,,
0285b601b0344491aa84049d7ecc1065,processed,,512,/project/ricky/splatformer-data-new/train-set/objaverse/512/colmap/0285b601b0344491aa84049d7ecc1065/images,/project/ricky/splatformer-data-new/train-set/objaverse/512/nerfstudio/0285b601b0344491aa84049d7ecc1065/splatfacto/nerfstudio_models/step-000010001.ckpt,128,50688,,,
0285b601b0344491aa84049d7ecc1065,processed,,128,/project/ricky/splatformer-data-new/train-set/objaverse/128/colmap/0285b601b0344491aa84049d7ecc1065/images,/project/ricky/splatformer-data-new/train-set/objaverse/128/nerfstudio/0285b601b0344491aa84049d7ecc1065/splatfacto/nerfstudio_models/step-000010001.ckpt,128,48642,,,
028618e5ab11403a96d1e9306823a08d,processed,,512,/project/ricky/splatformer-data-new/train-set/objaverse/512/colmap/028618e5ab11403a96d1e9306823a08d/images,/project/ricky/splatformer-data-new/train-set/objaverse/512/nerfstudio/028618e5ab11403a96d1e9306823a08d/splatfacto/nerfstudio_models/step-000010001.ckpt,128,90203,,,
028618e5ab11403a96d1e9306823a08d,processed,,128,/project/ricky/splatformer-data-new/train-set/objaverse/128/colmap/028618e5ab11403a96d1e9306823a08d/images,/project/ricky/splatformer-data-new/train-set/objaverse/128/nerfstudio/028618e5ab11403a96d1e9306823a08d/splatfacto/nerfstudio_models/step-000010001.ckpt,128,60202,,,
0286bdbab55e4539b390907adcd90c66,processed,,512,/project/ricky/splatformer-data-new/train-set/objaverse/512/colmap/0286bdbab55e4539b390907adcd90c66/images,/project/ricky/splatformer-data-new/train-set/objaverse/512/nerfstudio/0286bdbab55e4539b390907adcd90c66/splatfacto/nerfstudio_models/step-000010001.ckpt,128,123156,,,
0286bdbab55e4539b390907adcd90c66,processed,,128,/project/ricky/splatformer-data-new/train-set/objaverse/128/colmap/0286bdbab55e4539b390907adcd90c66/images,/project/ricky/splatformer-data-new/train-set/objaverse/128/nerfstudio/0286bdbab55e4539b390907adcd90c66/splatfacto/nerfstudio_models/step-000010001.ckpt,128,106667,,,
0286ed9f30c446cbb0d155781031a8b7,processed,,512,/project/ricky/splatformer-data-new/train-set/objaverse/512/colmap/0286ed9f30c446cbb0d155781031a8b7/images,/project/ricky/splatformer-data-new/train-set/objaverse/512/nerfstudio/0286ed9f30c446cbb0d155781031a8b7/splatfacto/nerfstudio_models/step-000010001.ckpt,128,81208,,,
0286ed9f30c446cbb0d155781031a8b7,processed,,128,/project/ricky/splatformer-data-new/train-set/objaverse/128/colmap/0286ed9f30c446cbb0d155781031a8b7/images,/project/ricky/splatformer-data-new/train-set/objaverse/128/nerfstudio/0286ed9f30c446cbb0d155781031a8b7/splatfacto/nerfstudio_models/step-000010001.ckpt,128,22019,,,
028d23dc86cf4d5e92155fc0378d493d,processed,,512,/project/ricky/splatformer-data-new/train-set/objaverse/512/colmap/028d23dc86cf4d5e92155fc0378d493d/images,/project/ricky/splatformer-data-new/train-set/objaverse/512/nerfstudio/028d23dc86cf4d5e92155fc0378d493d/splatfacto/nerfstudio_models/step-000010001.ckpt,128,167704,,,
028d23dc86cf4d5e92155fc0378d493d,processed,,128,/project/ricky/splatformer-data-new/train-set/objaverse/128/colmap/028d23dc86cf4d5e92155fc0378d493d/images,/project/ricky/splatformer-data-new/train-set/objaverse/128/nerfstudio/028d23dc86cf4d5e92155fc0378d493d/splatfacto/nerfstudio_models/step-000010001.ckpt,128,78891,,,
028da1929af74bc28da59def4077e8ac,processed,,512,/project/ricky/splatformer-data-new/train-set/objaverse/512/colmap/028da1929af74bc28da59def4077e8ac/images,/project/ricky/splatformer-data-new/train-set/objaverse/512/nerfstudio/028da1929af74bc28da59def4077e8ac/splatfacto/nerfstudio_models/step-000010001.ckpt,128,58620,,,
028da1929af74bc28da59def4077e8ac,processed,,128,/project/ricky/splatformer-data-new/train-set/objaverse/128/colmap/028da1929af74bc28da59def4077e8ac/images,/project/ricky/splatformer-data-new/train-set/objaverse/128/nerfstudio/028da1929af74bc28da59def4077e8ac/splatfacto/nerfstudio_models/step-000010001.ckpt,128,43397,,,
028f04be8ed0497c8b9a140198a3043d,processed,,512,/project/ricky/splatformer-data-new/train-set/objaverse/512/colmap/028f04be8ed0497c8b9a140198a3043d/images,/project/ricky/splatformer-data-new/train-set/objaverse/512/nerfstudio/028f04be8ed0497c8b9a140198a3043d/splatfacto/nerfstudio_models/step-000010001.ckpt,128,115418,,,
028f04be8ed0497c8b9a140198a3043d,processed,,128,/project/ricky/splatformer-data-new/train-set/objaverse/128/colmap/028f04be8ed0497c8b9a140198a3043d/images,/project/ricky/splatformer-data-new/train-set/objaverse/128/nerfstudio/028f04be8ed0497c8b9a140198a3043d/splatfacto/nerfstudio_models/step-000010001.ckpt,128,58991,,,
0291d6336001499aa7d61aec0603a647,processed,,512,/project/ricky/splatformer-data-new/train-set/objaverse/512/colmap/0291d6336001499aa7d61aec0603a647/images,/project/ricky/splatformer-data-new/train-set/objaverse/512/nerfstudio/0291d6336001499aa7d61aec0603a647/splatfacto/nerfstudio_models/step-000010001.ckpt,128,177869,,,
0291d6336001499aa7d61aec0603a647,processed,,128,/project/ricky/splatformer-data-new/train-set/objaverse/128/colmap/0291d6336001499aa7d61aec0603a647/images,/project/ricky/splatformer-data-new/train-set/objaverse/128/nerfstudio/0291d6336001499aa7d61aec0603a647/splatfacto/nerfstudio_models/step-000010001.ckpt,128,137667,,,
0295d8d644e54ede95de495093883afa,processed,,512,/project/ricky/splatformer-data-new/train-set/objaverse/512/colmap/0295d8d644e54ede95de495093883afa/images,/project/ricky/splatformer-data-new/train-set/objaverse/512/nerfstudio/0295d8d644e54ede95de495093883afa/splatfacto/nerfstudio_models/step-000010001.ckpt,128,68747,,,
0295d8d644e54ede95de495093883afa,processed,,128,/project/ricky/splatformer-data-new/train-set/objaverse/128/colmap/0295d8d644e54ede95de495093883afa/images,/project/ricky/splatformer-data-new/train-set/objaverse/128/nerfstudio/0295d8d644e54ede95de495093883afa/splatfacto/nerfstudio_models/step-000010001.ckpt,128,29508,,,
0298f0cbe0444b8da54a91ad77c37986,processed,,512,/project/ricky/splatformer-data-new/train-set/objaverse/512/colmap/0298f0cbe0444b8da54a91ad77c37986/images,/project/ricky/splatformer-data-new/train-set/objaverse/512/nerfstudio/0298f0cbe0444b8da54a91ad77c37986/splatfacto/nerfstudio_models/step-000010001.ckpt,128,19189,,,
0298f0cbe0444b8da54a91ad77c37986,processed,,128,/project/ricky/splatformer-data-new/train-set/objaverse/128/colmap/0298f0cbe0444b8da54a91ad77c37986/images,/project/ricky/splatformer-data-new/train-set/objaverse/128/nerfstudio/0298f0cbe0444b8da54a91ad77c37986/splatfacto/nerfstudio_models/step-000010001.ckpt,128,14504,,,
029b129d3e5b43df89cf4a1547b29289,processed,,512,/project/ricky/splatformer-data-new/train-set/objaverse/512/colmap/029b129d3e5b43df89cf4a1547b29289/images,/project/ricky/splatformer-data-new/train-set/objaverse/512/nerfstudio/029b129d3e5b43df89cf4a1547b29289/splatfacto/nerfstudio_models/step-000010001.ckpt,128,30103,,,
029b129d3e5b43df89cf4a1547b29289,processed,,128,/project/ricky/splatformer-data-new/train-set/objaverse/128/colmap/029b129d3e5b43df89cf4a1547b29289/images,/project/ricky/splatformer-data-new/train-set/objaverse/128/nerfstudio/029b129d3e5b43df89cf4a1547b29289/splatfacto/nerfstudio_models/step-000010001.ckpt,128,22496,,,
02a31f37dd6047aeba91e575e6703e37,processed,,512,/project/ricky/splatformer-data-new/train-set/objaverse/512/colmap/02a31f37dd6047aeba91e575e6703e37/images,/project/ricky/splatformer-data-new/train-set/objaverse/512/nerfstudio/02a31f37dd6047aeba91e575e6703e37/splatfacto/nerfstudio_models/step-000010001.ckpt,128,81405,,,
02a31f37dd6047aeba91e575e6703e37,processed,,128,/project/ricky/splatformer-data-new/train-set/objaverse/128/colmap/02a31f37dd6047aeba91e575e6703e37/images,/project/ricky/splatformer-data-new/train-set/objaverse/128/nerfstudio/02a31f37dd6047aeba91e575e6703e37/splatfacto/nerfstudio_models/step-000010001.ckpt,128,59416,,,
02a5e6be06564f419a36875109f919db,processed,,512,/project/ricky/splatformer-data-new/train-set/objaverse/512/colmap/02a5e6be06564f419a36875109f919db/images,/project/ricky/splatformer-data-new/train-set/objaverse/512/nerfstudio/02a5e6be06564f419a36875109f919db/splatfacto/nerfstudio_models/step-000010001.ckpt,128,127920,,,
02a5e6be06564f419a36875109f919db,processed,,128,/project/ricky/splatformer-data-new/train-set/objaverse/128/colmap/02a5e6be06564f419a36875109f919db/images,/project/ricky/splatformer-data-new/train-set/objaverse/128/nerfstudio/02a5e6be06564f419a36875109f919db/splatfacto/nerfstudio_models/step-000010001.ckpt,128,15545,,,
02a7d953332c47cc9132a7d2c104fe0c,processed,,512,/project/ricky/splatformer-data-new/train-set/objaverse/512/colmap/02a7d953332c47cc9132a7d2c104fe0c/images,/project/ricky/splatformer-data-new/train-set/objaverse/512/nerfstudio/02a7d953332c47cc9132a7d2c104fe0c/splatfacto/nerfstudio_models/step-000010001.ckpt,128,19553,,,
02a7d953332c47cc9132a7d2c104fe0c,processed,,128,/project/ricky/splatformer-data-new/train-set/objaverse/128/colmap/02a7d953332c47cc9132a7d2c104fe0c/images,/project/ricky/splatformer-data-new/train-set/objaverse/128/nerfstudio/02a7d953332c47cc9132a7d2c104fe0c/splatfacto/nerfstudio_models/step-000010001.ckpt,128,22383,,,
02a8f577634a42f5afc5447e56a8dd9c,processed,,512,/project/ricky/splatformer-data-new/train-set/objaverse/512/colmap/02a8f577634a42f5afc5447e56a8dd9c/images,/project/ricky/splatformer-data-new/train-set/objaverse/512/nerfstudio/02a8f577634a42f5afc5447e56a8dd9c/splatfacto/nerfstudio_models/step-000010001.ckpt,128,56890,,,
02a8f577634a42f5afc5447e56a8dd9c,processed,,128,/project/ricky/splatformer-data-new/train-set/objaverse/128/colmap/02a8f577634a42f5afc5447e56a8dd9c/images,/project/ricky/splatformer-data-new/train-set/objaverse/128/nerfstudio/02a8f577634a42f5afc5447e56a8dd9c/splatfacto/nerfstudio_models/step-000010001.ckpt,128,52908,,,
02aa94c8c30242aaba224fcfa7362f02,processed,,512,/project/ricky/splatformer-data-new/train-set/objaverse/512/colmap/02aa94c8c30242aaba224fcfa7362f02/images,/project/ricky/splatformer-data-new/train-set/objaverse/512/nerfstudio/02aa94c8c30242aaba224fcfa7362f02/splatfacto/nerfstudio_models/step-000010001.ckpt,128,35516,,,
02aa94c8c30242aaba224fcfa7362f02,processed,,128,/project/ricky/splatformer-data-new/train-set/objaverse/128/colmap/02aa94c8c30242aaba224fcfa7362f02/images,/project/ricky/splatformer-data-new/train-set/objaverse/128/nerfstudio/02aa94c8c30242aaba224fcfa7362f02/splatfacto/nerfstudio_models/step-000010001.ckpt,128,36070,,,
02abe969d76d413ab127b69916c1ec84,processed,,512,/project/ricky/splatformer-data-new/train-set/objaverse/512/colmap/02abe969d76d413ab127b69916c1ec84/images,/project/ricky/splatformer-data-new/train-set/objaverse/512/nerfstudio/02abe969d76d413ab127b69916c1ec84/splatfacto/nerfstudio_models/step-000010001.ckpt,128,77136,,,
02abe969d76d413ab127b69916c1ec84,processed,,128,/project/ricky/splatformer-data-new/train-set/objaverse/128/colmap/02abe969d76d413ab127b69916c1ec84/images,/project/ricky/splatformer-data-new/train-set/objaverse/128/nerfstudio/02abe969d76d413ab127b69916c1ec84/splatfacto/nerfstudio_models/step-000010001.ckpt,128,43768,,,
02af566217c243f0bbed63a4e47cf7ce,processed,,512,/project/ricky/splatformer-data-new/train-set/objaverse/512/colmap/02af566217c243f0bbed63a4e47cf7ce/images,/project/ricky/splatformer-data-new/train-set/objaverse/512/nerfstudio/02af566217c243f0bbed63a4e47cf7ce/splatfacto/nerfstudio_models/step-000010001.ckpt,128,71321,,,
02af566217c243f0bbed63a4e47cf7ce,processed,,128,/project/ricky/splatformer-data-new/train-set/objaverse/128/colmap/02af566217c243f0bbed63a4e47cf7ce/images,/project/ricky/splatformer-data-new/train-set/objaverse/128/nerfstudio/02af566217c243f0bbed63a4e47cf7ce/splatfacto/nerfstudio_models/step-000010001.ckpt,128,33973,,,
02b0f3ead18a40a3a535c3c0d820cf2b,processed,,512,/project/ricky/splatformer-data-new/train-set/objaverse/512/colmap/02b0f3ead18a40a3a535c3c0d820cf2b/images,/project/ricky/splatformer-data-new/train-set/objaverse/512/nerfstudio/02b0f3ead18a40a3a535c3c0d820cf2b/splatfacto/nerfstudio_models/step-000010001.ckpt,128,57605,,,
02b0f3ead18a40a3a535c3c0d820cf2b,processed,,128,/project/ricky/splatformer-data-new/train-set/objaverse/128/colmap/02b0f3ead18a40a3a535c3c0d820cf2b/images,/project/ricky/splatformer-data-new/train-set/objaverse/128/nerfstudio/02b0f3ead18a40a3a535c3c0d820cf2b/splatfacto/nerfstudio_models/step-000010001.ckpt,128,33915,,,
02b11f5b541f47ea8748863a5f15abf8,processed,,512,/project/ricky/splatformer-data-new/train-set/objaverse/512/colmap/02b11f5b541f47ea8748863a5f15abf8/images,/project/ricky/splatformer-data-new/train-set/objaverse/512/nerfstudio/02b11f5b541f47ea8748863a5f15abf8/splatfacto/nerfstudio_models/step-000010001.ckpt,128,16919,,,
02b11f5b541f47ea8748863a5f15abf8,processed,,128,/project/ricky/splatformer-data-new/train-set/objaverse/128/colmap/02b11f5b541f47ea8748863a5f15abf8/images,/project/ricky/splatformer-data-new/train-set/objaverse/128/nerfstudio/02b11f5b541f47ea8748863a5f15abf8/splatfacto/nerfstudio_models/step-000010001.ckpt,128,20230,,,
02b249be677e4d7d8980d5159b6f6a71,processed,,512,/project/ricky/splatformer-data-new/train-set/objaverse/512/colmap/02b249be677e4d7d8980d5159b6f6a71/images,/project/ricky/splatformer-data-new/train-set/objaverse/512/nerfstudio/02b249be677e4d7d8980d5159b6f6a71/splatfacto/nerfstudio_models/step-000010001.ckpt,128,88258,,,
02b249be677e4d7d8980d5159b6f6a71,processed,,128,/project/ricky/splatformer-data-new/train-set/objaverse/128/colmap/02b249be677e4d7d8980d5159b6f6a71/images,/project/ricky/splatformer-data-new/train-set/objaverse/128/nerfstudio/02b249be677e4d7d8980d5159b6f6a71/splatfacto/nerfstudio_models/step-000010001.ckpt,128,62054,,,
02b3ce2c78384dda8c713b2e5f89bf22,processed,,512,/project/ricky/splatformer-data-new/train-set/objaverse/512/colmap/02b3ce2c78384dda8c713b2e5f89bf22/images,/project/ricky/splatformer-data-new/train-set/objaverse/512/nerfstudio/02b3ce2c78384dda8c713b2e5f89bf22/splatfacto/nerfstudio_models/step-000010001.ckpt,128,30954,,,
02b3ce2c78384dda8c713b2e5f89bf22,processed,,128,/project/ricky/splatformer-data-new/train-set/objaverse/128/colmap/02b3ce2c78384dda8c713b2e5f89bf22/images,/project/ricky/splatformer-data-new/train-set/objaverse/128/nerfstudio/02b3ce2c78384dda8c713b2e5f89bf22/splatfacto/nerfstudio_models/step-000010001.ckpt,128,27572,,,
02b5871c97454686862b0cdf97d137ae,processed,,512,/project/ricky/splatformer-data-new/train-set/objaverse/512/colmap/02b5871c97454686862b0cdf97d137ae/images,/project/ricky/splatformer-data-new/train-set/objaverse/512/nerfstudio/02b5871c97454686862b0cdf97d137ae/splatfacto/nerfstudio_models/step-000010001.ckpt,128,36505,,,
02b5871c97454686862b0cdf97d137ae,processed,,128,/project/ricky/splatformer-data-new/train-set/objaverse/128/colmap/02b5871c97454686862b0cdf97d137ae/images,/project/ricky/splatformer-data-new/train-set/objaverse/128/nerfstudio/02b5871c97454686862b0cdf97d137ae/splatfacto/nerfstudio_models/step-000010001.ckpt,128,28585,,,
02b5c8b82bb14a8d9cabc89131c62527,processed,,512,/project/ricky/splatformer-data-new/train-set/objaverse/512/colmap/02b5c8b82bb14a8d9cabc89131c62527/images,/project/ricky/splatformer-data-new/train-set/objaverse/512/nerfstudio/02b5c8b82bb14a8d9cabc89131c62527/splatfacto/nerfstudio_models/step-000010001.ckpt,128,111839,,,
02b5c8b82bb14a8d9cabc89131c62527,processed,,128,/project/ricky/splatformer-data-new/train-set/objaverse/128/colmap/02b5c8b82bb14a8d9cabc89131c62527/images,/project/ricky/splatformer-data-new/train-set/objaverse/128/nerfstudio/02b5c8b82bb14a8d9cabc89131c62527/splatfacto/nerfstudio_models/step-000010001.ckpt,128,66497,,,
02b6343963d04baf9c9cc14bec4fcf2f,processed,,512,/project/ricky/splatformer-data-new/train-set/objaverse/512/colmap/02b6343963d04baf9c9cc14bec4fcf2f/images,/project/ricky/splatformer-data-new/train-set/objaverse/512/nerfstudio/02b6343963d04baf9c9cc14bec4fcf2f/splatfacto/nerfstudio_models/step-000010001.ckpt,128,63143,,,
02b6343963d04baf9c9cc14bec4fcf2f,processed,,128,/project/ricky/splatformer-data-new/train-set/objaverse/128/colmap/02b6343963d04baf9c9cc14bec4fcf2f/images,/project/ricky/splatformer-data-new/train-set/objaverse/128/nerfstudio/02b6343963d04baf9c9cc14bec4fcf2f/splatfacto/nerfstudio_models/step-000010001.ckpt,128,41166,,,
02b6a0989b2245f68483fee1b2f721b6,processed,,512,/project/ricky/splatformer-data-new/train-set/objaverse/512/colmap/02b6a0989b2245f68483fee1b2f721b6/images,/project/ricky/splatformer-data-new/train-set/objaverse/512/nerfstudio/02b6a0989b2245f68483fee1b2f721b6/splatfacto/nerfstudio_models/step-000010001.ckpt,128,91631,,,
02b6a0989b2245f68483fee1b2f721b6,processed,,128,/project/ricky/splatformer-data-new/train-set/objaverse/128/colmap/02b6a0989b2245f68483fee1b2f721b6/images,/project/ricky/splatformer-data-new/train-set/objaverse/128/nerfstudio/02b6a0989b2245f68483fee1b2f721b6/splatfacto/nerfstudio_models/step-000010001.ckpt,128,59660,,,
02bbb1467c774c12b6388301ebed092a,processed,,512,/project/ricky/splatformer-data-new/train-set/objaverse/512/colmap/02bbb1467c774c12b6388301ebed092a/images,/project/ricky/splatformer-data-new/train-set/objaverse/512/nerfstudio/02bbb1467c774c12b6388301ebed092a/splatfacto/nerfstudio_models/step-000010001.ckpt,128,83245,,,
02bbb1467c774c12b6388301ebed092a,processed,,128,/project/ricky/splatformer-data-new/train-set/objaverse/128/colmap/02bbb1467c774c12b6388301ebed092a/images,/project/ricky/splatformer-data-new/train-set/objaverse/128/nerfstudio/02bbb1467c774c12b6388301ebed092a/splatfacto/nerfstudio_models/step-000010001.ckpt,128,47771,,,
02bce8f203074d1fb5eb465ca8b1b1e2,processed,,512,/project/ricky/splatformer-data-new/train-set/objaverse/512/colmap/02bce8f203074d1fb5eb465ca8b1b1e2/images,/project/ricky/splatformer-data-new/train-set/objaverse/512/nerfstudio/02bce8f203074d1fb5eb465ca8b1b1e2/splatfacto/nerfstudio_models/step-000010001.ckpt,128,42281,,,
02bce8f203074d1fb5eb465ca8b1b1e2,processed,,128,/project/ricky/splatformer-data-new/train-set/objaverse/128/colmap/02bce8f203074d1fb5eb465ca8b1b1e2/images,/project/ricky/splatformer-data-new/train-set/objaverse/128/nerfstudio/02bce8f203074d1fb5eb465ca8b1b1e2/splatfacto/nerfstudio_models/step-000010001.ckpt,128,23873,,,
02c024e93ab5407d85e38014dda26cb7,processed,,512,/project/ricky/splatformer-data-new/train-set/objaverse/512/colmap/02c024e93ab5407d85e38014dda26cb7/images,/project/ricky/splatformer-data-new/train-set/objaverse/512/nerfstudio/02c024e93ab5407d85e38014dda26cb7/splatfacto/nerfstudio_models/step-000010001.ckpt,128,31030,,,
02c024e93ab5407d85e38014dda26cb7,processed,,128,/project/ricky/splatformer-data-new/train-set/objaverse/128/colmap/02c024e93ab5407d85e38014dda26cb7/images,/project/ricky/splatformer-data-new/train-set/objaverse/128/nerfstudio/02c024e93ab5407d85e38014dda26cb7/splatfacto/nerfstudio_models/step-000010001.ckpt,128,8503,,,
02c3264190234d00b7cfd095d06a03c3,processed,,512,/project/ricky/splatformer-data-new/train-set/objaverse/512/colmap/02c3264190234d00b7cfd095d06a03c3/images,/project/ricky/splatformer-data-new/train-set/objaverse/512/nerfstudio/02c3264190234d00b7cfd095d06a03c3/splatfacto/nerfstudio_models/step-000010001.ckpt,128,133330,,,
02c3264190234d00b7cfd095d06a03c3,processed,,128,/project/ricky/splatformer-data-new/train-set/objaverse/128/colmap/02c3264190234d00b7cfd095d06a03c3/images,/project/ricky/splatformer-data-new/train-set/objaverse/128/nerfstudio/02c3264190234d00b7cfd095d06a03c3/splatfacto/nerfstudio_models/step-000010001.ckpt,128,152119,,,
02c34cb7801d4e2f8b6e55c3084960e3,processed,,512,/project/ricky/splatformer-data-new/train-set/objaverse/512/colmap/02c34cb7801d4e2f8b6e55c3084960e3/images,/project/ricky/splatformer-data-new/train-set/objaverse/512/nerfstudio/02c34cb7801d4e2f8b6e55c3084960e3/splatfacto/nerfstudio_models/step-000010001.ckpt,128,142258,,,
02c34cb7801d4e2f8b6e55c3084960e3,processed,,128,/project/ricky/splatformer-data-new/train-set/objaverse/128/colmap/02c34cb7801d4e2f8b6e55c3084960e3/images,/project/ricky/splatformer-data-new/train-set/objaverse/128/nerfstudio/02c34cb7801d4e2f8b6e55c3084960e3/splatfacto/nerfstudio_models/step-000010001.ckpt,128,65937,,,
02c4e46a3287470da7c36a329a8a23f5,processed,,512,/project/ricky/splatformer-data-new/train-set/objaverse/512/colmap/02c4e46a3287470da7c36a329a8a23f5/images,/project/ricky/splatformer-data-new/train-set/objaverse/512/nerfstudio/02c4e46a3287470da7c36a329a8a23f5/splatfacto/nerfstudio_models/step-000010001.ckpt,128,80315,,,
02c4e46a3287470da7c36a329a8a23f5,processed,,128,/project/ricky/splatformer-data-new/train-set/objaverse/128/colmap/02c4e46a3287470da7c36a329a8a23f5/images,/project/ricky/splatformer-data-new/train-set/objaverse/128/nerfstudio/02c4e46a3287470da7c36a329a8a23f5/splatfacto/nerfstudio_models/step-000010001.ckpt,128,48967,,,
02c5e4a997834d2fa57a4849ad5475c6,processed,,512,/project/ricky/splatformer-data-new/train-set/objaverse/512/colmap/02c5e4a997834d2fa57a4849ad5475c6/images,/project/ricky/splatformer-data-new/train-set/objaverse/512/nerfstudio/02c5e4a997834d2fa57a4849ad5475c6/splatfacto/nerfstudio_models/step-000010001.ckpt,128,4260,,,
02c5e4a997834d2fa57a4849ad5475c6,processed,,128,/project/ricky/splatformer-data-new/train-set/objaverse/128/colmap/02c5e4a997834d2fa57a4849ad5475c6/images,/project/ricky/splatformer-data-new/train-set/objaverse/128/nerfstudio/02c5e4a997834d2fa57a4849ad5475c6/splatfacto/nerfstudio_models/step-000010001.ckpt,128,3631,,,
02c67cc4843b42159bfaf87087ceb624,processed,,512,/project/ricky/splatformer-data-new/train-set/objaverse/512/colmap/02c67cc4843b42159bfaf87087ceb624/images,/project/ricky/splatformer-data-new/train-set/objaverse/512/nerfstudio/02c67cc4843b42159bfaf87087ceb624/splatfacto/nerfstudio_models/step-000010001.ckpt,128,89538,,,
02c67cc4843b42159bfaf87087ceb624,processed,,128,/project/ricky/splatformer-data-new/train-set/objaverse/128/colmap/02c67cc4843b42159bfaf87087ceb624/images,/project/ricky/splatformer-data-new/train-set/objaverse/128/nerfstudio/02c67cc4843b42159bfaf87087ceb624/splatfacto/nerfstudio_models/step-000010001.ckpt,128,77485,,,
02c7ae4ed78942a1ba9d36597914912b,processed,,512,/project/ricky/splatformer-data-new/train-set/objaverse/512/colmap/02c7ae4ed78942a1ba9d36597914912b/images,/project/ricky/splatformer-data-new/train-set/objaverse/512/nerfstudio/02c7ae4ed78942a1ba9d36597914912b/splatfacto/nerfstudio_models/step-000010001.ckpt,128,54986,,,
02c7ae4ed78942a1ba9d36597914912b,processed,,128,/project/ricky/splatformer-data-new/train-set/objaverse/128/colmap/02c7ae4ed78942a1ba9d36597914912b/images,/project/ricky/splatformer-data-new/train-set/objaverse/128/nerfstudio/02c7ae4ed78942a1ba9d36597914912b/splatfacto/nerfstudio_models/step-000010001.ckpt,128,29209,,,
02ccdaf491374934ba4d7d2de086d4a9,processed,,512,/project/ricky/splatformer-data-new/train-set/objaverse/512/colmap/02ccdaf491374934ba4d7d2de086d4a9/images,/project/ricky/splatformer-data-new/train-set/objaverse/512/nerfstudio/02ccdaf491374934ba4d7d2de086d4a9/splatfacto/nerfstudio_models/step-000010001.ckpt,128,102769,,,
02ccdaf491374934ba4d7d2de086d4a9,processed,,128,/project/ricky/splatformer-data-new/train-set/objaverse/128/colmap/02ccdaf491374934ba4d7d2de086d4a9/images,/project/ricky/splatformer-data-new/train-set/objaverse/128/nerfstudio/02ccdaf491374934ba4d7d2de086d4a9/splatfacto/nerfstudio_models/step-000010001.ckpt,128,56062,,,
02d05bc162014eab8b2abc075948a645,processed,,512,/project/ricky/splatformer-data-new/train-set/objaverse/512/colmap/02d05bc162014eab8b2abc075948a645/images,/project/ricky/splatformer-data-new/train-set/objaverse/512/nerfstudio/02d05bc162014eab8b2abc075948a645/splatfacto/nerfstudio_models/step-000010001.ckpt,128,181400,,,
02d05bc162014eab8b2abc075948a645,processed,,128,/project/ricky/splatformer-data-new/train-set/objaverse/128/colmap/02d05bc162014eab8b2abc075948a645/images,/project/ricky/splatformer-data-new/train-set/objaverse/128/nerfstudio/02d05bc162014eab8b2abc075948a645/splatfacto/nerfstudio_models/step-000010001.ckpt,128,99650,,,
02d20803810c490082b7580e3bae5642,processed,,512,/project/ricky/splatformer-data-new/train-set/objaverse/512/colmap/02d20803810c490082b7580e3bae5642/images,/project/ricky/splatformer-data-new/train-set/objaverse/512/nerfstudio/02d20803810c490082b7580e3bae5642/splatfacto/nerfstudio_models/step-000010001.ckpt,128,30283,,,
02d20803810c490082b7580e3bae5642,processed,,128,/project/ricky/splatformer-data-new/train-set/objaverse/128/colmap/02d20803810c490082b7580e3bae5642/images,/project/ricky/splatformer-data-new/train-set/objaverse/128/nerfstudio/02d20803810c490082b7580e3bae5642/splatfacto/nerfstudio_models/step-000010001.ckpt,128,39449,,,
02d3a027f55e4dcf9f5444a04ec26160,processed,,512,/project/ricky/splatformer-data-new/train-set/objaverse/512/colmap/02d3a027f55e4dcf9f5444a04ec26160/images,/project/ricky/splatformer-data-new/train-set/objaverse/512/nerfstudio/02d3a027f55e4dcf9f5444a04ec26160/splatfacto/nerfstudio_models/step-000010001.ckpt,128,53065,,,
02d3a027f55e4dcf9f5444a04ec26160,processed,,128,/project/ricky/splatformer-data-new/train-set/objaverse/128/colmap/02d3a027f55e4dcf9f5444a04ec26160/images,/project/ricky/splatformer-data-new/train-set/objaverse/128/nerfstudio/02d3a027f55e4dcf9f5444a04ec26160/splatfacto/nerfstudio_models/step-000010001.ckpt,128,23230,,,
02d726ee91c44297b9987c49ab08b499,processed,,512,/project/ricky/splatformer-data-new/train-set/objaverse/512/colmap/02d726ee91c44297b9987c49ab08b499/images,/project/ricky/splatformer-data-new/train-set/objaverse/512/nerfstudio/02d726ee91c44297b9987c49ab08b499/splatfacto/nerfstudio_models/step-000010001.ckpt,128,35870,,,
02d726ee91c44297b9987c49ab08b499,processed,,128,/project/ricky/splatformer-data-new/train-set/objaverse/128/colmap/02d726ee91c44297b9987c49ab08b499/images,/project/ricky/splatformer-data-new/train-set/objaverse/128/nerfstudio/02d726ee91c44297b9987c49ab08b499/splatfacto/nerfstudio_models/step-000010001.ckpt,128,39542,,,
02d9add2546c44fd9906214d2f0fc828,processed,,512,/project/ricky/splatformer-data-new/train-set/objaverse/512/colmap/02d9add2546c44fd9906214d2f0fc828/images,/project/ricky/splatformer-data-new/train-set/objaverse/512/nerfstudio/02d9add2546c44fd9906214d2f0fc828/splatfacto/nerfstudio_models/step-000010001.ckpt,128,111558,,,
02d9add2546c44fd9906214d2f0fc828,processed,,128,/project/ricky/splatformer-data-new/train-set/objaverse/128/colmap/02d9add2546c44fd9906214d2f0fc828/images,/project/ricky/splatformer-data-new/train-set/objaverse/128/nerfstudio/02d9add2546c44fd9906214d2f0fc828/splatfacto/nerfstudio_models/step-000010001.ckpt,128,65930,,,
02d9c39fd65142d58df7625b6d0e40f1,processed,,512,/project/ricky/splatformer-data-new/train-set/objaverse/512/colmap/02d9c39fd65142d58df7625b6d0e40f1/images,/project/ricky/splatformer-data-new/train-set/objaverse/512/nerfstudio/02d9c39fd65142d58df7625b6d0e40f1/splatfacto/nerfstudio_models/step-000010001.ckpt,128,115753,,,
02d9c39fd65142d58df7625b6d0e40f1,processed,,128,/project/ricky/splatformer-data-new/train-set/objaverse/128/colmap/02d9c39fd65142d58df7625b6d0e40f1/images,/project/ricky/splatformer-data-new/train-set/objaverse/128/nerfstudio/02d9c39fd65142d58df7625b6d0e40f1/splatfacto/nerfstudio_models/step-000010001.ckpt,128,81594,,,
02dac0a780954a85b0b46f0e06d64fbe,processed,,512,/project/ricky/splatformer-data-new/train-set/objaverse/512/colmap/02dac0a780954a85b0b46f0e06d64fbe/images,/project/ricky/splatformer-data-new/train-set/objaverse/512/nerfstudio/02dac0a780954a85b0b46f0e06d64fbe/splatfacto/nerfstudio_models/step-000010001.ckpt,128,83623,,,
02dac0a780954a85b0b46f0e06d64fbe,processed,,128,/project/ricky/splatformer-data-new/train-set/objaverse/128/colmap/02dac0a780954a85b0b46f0e06d64fbe/images,/project/ricky/splatformer-data-new/train-set/objaverse/128/nerfstudio/02dac0a780954a85b0b46f0e06d64fbe/splatfacto/nerfstudio_models/step-000010001.ckpt,128,29839,,,
02db0c3543664517944d944ba0590d43,processed,,512,/project/ricky/splatformer-data-new/train-set/objaverse/512/colmap/02db0c3543664517944d944ba0590d43/images,/project/ricky/splatformer-data-new/train-set/objaverse/512/nerfstudio/02db0c3543664517944d944ba0590d43/splatfacto/nerfstudio_models/step-000010001.ckpt,128,77209,,,
02db0c3543664517944d944ba0590d43,processed,,128,/project/ricky/splatformer-data-new/train-set/objaverse/128/colmap/02db0c3543664517944d944ba0590d43/images,/project/ricky/splatformer-data-new/train-set/objaverse/128/nerfstudio/02db0c3543664517944d944ba0590d43/splatfacto/nerfstudio_models/step-000010001.ckpt,128,16764,,,
02db7e12359941c4b2ff79abb3504bef,processed,,512,/project/ricky/splatformer-data-new/train-set/objaverse/512/colmap/02db7e12359941c4b2ff79abb3504bef/images,/project/ricky/splatformer-data-new/train-set/objaverse/512/nerfstudio/02db7e12359941c4b2ff79abb3504bef/splatfacto/nerfstudio_models/step-000010001.ckpt,128,65148,,,
02db7e12359941c4b2ff79abb3504bef,processed,,128,/project/ricky/splatformer-data-new/train-set/objaverse/128/colmap/02db7e12359941c4b2ff79abb3504bef/images,/project/ricky/splatformer-data-new/train-set/objaverse/128/nerfstudio/02db7e12359941c4b2ff79abb3504bef/splatfacto/nerfstudio_models/step-000010001.ckpt,128,60415,,,
02dc6f294c0b41ecab583397d8dce203,processed,,512,/project/ricky/splatformer-data-new/train-set/objaverse/512/colmap/02dc6f294c0b41ecab583397d8dce203/images,/project/ricky/splatformer-data-new/train-set/objaverse/512/nerfstudio/02dc6f294c0b41ecab583397d8dce203/splatfacto/nerfstudio_models/step-000010001.ckpt,128,46679,,,
02dc6f294c0b41ecab583397d8dce203,processed,,128,/project/ricky/splatformer-data-new/train-set/objaverse/128/colmap/02dc6f294c0b41ecab583397d8dce203/images,/project/ricky/splatformer-data-new/train-set/objaverse/128/nerfstudio/02dc6f294c0b41ecab583397d8dce203/splatfacto/nerfstudio_models/step-000010001.ckpt,128,23236,,,
02dec5f108914c4298ecbdeb0b135259,processed,,512,/project/ricky/splatformer-data-new/train-set/objaverse/512/colmap/02dec5f108914c4298ecbdeb0b135259/images,/project/ricky/splatformer-data-new/train-set/objaverse/512/nerfstudio/02dec5f108914c4298ecbdeb0b135259/splatfacto/nerfstudio_models/step-000010001.ckpt,128,65161,,,
02dec5f108914c4298ecbdeb0b135259,processed,,128,/project/ricky/splatformer-data-new/train-set/objaverse/128/colmap/02dec5f108914c4298ecbdeb0b135259/images,/project/ricky/splatformer-data-new/train-set/objaverse/128/nerfstudio/02dec5f108914c4298ecbdeb0b135259/splatfacto/nerfstudio_models/step-000010001.ckpt,128,47320,,,
02df38f7c86c4adb8c95a523403f15a7,processed,,512,/project/ricky/splatformer-data-new/train-set/objaverse/512/colmap/02df38f7c86c4adb8c95a523403f15a7/images,/project/ricky/splatformer-data-new/train-set/objaverse/512/nerfstudio/02df38f7c86c4adb8c95a523403f15a7/splatfacto/nerfstudio_models/step-000010001.ckpt,128,27565,,,
02df38f7c86c4adb8c95a523403f15a7,processed,,128,/project/ricky/splatformer-data-new/train-set/objaverse/128/colmap/02df38f7c86c4adb8c95a523403f15a7/images,/project/ricky/splatformer-data-new/train-set/objaverse/128/nerfstudio/02df38f7c86c4adb8c95a523403f15a7/splatfacto/nerfstudio_models/step-000010001.ckpt,128,15522,,,
02e1dddd9d684ff095692fef398d2f38,processed,,512,/project/ricky/splatformer-data-new/train-set/objaverse/512/colmap/02e1dddd9d684ff095692fef398d2f38/images,/project/ricky/splatformer-data-new/train-set/objaverse/512/nerfstudio/02e1dddd9d684ff095692fef398d2f38/splatfacto/nerfstudio_models/step-000010001.ckpt,128,75121,,,
02e1dddd9d684ff095692fef398d2f38,processed,,128,/project/ricky/splatformer-data-new/train-set/objaverse/128/colmap/02e1dddd9d684ff095692fef398d2f38/images,/project/ricky/splatformer-data-new/train-set/objaverse/128/nerfstudio/02e1dddd9d684ff095692fef398d2f38/splatfacto/nerfstudio_models/step-000010001.ckpt,128,47765,,,
02e21ad692854ce89cee4fd7a989eab0,processed,,512,/project/ricky/splatformer-data-new/train-set/objaverse/512/colmap/02e21ad692854ce89cee4fd7a989eab0/images,/project/ricky/splatformer-data-new/train-set/objaverse/512/nerfstudio/02e21ad692854ce89cee4fd7a989eab0/splatfacto/nerfstudio_models/step-000010001.ckpt,128,46181,,,
02e21ad692854ce89cee4fd7a989eab0,processed,,128,/project/ricky/splatformer-data-new/train-set/objaverse/128/colmap/02e21ad692854ce89cee4fd7a989eab0/images,/project/ricky/splatformer-data-new/train-set/objaverse/128/nerfstudio/02e21ad692854ce89cee4fd7a989eab0/splatfacto/nerfstudio_models/step-000010001.ckpt,128,29896,,,
02e8f6e4e127489ea707639701e240ed,processed,,512,/project/ricky/splatformer-data-new/train-set/objaverse/512/colmap/02e8f6e4e127489ea707639701e240ed/images,/project/ricky/splatformer-data-new/train-set/objaverse/512/nerfstudio/02e8f6e4e127489ea707639701e240ed/splatfacto/nerfstudio_models/step-000010001.ckpt,128,33935,,,
02e8f6e4e127489ea707639701e240ed,processed,,128,/project/ricky/splatformer-data-new/train-set/objaverse/128/colmap/02e8f6e4e127489ea707639701e240ed/images,/project/ricky/splatformer-data-new/train-set/objaverse/128/nerfstudio/02e8f6e4e127489ea707639701e240ed/splatfacto/nerfstudio_models/step-000010001.ckpt,128,38131,,,
02e98b23b460483a95df1bd49bcf908c,processed,,512,/project/ricky/splatformer-data-new/train-set/objaverse/512/colmap/02e98b23b460483a95df1bd49bcf908c/images,/project/ricky/splatformer-data-new/train-set/objaverse/512/nerfstudio/02e98b23b460483a95df1bd49bcf908c/splatfacto/nerfstudio_models/step-000010001.ckpt,128,35122,,,
02e98b23b460483a95df1bd49bcf908c,processed,,128,/project/ricky/splatformer-data-new/train-set/objaverse/128/colmap/02e98b23b460483a95df1bd49bcf908c/images,/project/ricky/splatformer-data-new/train-set/objaverse/128/nerfstudio/02e98b23b460483a95df1bd49bcf908c/splatfacto/nerfstudio_models/step-000010001.ckpt,128,31396,,,
02e9eb3200b64498b3b08c132301dfff,processed,,512,/project/ricky/splatformer-data-new/train-set/objaverse/512/colmap/02e9eb3200b64498b3b08c132301dfff/images,/project/ricky/splatformer-data-new/train-set/objaverse/512/nerfstudio/02e9eb3200b64498b3b08c132301dfff/splatfacto/nerfstudio_models/step-000010001.ckpt,128,113743,,,
02e9eb3200b64498b3b08c132301dfff,processed,,128,/project/ricky/splatformer-data-new/train-set/objaverse/128/colmap/02e9eb3200b64498b3b08c132301dfff/images,/project/ricky/splatformer-data-new/train-set/objaverse/128/nerfstudio/02e9eb3200b64498b3b08c132301dfff/splatfacto/nerfstudio_models/step-000010001.ckpt,128,58391,,,
02f2ce084e7548feac7069e835e8fc65,processed,,512,/project/ricky/splatformer-data-new/train-set/objaverse/512/colmap/02f2ce084e7548feac7069e835e8fc65/images,/project/ricky/splatformer-data-new/train-set/objaverse/512/nerfstudio/02f2ce084e7548feac7069e835e8fc65/splatfacto/nerfstudio_models/step-000010001.ckpt,128,42169,,,
02f2ce084e7548feac7069e835e8fc65,processed,,128,/project/ricky/splatformer-data-new/train-set/objaverse/128/colmap/02f2ce084e7548feac7069e835e8fc65/images,/project/ricky/splatformer-data-new/train-set/objaverse/128/nerfstudio/02f2ce084e7548feac7069e835e8fc65/splatfacto/nerfstudio_models/step-000010001.ckpt,128,38715,,,
02f47f4fda804d5ca291d6897354d3ee,processed,,512,/project/ricky/splatformer-data-new/train-set/objaverse/512/colmap/02f47f4fda804d5ca291d6897354d3ee/images,/project/ricky/splatformer-data-new/train-set/objaverse/512/nerfstudio/02f47f4fda804d5ca291d6897354d3ee/splatfacto/nerfstudio_models/step-000010001.ckpt,128,166554,,,
02f47f4fda804d5ca291d6897354d3ee,processed,,128,/project/ricky/splatformer-data-new/train-set/objaverse/128/colmap/02f47f4fda804d5ca291d6897354d3ee/images,/project/ricky/splatformer-data-new/train-set/objaverse/128/nerfstudio/02f47f4fda804d5ca291d6897354d3ee/splatfacto/nerfstudio_models/step-000010001.ckpt,128,136991,,,
02f808ab848841e8b590d637ecb91e54,processed,,512,/project/ricky/splatformer-data-new/train-set/objaverse/512/colmap/02f808ab848841e8b590d637ecb91e54/images,/project/ricky/splatformer-data-new/train-set/objaverse/512/nerfstudio/02f808ab848841e8b590d637ecb91e54/splatfacto/nerfstudio_models/step-000010001.ckpt,128,109199,,,
02f808ab848841e8b590d637ecb91e54,processed,,128,/project/ricky/splatformer-data-new/train-set/objaverse/128/colmap/02f808ab848841e8b590d637ecb91e54/images,/project/ricky/splatformer-data-new/train-set/objaverse/128/nerfstudio/02f808ab848841e8b590d637ecb91e54/splatfacto/nerfstudio_models/step-000010001.ckpt,128,75746,,,
02f95476b5354e8e97ca5e5b04d94f4a,processed,,512,/project/ricky/splatformer-data-new/train-set/objaverse/512/colmap/02f95476b5354e8e97ca5e5b04d94f4a/images,/project/ricky/splatformer-data-new/train-set/objaverse/512/nerfstudio/02f95476b5354e8e97ca5e5b04d94f4a/splatfacto/nerfstudio_models/step-000010001.ckpt,128,123872,,,
02f95476b5354e8e97ca5e5b04d94f4a,processed,,128,/project/ricky/splatformer-data-new/train-set/objaverse/128/colmap/02f95476b5354e8e97ca5e5b04d94f4a/images,/project/ricky/splatformer-data-new/train-set/objaverse/128/nerfstudio/02f95476b5354e8e97ca5e5b04d94f4a/splatfacto/nerfstudio_models/step-000010001.ckpt,128,70225,,,
02fe2d0218f44acd93a2a5b6bf217f41,processed,,512,/project/ricky/splatformer-data-new/train-set/objaverse/512/colmap/02fe2d0218f44acd93a2a5b6bf217f41/images,/project/ricky/splatformer-data-new/train-set/objaverse/512/nerfstudio/02fe2d0218f44acd93a2a5b6bf217f41/splatfacto/nerfstudio_models/step-000010001.ckpt,128,59691,,,
02fe2d0218f44acd93a2a5b6bf217f41,processed,,128,/project/ricky/splatformer-data-new/train-set/objaverse/128/colmap/02fe2d0218f44acd93a2a5b6bf217f41/images,/project/ricky/splatformer-data-new/train-set/objaverse/128/nerfstudio/02fe2d0218f44acd93a2a5b6bf217f41/splatfacto/nerfstudio_models/step-000010001.ckpt,128,43734,,,
02fe93ba44df43d2b0fc7140a78cd9d8,processed,,512,/project/ricky/splatformer-data-new/train-set/objaverse/512/colmap/02fe93ba44df43d2b0fc7140a78cd9d8/images,/project/ricky/splatformer-data-new/train-set/objaverse/512/nerfstudio/02fe93ba44df43d2b0fc7140a78cd9d8/splatfacto/nerfstudio_models/step-000010001.ckpt,128,50885,,,
02fe93ba44df43d2b0fc7140a78cd9d8,processed,,128,/project/ricky/splatformer-data-new/train-set/objaverse/128/colmap/02fe93ba44df43d2b0fc7140a78cd9d8/images,/project/ricky/splatformer-data-new/train-set/objaverse/128/nerfstudio/02fe93ba44df43d2b0fc7140a78cd9d8/splatfacto/nerfstudio_models/step-000010001.ckpt,128,27470,,,
030461a209114c5683da9fd207d11da1,processed,,512,/project/ricky/splatformer-data-new/train-set/objaverse/512/colmap/030461a209114c5683da9fd207d11da1/images,/project/ricky/splatformer-data-new/train-set/objaverse/512/nerfstudio/030461a209114c5683da9fd207d11da1/splatfacto/nerfstudio_models/step-000010001.ckpt,128,56537,,,
030461a209114c5683da9fd207d11da1,processed,,128,/project/ricky/splatformer-data-new/train-set/objaverse/128/colmap/030461a209114c5683da9fd207d11da1/images,/project/ricky/splatformer-data-new/train-set/objaverse/128/nerfstudio/030461a209114c5683da9fd207d11da1/splatfacto/nerfstudio_models/step-000010001.ckpt,128,47363,,,
0307d6c74e664513971889eb69afbe57,processed,,512,/project/ricky/splatformer-data-new/train-set/objaverse/512/colmap/0307d6c74e664513971889eb69afbe57/images,/project/ricky/splatformer-data-new/train-set/objaverse/512/nerfstudio/0307d6c74e664513971889eb69afbe57/splatfacto/nerfstudio_models/step-000010001.ckpt,128,50063,,,
0307d6c74e664513971889eb69afbe57,processed,,128,/project/ricky/splatformer-data-new/train-set/objaverse/128/colmap/0307d6c74e664513971889eb69afbe57/images,/project/ricky/splatformer-data-new/train-set/objaverse/128/nerfstudio/0307d6c74e664513971889eb69afbe57/splatfacto/nerfstudio_models/step-000010001.ckpt,128,32342,,,
0309f2d308df42b493f9f1bc01bc4b22,processed,,512,/project/ricky/splatformer-data-new/train-set/objaverse/512/colmap/0309f2d308df42b493f9f1bc01bc4b22/images,/project/ricky/splatformer-data-new/train-set/objaverse/512/nerfstudio/0309f2d308df42b493f9f1bc01bc4b22/splatfacto/nerfstudio_models/step-000010001.ckpt,128,17763,,,
0309f2d308df42b493f9f1bc01bc4b22,processed,,128,/project/ricky/splatformer-data-new/train-set/objaverse/128/colmap/0309f2d308df42b493f9f1bc01bc4b22/images,/project/ricky/splatformer-data-new/train-set/objaverse/128/nerfstudio/0309f2d308df42b493f9f1bc01bc4b22/splatfacto/nerfstudio_models/step-000010001.ckpt,128,10653,,,
030e6fbd852f413696ba2adf1a697ea7,processed,,512,/project/ricky/splatformer-data-new/train-set/objaverse/512/colmap/030e6fbd852f413696ba2adf1a697ea7/images,/project/ricky/splatformer-data-new/train-set/objaverse/512/nerfstudio/030e6fbd852f413696ba2adf1a697ea7/splatfacto/nerfstudio_models/step-000010001.ckpt,128,125562,,,
030e6fbd852f413696ba2adf1a697ea7,processed,,128,/project/ricky/splatformer-data-new/train-set/objaverse/128/colmap/030e6fbd852f413696ba2adf1a697ea7/images,/project/ricky/splatformer-data-new/train-set/objaverse/128/nerfstudio/030e6fbd852f413696ba2adf1a697ea7/splatfacto/nerfstudio_models/step-000010001.ckpt,128,69517,,,
030f87a1ac0a48f6886e63fa93aa9f36,processed,,512,/project/ricky/splatformer-data-new/train-set/objaverse/512/colmap/030f87a1ac0a48f6886e63fa93aa9f36/images,/project/ricky/splatformer-data-new/train-set/objaverse/512/nerfstudio/030f87a1ac0a48f6886e63fa93aa9f36/splatfacto/nerfstudio_models/step-000010001.ckpt,128,71515,,,
030f87a1ac0a48f6886e63fa93aa9f36,processed,,128,/project/ricky/splatformer-data-new/train-set/objaverse/128/colmap/030f87a1ac0a48f6886e63fa93aa9f36/images,/project/ricky/splatformer-data-new/train-set/objaverse/128/nerfstudio/030f87a1ac0a48f6886e63fa93aa9f36/splatfacto/nerfstudio_models/step-000010001.ckpt,128,50469,,,
031308c59ebb4588b95d1f9f8e706c06,processed,,512,/project/ricky/splatformer-data-new/train-set/objaverse/512/colmap/031308c59ebb4588b95d1f9f8e706c06/images,/project/ricky/splatformer-data-new/train-set/objaverse/512/nerfstudio/031308c59ebb4588b95d1f9f8e706c06/splatfacto/nerfstudio_models/step-000010001.ckpt,128,38361,,,
031308c59ebb4588b95d1f9f8e706c06,processed,,128,/project/ricky/splatformer-data-new/train-set/objaverse/128/colmap/031308c59ebb4588b95d1f9f8e706c06/images,/project/ricky/splatformer-data-new/train-set/objaverse/128/nerfstudio/031308c59ebb4588b95d1f9f8e706c06/splatfacto/nerfstudio_models/step-000010001.ckpt,128,34237,,,
0314ea6a8c5948ea83c2d85e837eec16,processed,,512,/project/ricky/splatformer-data-new/train-set/objaverse/512/colmap/0314ea6a8c5948ea83c2d85e837eec16/images,/project/ricky/splatformer-data-new/train-set/objaverse/512/nerfstudio/0314ea6a8c5948ea83c2d85e837eec16/splatfacto/nerfstudio_models/step-000010001.ckpt,128,46766,,,
0314ea6a8c5948ea83c2d85e837eec16,processed,,128,/project/ricky/splatformer-data-new/train-set/objaverse/128/colmap/0314ea6a8c5948ea83c2d85e837eec16/images,/project/ricky/splatformer-data-new/train-set/objaverse/128/nerfstudio/0314ea6a8c5948ea83c2d85e837eec16/splatfacto/nerfstudio_models/step-000010001.ckpt,128,46314,,,
03165d27979f45f694b226dff9cd57e9,processed,,512,/project/ricky/splatformer-data-new/train-set/objaverse/512/colmap/03165d27979f45f694b226dff9cd57e9/images,/project/ricky/splatformer-data-new/train-set/objaverse/512/nerfstudio/03165d27979f45f694b226dff9cd57e9/splatfacto/nerfstudio_models/step-000010001.ckpt,128,56731,,,
03165d27979f45f694b226dff9cd57e9,processed,,128,/project/ricky/splatformer-data-new/train-set/objaverse/128/colmap/03165d27979f45f694b226dff9cd57e9/images,/project/ricky/splatformer-data-new/train-set/objaverse/128/nerfstudio/03165d27979f45f694b226dff9cd57e9/splatfacto/nerfstudio_models/step-000010001.ckpt,128,32936,,,
03166e7f39484df6b60974792ad3da8d,processed,,512,/project/ricky/splatformer-data-new/train-set/objaverse/512/colmap/03166e7f39484df6b60974792ad3da8d/images,/project/ricky/splatformer-data-new/train-set/objaverse/512/nerfstudio/03166e7f39484df6b60974792ad3da8d/splatfacto/nerfstudio_models/step-000010001.ckpt,128,53407,,,
03166e7f39484df6b60974792ad3da8d,processed,,128,/project/ricky/splatformer-data-new/train-set/objaverse/128/colmap/03166e7f39484df6b60974792ad3da8d/images,/project/ricky/splatformer-data-new/train-set/objaverse/128/nerfstudio/03166e7f39484df6b60974792ad3da8d/splatfacto/nerfstudio_models/step-000010001.ckpt,128,62283,,,
031c860c0b5e48a2a655840443eec855,processed,,512,/project/ricky/splatformer-data-new/train-set/objaverse/512/colmap/031c860c0b5e48a2a655840443eec855/images,/project/ricky/splatformer-data-new/train-set/objaverse/512/nerfstudio/031c860c0b5e48a2a655840443eec855/splatfacto/nerfstudio_models/step-000010001.ckpt,128,65637,,,
031c860c0b5e48a2a655840443eec855,processed,,128,/project/ricky/splatformer-data-new/train-set/objaverse/128/colmap/031c860c0b5e48a2a655840443eec855/images,/project/ricky/splatformer-data-new/train-set/objaverse/128/nerfstudio/031c860c0b5e48a2a655840443eec855/splatfacto/nerfstudio_models/step-000010001.ckpt,128,54125,,,
031da0cc1c2f46e6be04facf2350ad6c,processed,,512,/project/ricky/splatformer-data-new/train-set/objaverse/512/colmap/031da0cc1c2f46e6be04facf2350ad6c/images,/project/ricky/splatformer-data-new/train-set/objaverse/512/nerfstudio/031da0cc1c2f46e6be04facf2350ad6c/splatfacto/nerfstudio_models/step-000010001.ckpt,128,31500,,,
031da0cc1c2f46e6be04facf2350ad6c,processed,,128,/project/ricky/splatformer-data-new/train-set/objaverse/128/colmap/031da0cc1c2f46e6be04facf2350ad6c/images,/project/ricky/splatformer-data-new/train-set/objaverse/128/nerfstudio/031da0cc1c2f46e6be04facf2350ad6c/splatfacto/nerfstudio_models/step-000010001.ckpt,128,12800,,,
031daaf8a2d74fc695bbcbb1cbcdc7c0,processed,,512,/project/ricky/splatformer-data-new/train-set/objaverse/512/colmap/031daaf8a2d74fc695bbcbb1cbcdc7c0/images,/project/ricky/splatformer-data-new/train-set/objaverse/512/nerfstudio/031daaf8a2d74fc695bbcbb1cbcdc7c0/splatfacto/nerfstudio_models/step-000010001.ckpt,128,66962,,,
031daaf8a2d74fc695bbcbb1cbcdc7c0,processed,,128,/project/ricky/splatformer-data-new/train-set/objaverse/128/colmap/031daaf8a2d74fc695bbcbb1cbcdc7c0/images,/project/ricky/splatformer-data-new/train-set/objaverse/128/nerfstudio/031daaf8a2d74fc695bbcbb1cbcdc7c0/splatfacto/nerfstudio_models/step-000010001.ckpt,128,17813,,,
031fc51e43854d1794022bb533e06f37,processed,,512,/project/ricky/splatformer-data-new/train-set/objaverse/512/colmap/031fc51e43854d1794022bb533e06f37/images,/project/ricky/splatformer-data-new/train-set/objaverse/512/nerfstudio/031fc51e43854d1794022bb533e06f37/splatfacto/nerfstudio_models/step-000010001.ckpt,128,44535,,,
031fc51e43854d1794022bb533e06f37,processed,,128,/project/ricky/splatformer-data-new/train-set/objaverse/128/colmap/031fc51e43854d1794022bb533e06f37/images,/project/ricky/splatformer-data-new/train-set/objaverse/128/nerfstudio/031fc51e43854d1794022bb533e06f37/splatfacto/nerfstudio_models/step-000010001.ckpt,128,37952,,,
031fd1d6fb8c4bd7a02a923e79537e14,processed,,512,/project/ricky/splatformer-data-new/train-set/objaverse/512/colmap/031fd1d6fb8c4bd7a02a923e79537e14/images,/project/ricky/splatformer-data-new/train-set/objaverse/512/nerfstudio/031fd1d6fb8c4bd7a02a923e79537e14/splatfacto/nerfstudio_models/step-000010001.ckpt,128,55420,,,
031fd1d6fb8c4bd7a02a923e79537e14,processed,,128,/project/ricky/splatformer-data-new/train-set/objaverse/128/colmap/031fd1d6fb8c4bd7a02a923e79537e14/images,/project/ricky/splatformer-data-new/train-set/objaverse/128/nerfstudio/031fd1d6fb8c4bd7a02a923e79537e14/splatfacto/nerfstudio_models/step-000010001.ckpt,128,37344,,,
0326d930d18045b7a4ec7219d62779ee,processed,,512,/project/ricky/splatformer-data-new/train-set/objaverse/512/colmap/0326d930d18045b7a4ec7219d62779ee/images,/project/ricky/splatformer-data-new/train-set/objaverse/512/nerfstudio/0326d930d18045b7a4ec7219d62779ee/splatfacto/nerfstudio_models/step-000010001.ckpt,128,82456,,,
0326d930d18045b7a4ec7219d62779ee,processed,,128,/project/ricky/splatformer-data-new/train-set/objaverse/128/colmap/0326d930d18045b7a4ec7219d62779ee/images,/project/ricky/splatformer-data-new/train-set/objaverse/128/nerfstudio/0326d930d18045b7a4ec7219d62779ee/splatfacto/nerfstudio_models/step-000010001.ckpt,128,87074,,,
0330476ef25d4b6d8a3fb3fe00b7e28b,processed,,512,/project/ricky/splatformer-data-new/train-set/objaverse/512/colmap/0330476ef25d4b6d8a3fb3fe00b7e28b/images,/project/ricky/splatformer-data-new/train-set/objaverse/512/nerfstudio/0330476ef25d4b6d8a3fb3fe00b7e28b/splatfacto/nerfstudio_models/step-000010001.ckpt,128,79885,,,
0330476ef25d4b6d8a3fb3fe00b7e28b,processed,,128,/project/ricky/splatformer-data-new/train-set/objaverse/128/colmap/0330476ef25d4b6d8a3fb3fe00b7e28b/images,/project/ricky/splatformer-data-new/train-set/objaverse/128/nerfstudio/0330476ef25d4b6d8a3fb3fe00b7e28b/splatfacto/nerfstudio_models/step-000010001.ckpt,128,51031,,,
03314e69be634ced92a88957d89d394f,processed,,512,/project/ricky/splatformer-data-new/train-set/objaverse/512/colmap/03314e69be634ced92a88957d89d394f/images,/project/ricky/splatformer-data-new/train-set/objaverse/512/nerfstudio/03314e69be634ced92a88957d89d394f/splatfacto/nerfstudio_models/step-000010001.ckpt,128,26795,,,
03314e69be634ced92a88957d89d394f,processed,,128,/project/ricky/splatformer-data-new/train-set/objaverse/128/colmap/03314e69be634ced92a88957d89d394f/images,/project/ricky/splatformer-data-new/train-set/objaverse/128/nerfstudio/03314e69be634ced92a88957d89d394f/splatfacto/nerfstudio_models/step-000010001.ckpt,128,16398,,,
033a522edff441b99fab60dd79268277,processed,,512,/project/ricky/splatformer-data-new/train-set/objaverse/512/colmap/033a522edff441b99fab60dd79268277/images,/project/ricky/splatformer-data-new/train-set/objaverse/512/nerfstudio/033a522edff441b99fab60dd79268277/splatfacto/nerfstudio_models/step-000010001.ckpt,128,146471,,,
033a522edff441b99fab60dd79268277,processed,,128,/project/ricky/splatformer-data-new/train-set/objaverse/128/colmap/033a522edff441b99fab60dd79268277/images,/project/ricky/splatformer-data-new/train-set/objaverse/128/nerfstudio/033a522edff441b99fab60dd79268277/splatfacto/nerfstudio_models/step-000010001.ckpt,128,42452,,,
0341049d4e824646b1dec7cef28d991d,processed,,512,/project/ricky/splatformer-data-new/train-set/objaverse/512/colmap/0341049d4e824646b1dec7cef28d991d/images,/project/ricky/splatformer-data-new/train-set/objaverse/512/nerfstudio/0341049d4e824646b1dec7cef28d991d/splatfacto/nerfstudio_models/step-000010001.ckpt,128,36452,,,
0341049d4e824646b1dec7cef28d991d,processed,,128,/project/ricky/splatformer-data-new/train-set/objaverse/128/colmap/0341049d4e824646b1dec7cef28d991d/images,/project/ricky/splatformer-data-new/train-set/objaverse/128/nerfstudio/0341049d4e824646b1dec7cef28d991d/splatfacto/nerfstudio_models/step-000010001.ckpt,128,32826,,,
034bb83d18684a8eada6d84f89ef4886,processed,,512,/project/ricky/splatformer-data-new/train-set/objaverse/512/colmap/034bb83d18684a8eada6d84f89ef4886/images,/project/ricky/splatformer-data-new/train-set/objaverse/512/nerfstudio/034bb83d18684a8eada6d84f89ef4886/splatfacto/nerfstudio_models/step-000010001.ckpt,128,212566,,,
034bb83d18684a8eada6d84f89ef4886,processed,,128,/project/ricky/splatformer-data-new/train-set/objaverse/128/colmap/034bb83d18684a8eada6d84f89ef4886/images,/project/ricky/splatformer-data-new/train-set/objaverse/128/nerfstudio/034bb83d18684a8eada6d84f89ef4886/splatfacto/nerfstudio_models/step-000010001.ckpt,128,67712,,,
034cddf8b3ed47bc8fc9f828de57c0cd,processed,,512,/project/ricky/splatformer-data-new/train-set/objaverse/512/colmap/034cddf8b3ed47bc8fc9f828de57c0cd/images,/project/ricky/splatformer-data-new/train-set/objaverse/512/nerfstudio/034cddf8b3ed47bc8fc9f828de57c0cd/splatfacto/nerfstudio_models/step-000010001.ckpt,128,82557,,,
034cddf8b3ed47bc8fc9f828de57c0cd,processed,,128,/project/ricky/splatformer-data-new/train-set/objaverse/128/colmap/034cddf8b3ed47bc8fc9f828de57c0cd/images,/project/ricky/splatformer-data-new/train-set/objaverse/128/nerfstudio/034cddf8b3ed47bc8fc9f828de57c0cd/splatfacto/nerfstudio_models/step-000010001.ckpt,128,85515,,,
034e9c5c97204146b75a5137d62204fc,processed,,512,/project/ricky/splatformer-data-new/train-set/objaverse/512/colmap/034e9c5c97204146b75a5137d62204fc/images,/project/ricky/splatformer-data-new/train-set/objaverse/512/nerfstudio/034e9c5c97204146b75a5137d62204fc/splatfacto/nerfstudio_models/step-000010001.ckpt,128,50613,,,
034e9c5c97204146b75a5137d62204fc,processed,,128,/project/ricky/splatformer-data-new/train-set/objaverse/128/colmap/034e9c5c97204146b75a5137d62204fc/images,/project/ricky/splatformer-data-new/train-set/objaverse/128/nerfstudio/034e9c5c97204146b75a5137d62204fc/splatfacto/nerfstudio_models/step-000010001.ckpt,128,35607,,,
034fe25f2a2c479f83483408f3bc3657,processed,,512,/project/ricky/splatformer-data-new/train-set/objaverse/512/colmap/034fe25f2a2c479f83483408f3bc3657/images,/project/ricky/splatformer-data-new/train-set/objaverse/512/nerfstudio/034fe25f2a2c479f83483408f3bc3657/splatfacto/nerfstudio_models/step-000010001.ckpt,128,164732,,,
034fe25f2a2c479f83483408f3bc3657,processed,,128,/project/ricky/splatformer-data-new/train-set/objaverse/128/colmap/034fe25f2a2c479f83483408f3bc3657/images,/project/ricky/splatformer-data-new/train-set/objaverse/128/nerfstudio/034fe25f2a2c479f83483408f3bc3657/splatfacto/nerfstudio_models/step-000010001.ckpt,128,42586,,,
03501ff5156d44e8aa57b4684eda6400,processed,,512,/project/ricky/splatformer-data-new/train-set/objaverse/512/colmap/03501ff5156d44e8aa57b4684eda6400/images,/project/ricky/splatformer-data-new/train-set/objaverse/512/nerfstudio/03501ff5156d44e8aa57b4684eda6400/splatfacto/nerfstudio_models/step-000010001.ckpt,128,137310,,,
03501ff5156d44e8aa57b4684eda6400,processed,,128,/project/ricky/splatformer-data-new/train-set/objaverse/128/colmap/03501ff5156d44e8aa57b4684eda6400/images,/project/ricky/splatformer-data-new/train-set/objaverse/128/nerfstudio/03501ff5156d44e8aa57b4684eda6400/splatfacto/nerfstudio_models/step-000010001.ckpt,128,128635,,,
03540c9fdc1c47edbe4d254fb5779e5d,processed,,512,/project/ricky/splatformer-data-new/train-set/objaverse/512/colmap/03540c9fdc1c47edbe4d254fb5779e5d/images,/project/ricky/splatformer-data-new/train-set/objaverse/512/nerfstudio/03540c9fdc1c47edbe4d254fb5779e5d/splatfacto/nerfstudio_models/step-000010001.ckpt,128,113592,,,
03540c9fdc1c47edbe4d254fb5779e5d,processed,,128,/project/ricky/splatformer-data-new/train-set/objaverse/128/colmap/03540c9fdc1c47edbe4d254fb5779e5d/images,/project/ricky/splatformer-data-new/train-set/objaverse/128/nerfstudio/03540c9fdc1c47edbe4d254fb5779e5d/splatfacto/nerfstudio_models/step-000010001.ckpt,128,66001,,,
03550a3529c24611a12aa158747374e0,processed,,512,/project/ricky/splatformer-data-new/train-set/objaverse/512/colmap/03550a3529c24611a12aa158747374e0/images,/project/ricky/splatformer-data-new/train-set/objaverse/512/nerfstudio/03550a3529c24611a12aa158747374e0/splatfacto/nerfstudio_models/step-000010001.ckpt,128,75625,,,
03550a3529c24611a12aa158747374e0,processed,,128,/project/ricky/splatformer-data-new/train-set/objaverse/128/colmap/03550a3529c24611a12aa158747374e0/images,/project/ricky/splatformer-data-new/train-set/objaverse/128/nerfstudio/03550a3529c24611a12aa158747374e0/splatfacto/nerfstudio_models/step-000010001.ckpt,128,55110,,,
03554d2ffc584dea9933eb706e919f66,processed,,512,/project/ricky/splatformer-data-new/train-set/objaverse/512/colmap/03554d2ffc584dea9933eb706e919f66/images,/project/ricky/splatformer-data-new/train-set/objaverse/512/nerfstudio/03554d2ffc584dea9933eb706e919f66/splatfacto/nerfstudio_models/step-000010001.ckpt,128,206332,,,
03554d2ffc584dea9933eb706e919f66,processed,,128,/project/ricky/splatformer-data-new/train-set/objaverse/128/colmap/03554d2ffc584dea9933eb706e919f66/images,/project/ricky/splatformer-data-new/train-set/objaverse/128/nerfstudio/03554d2ffc584dea9933eb706e919f66/splatfacto/nerfstudio_models/step-000010001.ckpt,128,98997,,,
0357e7a994d0471391197a2f613be439,processed,,512,/project/ricky/splatformer-data-new/train-set/objaverse/512/colmap/0357e7a994d0471391197a2f613be439/images,/project/ricky/splatformer-data-new/train-set/objaverse/512/nerfstudio/0357e7a994d0471391197a2f613be439/splatfacto/nerfstudio_models/step-000010001.ckpt,128,89078,,,
0357e7a994d0471391197a2f613be439,processed,,128,/project/ricky/splatformer-data-new/train-set/objaverse/128/colmap/0357e7a994d0471391197a2f613be439/images,/project/ricky/splatformer-data-new/train-set/objaverse/128/nerfstudio/0357e7a994d0471391197a2f613be439/splatfacto/nerfstudio_models/step-000010001.ckpt,128,44169,,,
035c0074e13f4e69a2abe1dd51ed820a,processed,,512,/project/ricky/splatformer-data-new/train-set/objaverse/512/colmap/035c0074e13f4e69a2abe1dd51ed820a/images,/project/ricky/splatformer-data-new/train-set/objaverse/512/nerfstudio/035c0074e13f4e69a2abe1dd51ed820a/splatfacto/nerfstudio_models/step-000010001.ckpt,128,146643,,,
035c0074e13f4e69a2abe1dd51ed820a,processed,,128,/project/ricky/splatformer-data-new/train-set/objaverse/128/colmap/035c0074e13f4e69a2abe1dd51ed820a/images,/project/ricky/splatformer-data-new/train-set/objaverse/128/nerfstudio/035c0074e13f4e69a2abe1dd51ed820a/splatfacto/nerfstudio_models/step-000010001.ckpt,128,88089,,,
035d14abda6c4b6d894c6f09c9c04ecf,processed,,512,/project/ricky/splatformer-data-new/train-set/objaverse/512/colmap/035d14abda6c4b6d894c6f09c9c04ecf/images,/project/ricky/splatformer-data-new/train-set/objaverse/512/nerfstudio/035d14abda6c4b6d894c6f09c9c04ecf/splatfacto/nerfstudio_models/step-000010001.ckpt,128,82332,,,
035d14abda6c4b6d894c6f09c9c04ecf,processed,,128,/project/ricky/splatformer-data-new/train-set/objaverse/128/colmap/035d14abda6c4b6d894c6f09c9c04ecf/images,/project/ricky/splatformer-data-new/train-set/objaverse/128/nerfstudio/035d14abda6c4b6d894c6f09c9c04ecf/splatfacto/nerfstudio_models/step-000010001.ckpt,128,57881,,,
0360390453aa43aba5f3b018bf542b46,processed,,512,/project/ricky/splatformer-data-new/train-set/objaverse/512/colmap/0360390453aa43aba5f3b018bf542b46/images,/project/ricky/splatformer-data-new/train-set/objaverse/512/nerfstudio/0360390453aa43aba5f3b018bf542b46/splatfacto/nerfstudio_models/step-000010001.ckpt,128,77743,,,
0360390453aa43aba5f3b018bf542b46,processed,,128,/project/ricky/splatformer-data-new/train-set/objaverse/128/colmap/0360390453aa43aba5f3b018bf542b46/images,/project/ricky/splatformer-data-new/train-set/objaverse/128/nerfstudio/0360390453aa43aba5f3b018bf542b46/splatfacto/nerfstudio_models/step-000010001.ckpt,128,60100,,,
03638af12af54b3b89e655005de8fa68,processed,,512,/project/ricky/splatformer-data-new/train-set/objaverse/512/colmap/03638af12af54b3b89e655005de8fa68/images,/project/ricky/splatformer-data-new/train-set/objaverse/512/nerfstudio/03638af12af54b3b89e655005de8fa68/splatfacto/nerfstudio_models/step-000010001.ckpt,128,81388,,,
03638af12af54b3b89e655005de8fa68,processed,,128,/project/ricky/splatformer-data-new/train-set/objaverse/128/colmap/03638af12af54b3b89e655005de8fa68/images,/project/ricky/splatformer-data-new/train-set/objaverse/128/nerfstudio/03638af12af54b3b89e655005de8fa68/splatfacto/nerfstudio_models/step-000010001.ckpt,128,79318,,,
03638bc34bae45bbbc1ca4dfe491c767,processed,,512,/project/ricky/splatformer-data-new/train-set/objaverse/512/colmap/03638bc34bae45bbbc1ca4dfe491c767/images,/project/ricky/splatformer-data-new/train-set/objaverse/512/nerfstudio/03638bc34bae45bbbc1ca4dfe491c767/splatfacto/nerfstudio_models/step-000010001.ckpt,128,44615,,,
03638bc34bae45bbbc1ca4dfe491c767,processed,,128,/project/ricky/splatformer-data-new/train-set/objaverse/128/colmap/03638bc34bae45bbbc1ca4dfe491c767/images,/project/ricky/splatformer-data-new/train-set/objaverse/128/nerfstudio/03638bc34bae45bbbc1ca4dfe491c767/splatfacto/nerfstudio_models/step-000010001.ckpt,128,38534,,,
036c12aa529245c9b97df1783db7e7a0,processed,,512,/project/ricky/splatformer-data-new/train-set/objaverse/512/colmap/036c12aa529245c9b97df1783db7e7a0/images,/project/ricky/splatformer-data-new/train-set/objaverse/512/nerfstudio/036c12aa529245c9b97df1783db7e7a0/splatfacto/nerfstudio_models/step-000010001.ckpt,128,80302,,,
036c12aa529245c9b97df1783db7e7a0,processed,,128,/project/ricky/splatformer-data-new/train-set/objaverse/128/colmap/036c12aa529245c9b97df1783db7e7a0/images,/project/ricky/splatformer-data-new/train-set/objaverse/128/nerfstudio/036c12aa529245c9b97df1783db7e7a0/splatfacto/nerfstudio_models/step-000010001.ckpt,128,53246,,,
037285b2ed5244f1a52ba678e5112cec,processed,,512,/project/ricky/splatformer-data-new/train-set/objaverse/512/colmap/037285b2ed5244f1a52ba678e5112cec/images,/project/ricky/splatformer-data-new/train-set/objaverse/512/nerfstudio/037285b2ed5244f1a52ba678e5112cec/splatfacto/nerfstudio_models/step-000010001.ckpt,128,40280,,,
037285b2ed5244f1a52ba678e5112cec,processed,,128,/project/ricky/splatformer-data-new/train-set/objaverse/128/colmap/037285b2ed5244f1a52ba678e5112cec/images,/project/ricky/splatformer-data-new/train-set/objaverse/128/nerfstudio/037285b2ed5244f1a52ba678e5112cec/splatfacto/nerfstudio_models/step-000010001.ckpt,128,19655,,,
03729487dbc847faaca77fc959cf2930,processed,,512,/project/ricky/splatformer-data-new/train-set/objaverse/512/colmap/03729487dbc847faaca77fc959cf2930/images,/project/ricky/splatformer-data-new/train-set/objaverse/512/nerfstudio/03729487dbc847faaca77fc959cf2930/splatfacto/nerfstudio_models/step-000010001.ckpt,128,55906,,,
03729487dbc847faaca77fc959cf2930,processed,,128,/project/ricky/splatformer-data-new/train-set/objaverse/128/colmap/03729487dbc847faaca77fc959cf2930/images,/project/ricky/splatformer-data-new/train-set/objaverse/128/nerfstudio/03729487dbc847faaca77fc959cf2930/splatfacto/nerfstudio_models/step-000010001.ckpt,128,48478,,,
037473db36bf404fa4f4edf38efd63c2,processed,,512,/project/ricky/splatformer-data-new/train-set/objaverse/512/colmap/037473db36bf404fa4f4edf38efd63c2/images,/project/ricky/splatformer-data-new/train-set/objaverse/512/nerfstudio/037473db36bf404fa4f4edf38efd63c2/splatfacto/nerfstudio_models/step-000010001.ckpt,128,95085,,,
037473db36bf404fa4f4edf38efd63c2,processed,,128,/project/ricky/splatformer-data-new/train-set/objaverse/128/colmap/037473db36bf404fa4f4edf38efd63c2/images,/project/ricky/splatformer-data-new/train-set/objaverse/128/nerfstudio/037473db36bf404fa4f4edf38efd63c2/splatfacto/nerfstudio_models/step-000010001.ckpt,128,60371,,,
03757c950b14425ba5480a3850d01394,processed,,512,/project/ricky/splatformer-data-new/train-set/objaverse/512/colmap/03757c950b14425ba5480a3850d01394/images,/project/ricky/splatformer-data-new/train-set/objaverse/512/nerfstudio/03757c950b14425ba5480a3850d01394/splatfacto/nerfstudio_models/step-000010001.ckpt,128,48437,,,
03757c950b14425ba5480a3850d01394,processed,,128,/project/ricky/splatformer-data-new/train-set/objaverse/128/colmap/03757c950b14425ba5480a3850d01394/images,/project/ricky/splatformer-data-new/train-set/objaverse/128/nerfstudio/03757c950b14425ba5480a3850d01394/splatfacto/nerfstudio_models/step-000010001.ckpt,128,33629,,,
0376792c26364899b76a523fe481b354,processed,,512,/project/ricky/splatformer-data-new/train-set/objaverse/512/colmap/0376792c26364899b76a523fe481b354/images,/project/ricky/splatformer-data-new/train-set/objaverse/512/nerfstudio/0376792c26364899b76a523fe481b354/splatfacto/nerfstudio_models/step-000010001.ckpt,128,89877,,,
0376792c26364899b76a523fe481b354,processed,,128,/project/ricky/splatformer-data-new/train-set/objaverse/128/colmap/0376792c26364899b76a523fe481b354/images,/project/ricky/splatformer-data-new/train-set/objaverse/128/nerfstudio/0376792c26364899b76a523fe481b354/splatfacto/nerfstudio_models/step-000010001.ckpt,128,49737,,,
0377bd8564c0491b839a51d9610fa0f1,processed,,512,/project/ricky/splatformer-data-new/train-set/objaverse/512/colmap/0377bd8564c0491b839a51d9610fa0f1/images,/project/ricky/splatformer-data-new/train-set/objaverse/512/nerfstudio/0377bd8564c0491b839a51d9610fa0f1/splatfacto/nerfstudio_models/step-000010001.ckpt,128,15730,,,
0377bd8564c0491b839a51d9610fa0f1,processed,,128,/project/ricky/splatformer-data-new/train-set/objaverse/128/colmap/0377bd8564c0491b839a51d9610fa0f1/images,/project/ricky/splatformer-data-new/train-set/objaverse/128/nerfstudio/0377bd8564c0491b839a51d9610fa0f1/splatfacto/nerfstudio_models/step-000010001.ckpt,128,968,,,
037cb2f2b16b4d6296024663364b7d97,processed,,512,/project/ricky/splatformer-data-new/train-set/objaverse/512/colmap/037cb2f2b16b4d6296024663364b7d97/images,/project/ricky/splatformer-data-new/train-set/objaverse/512/nerfstudio/037cb2f2b16b4d6296024663364b7d97/splatfacto/nerfstudio_models/step-000010001.ckpt,128,31372,,,
037cb2f2b16b4d6296024663364b7d97,processed,,128,/project/ricky/splatformer-data-new/train-set/objaverse/128/colmap/037cb2f2b16b4d6296024663364b7d97/images,/project/ricky/splatformer-data-new/train-set/objaverse/128/nerfstudio/037cb2f2b16b4d6296024663364b7d97/splatfacto/nerfstudio_models/step-000010001.ckpt,128,15643,,,
037d3c7abe9349b486e25106d9759e64,processed,,512,/project/ricky/splatformer-data-new/train-set/objaverse/512/colmap/037d3c7abe9349b486e25106d9759e64/images,/project/ricky/splatformer-data-new/train-set/objaverse/512/nerfstudio/037d3c7abe9349b486e25106d9759e64/splatfacto/nerfstudio_models/step-000010001.ckpt,128,60566,,,
037d3c7abe9349b486e25106d9759e64,processed,,128,/project/ricky/splatformer-data-new/train-set/objaverse/128/colmap/037d3c7abe9349b486e25106d9759e64/images,/project/ricky/splatformer-data-new/train-set/objaverse/128/nerfstudio/037d3c7abe9349b486e25106d9759e64/splatfacto/nerfstudio_models/step-000010001.ckpt,128,58176,,,
037dceb2106240abb9f340c4144c0ac1,processed,,512,/project/ricky/splatformer-data-new/train-set/objaverse/512/colmap/037dceb2106240abb9f340c4144c0ac1/images,/project/ricky/splatformer-data-new/train-set/objaverse/512/nerfstudio/037dceb2106240abb9f340c4144c0ac1/splatfacto/nerfstudio_models/step-000010001.ckpt,128,53055,,,
037dceb2106240abb9f340c4144c0ac1,processed,,128,/project/ricky/splatformer-data-new/train-set/objaverse/128/colmap/037dceb2106240abb9f340c4144c0ac1/images,/project/ricky/splatformer-data-new/train-set/objaverse/128/nerfstudio/037dceb2106240abb9f340c4144c0ac1/splatfacto/nerfstudio_models/step-000010001.ckpt,128,79594,,,
03804a8cb6e54e85869f805622078295,processed,,512,/project/ricky/splatformer-data-new/train-set/objaverse/512/colmap/03804a8cb6e54e85869f805622078295/images,/project/ricky/splatformer-data-new/train-set/objaverse/512/nerfstudio/03804a8cb6e54e85869f805622078295/splatfacto/nerfstudio_models/step-000010001.ckpt,128,68886,,,
03804a8cb6e54e85869f805622078295,processed,,128,/project/ricky/splatformer-data-new/train-set/objaverse/128/colmap/03804a8cb6e54e85869f805622078295/images,/project/ricky/splatformer-data-new/train-set/objaverse/128/nerfstudio/03804a8cb6e54e85869f805622078295/splatfacto/nerfstudio_models/step-000010001.ckpt,128,32315,,,
0383c7b4bb0c47eb9ac3f8a86a444f5b,processed,,512,/project/ricky/splatformer-data-new/train-set/objaverse/512/colmap/0383c7b4bb0c47eb9ac3f8a86a444f5b/images,/project/ricky/splatformer-data-new/train-set/objaverse/512/nerfstudio/0383c7b4bb0c47eb9ac3f8a86a444f5b/splatfacto/nerfstudio_models/step-000010001.ckpt,128,273663,,,
0383c7b4bb0c47eb9ac3f8a86a444f5b,processed,,128,/project/ricky/splatformer-data-new/train-set/objaverse/128/colmap/0383c7b4bb0c47eb9ac3f8a86a444f5b/images,/project/ricky/splatformer-data-new/train-set/objaverse/128/nerfstudio/0383c7b4bb0c47eb9ac3f8a86a444f5b/splatfacto/nerfstudio_models/step-000010001.ckpt,128,202114,,,
038416d7fb2649e2833d5989b47885db,processed,,512,/project/ricky/splatformer-data-new/train-set/objaverse/512/colmap/038416d7fb2649e2833d5989b47885db/images,/project/ricky/splatformer-data-new/train-set/objaverse/512/nerfstudio/038416d7fb2649e2833d5989b47885db/splatfacto/nerfstudio_models/step-000010001.ckpt,128,77766,,,
038416d7fb2649e2833d5989b47885db,processed,,128,/project/ricky/splatformer-data-new/train-set/objaverse/128/colmap/038416d7fb2649e2833d5989b47885db/images,/project/ricky/splatformer-data-new/train-set/objaverse/128/nerfstudio/038416d7fb2649e2833d5989b47885db/splatfacto/nerfstudio_models/step-000010001.ckpt,128,55913,,,
03848cfcf5b446118a5fae1630cb8f0a,processed,,512,/project/ricky/splatformer-data-new/train-set/objaverse/512/colmap/03848cfcf5b446118a5fae1630cb8f0a/images,/project/ricky/splatformer-data-new/train-set/objaverse/512/nerfstudio/03848cfcf5b446118a5fae1630cb8f0a/splatfacto/nerfstudio_models/step-000010001.ckpt,128,133473,,,
03848cfcf5b446118a5fae1630cb8f0a,processed,,128,/project/ricky/splatformer-data-new/train-set/objaverse/128/colmap/03848cfcf5b446118a5fae1630cb8f0a/images,/project/ricky/splatformer-data-new/train-set/objaverse/128/nerfstudio/03848cfcf5b446118a5fae1630cb8f0a/splatfacto/nerfstudio_models/step-000010001.ckpt,128,89093,,,
0386a440116e4556b17568350e81adfd,processed,,512,/project/ricky/splatformer-data-new/train-set/objaverse/512/colmap/0386a440116e4556b17568350e81adfd/images,/project/ricky/splatformer-data-new/train-set/objaverse/512/nerfstudio/0386a440116e4556b17568350e81adfd/splatfacto/nerfstudio_models/step-000010001.ckpt,128,104027,,,
0386a440116e4556b17568350e81adfd,processed,,128,/project/ricky/splatformer-data-new/train-set/objaverse/128/colmap/0386a440116e4556b17568350e81adfd/images,/project/ricky/splatformer-data-new/train-set/objaverse/128/nerfstudio/0386a440116e4556b17568350e81adfd/splatfacto/nerfstudio_models/step-000010001.ckpt,128,41169,,,
03875685bcdb43d896bdfa7b0764852d,processed,,512,/project/ricky/splatformer-data-new/train-set/objaverse/512/colmap/03875685bcdb43d896bdfa7b0764852d/images,/project/ricky/splatformer-data-new/train-set/objaverse/512/nerfstudio/03875685bcdb43d896bdfa7b0764852d/splatfacto/nerfstudio_models/step-000010001.ckpt,128,86143,,,
03875685bcdb43d896bdfa7b0764852d,processed,,128,/project/ricky/splatformer-data-new/train-set/objaverse/128/colmap/03875685bcdb43d896bdfa7b0764852d/images,/project/ricky/splatformer-data-new/train-set/objaverse/128/nerfstudio/03875685bcdb43d896bdfa7b0764852d/splatfacto/nerfstudio_models/step-000010001.ckpt,128,67572,,,
03887d9454274c468ecf89910869a946,processed,,512,/project/ricky/splatformer-data-new/train-set/objaverse/512/colmap/03887d9454274c468ecf89910869a946/images,/project/ricky/splatformer-data-new/train-set/objaverse/512/nerfstudio/03887d9454274c468ecf89910869a946/splatfacto/nerfstudio_models/step-000010001.ckpt,128,30526,,,
03887d9454274c468ecf89910869a946,processed,,128,/project/ricky/splatformer-data-new/train-set/objaverse/128/colmap/03887d9454274c468ecf89910869a946/images,/project/ricky/splatformer-data-new/train-set/objaverse/128/nerfstudio/03887d9454274c468ecf89910869a946/splatfacto/nerfstudio_models/step-000010001.ckpt,128,15408,,,
038b222f658a402aa92bb560d6bd680a,processed,,512,/project/ricky/splatformer-data-new/train-set/objaverse/512/colmap/038b222f658a402aa92bb560d6bd680a/images,/project/ricky/splatformer-data-new/train-set/objaverse/512/nerfstudio/038b222f658a402aa92bb560d6bd680a/splatfacto/nerfstudio_models/step-000010001.ckpt,128,107721,,,
038b222f658a402aa92bb560d6bd680a,processed,,128,/project/ricky/splatformer-data-new/train-set/objaverse/128/colmap/038b222f658a402aa92bb560d6bd680a/images,/project/ricky/splatformer-data-new/train-set/objaverse/128/nerfstudio/038b222f658a402aa92bb560d6bd680a/splatfacto/nerfstudio_models/step-000010001.ckpt,128,65666,,,
038c4244e47c457fb8994a3445cae7b5,processed,,512,/project/ricky/splatformer-data-new/train-set/objaverse/512/colmap/038c4244e47c457fb8994a3445cae7b5/images,/project/ricky/splatformer-data-new/train-set/objaverse/512/nerfstudio/038c4244e47c457fb8994a3445cae7b5/splatfacto/nerfstudio_models/step-000010001.ckpt,128,152471,,,
038c4244e47c457fb8994a3445cae7b5,processed,,128,/project/ricky/splatformer-data-new/train-set/objaverse/128/colmap/038c4244e47c457fb8994a3445cae7b5/images,/project/ricky/splatformer-data-new/train-set/objaverse/128/nerfstudio/038c4244e47c457fb8994a3445cae7b5/splatfacto/nerfstudio_models/step-000010001.ckpt,128,102808,,,
038d1e014bfc4b009c3ccc92e6a2896d,processed,,512,/project/ricky/splatformer-data-new/train-set/objaverse/512/colmap/038d1e014bfc4b009c3ccc92e6a2896d/images,/project/ricky/splatformer-data-new/train-set/objaverse/512/nerfstudio/038d1e014bfc4b009c3ccc92e6a2896d/splatfacto/nerfstudio_models/step-000010001.ckpt,128,24989,,,
038d1e014bfc4b009c3ccc92e6a2896d,processed,,128,/project/ricky/splatformer-data-new/train-set/objaverse/128/colmap/038d1e014bfc4b009c3ccc92e6a2896d/images,/project/ricky/splatformer-data-new/train-set/objaverse/128/nerfstudio/038d1e014bfc4b009c3ccc92e6a2896d/splatfacto/nerfstudio_models/step-000010001.ckpt,128,27422,,,
038da5c378f143d4ab3a516f47526a0e,processed,,512,/project/ricky/splatformer-data-new/train-set/objaverse/512/colmap/038da5c378f143d4ab3a516f47526a0e/images,/project/ricky/splatformer-data-new/train-set/objaverse/512/nerfstudio/038da5c378f143d4ab3a516f47526a0e/splatfacto/nerfstudio_models/step-000010001.ckpt,128,65066,,,
038da5c378f143d4ab3a516f47526a0e,processed,,128,/project/ricky/splatformer-data-new/train-set/objaverse/128/colmap/038da5c378f143d4ab3a516f47526a0e/images,/project/ricky/splatformer-data-new/train-set/objaverse/128/nerfstudio/038da5c378f143d4ab3a516f47526a0e/splatfacto/nerfstudio_models/step-000010001.ckpt,128,42270,,,
039783a7cc584dda8d1fe01228a8ec26,processed,,512,/project/ricky/splatformer-data-new/train-set/objaverse/512/colmap/039783a7cc584dda8d1fe01228a8ec26/images,/project/ricky/splatformer-data-new/train-set/objaverse/512/nerfstudio/039783a7cc584dda8d1fe01228a8ec26/splatfacto/nerfstudio_models/step-000010001.ckpt,128,34332,,,
039783a7cc584dda8d1fe01228a8ec26,processed,,128,/project/ricky/splatformer-data-new/train-set/objaverse/128/colmap/039783a7cc584dda8d1fe01228a8ec26/images,/project/ricky/splatformer-data-new/train-set/objaverse/128/nerfstudio/039783a7cc584dda8d1fe01228a8ec26/splatfacto/nerfstudio_models/step-000010001.ckpt,128,19279,,,
039bed00b3204822bbeacf24c90b07ca,processed,,512,/project/ricky/splatformer-data-new/train-set/objaverse/512/colmap/039bed00b3204822bbeacf24c90b07ca/images,/project/ricky/splatformer-data-new/train-set/objaverse/512/nerfstudio/039bed00b3204822bbeacf24c90b07ca/splatfacto/nerfstudio_models/step-000010001.ckpt,128,47927,,,
039bed00b3204822bbeacf24c90b07ca,processed,,128,/project/ricky/splatformer-data-new/train-set/objaverse/128/colmap/039bed00b3204822bbeacf24c90b07ca/images,/project/ricky/splatformer-data-new/train-set/objaverse/128/nerfstudio/039bed00b3204822bbeacf24c90b07ca/splatfacto/nerfstudio_models/step-000010001.ckpt,128,32084,,,
03a0bbce77614f67835a3f102a63d809,processed,,512,/project/ricky/splatformer-data-new/train-set/objaverse/512/colmap/03a0bbce77614f67835a3f102a63d809/images,/project/ricky/splatformer-data-new/train-set/objaverse/512/nerfstudio/03a0bbce77614f67835a3f102a63d809/splatfacto/nerfstudio_models/step-000010001.ckpt,128,28931,,,
03a0bbce77614f67835a3f102a63d809,processed,,128,/project/ricky/splatformer-data-new/train-set/objaverse/128/colmap/03a0bbce77614f67835a3f102a63d809/images,/project/ricky/splatformer-data-new/train-set/objaverse/128/nerfstudio/03a0bbce77614f67835a3f102a63d809/splatfacto/nerfstudio_models/step-000010001.ckpt,128,26942,,,
03a1ad19dd594544b1d89409395dbb2d,processed,,512,/project/ricky/splatformer-data-new/train-set/objaverse/512/colmap/03a1ad19dd594544b1d89409395dbb2d/images,/project/ricky/splatformer-data-new/train-set/objaverse/512/nerfstudio/03a1ad19dd594544b1d89409395dbb2d/splatfacto/nerfstudio_models/step-000010001.ckpt,128,24965,,,
03a1ad19dd594544b1d89409395dbb2d,processed,,128,/project/ricky/splatformer-data-new/train-set/objaverse/128/colmap/03a1ad19dd594544b1d89409395dbb2d/images,/project/ricky/splatformer-data-new/train-set/objaverse/128/nerfstudio/03a1ad19dd594544b1d89409395dbb2d/splatfacto/nerfstudio_models/step-000010001.ckpt,128,5746,,,
03a1bfe848dd4bbd89cc948e1869b549,processed,,512,/project/ricky/splatformer-data-new/train-set/objaverse/512/colmap/03a1bfe848dd4bbd89cc948e1869b549/images,/project/ricky/splatformer-data-new/train-set/objaverse/512/nerfstudio/03a1bfe848dd4bbd89cc948e1869b549/splatfacto/nerfstudio_models/step-000010001.ckpt,128,37410,,,
03a1bfe848dd4bbd89cc948e1869b549,processed,,128,/project/ricky/splatformer-data-new/train-set/objaverse/128/colmap/03a1bfe848dd4bbd89cc948e1869b549/images,/project/ricky/splatformer-data-new/train-set/objaverse/128/nerfstudio/03a1bfe848dd4bbd89cc948e1869b549/splatfacto/nerfstudio_models/step-000010001.ckpt,128,25501,,,
03aab69dcb314c31b6a0be42d5d87b7d,processed,,512,/project/ricky/splatformer-data-new/train-set/objaverse/512/colmap/03aab69dcb314c31b6a0be42d5d87b7d/images,/project/ricky/splatformer-data-new/train-set/objaverse/512/nerfstudio/03aab69dcb314c31b6a0be42d5d87b7d/splatfacto/nerfstudio_models/step-000010001.ckpt,128,9829,,,
03aab69dcb314c31b6a0be42d5d87b7d,processed,,128,/project/ricky/splatformer-data-new/train-set/objaverse/128/colmap/03aab69dcb314c31b6a0be42d5d87b7d/images,/project/ricky/splatformer-data-new/train-set/objaverse/128/nerfstudio/03aab69dcb314c31b6a0be42d5d87b7d/splatfacto/nerfstudio_models/step-000010001.ckpt,128,1991,,,
03aadbab477747728acbce807ba467fb,processed,,512,/project/ricky/splatformer-data-new/train-set/objaverse/512/colmap/03aadbab477747728acbce807ba467fb/images,/project/ricky/splatformer-data-new/train-set/objaverse/512/nerfstudio/03aadbab477747728acbce807ba467fb/splatfacto/nerfstudio_models/step-000010001.ckpt,128,41712,,,
03aadbab477747728acbce807ba467fb,processed,,128,/project/ricky/splatformer-data-new/train-set/objaverse/128/colmap/03aadbab477747728acbce807ba467fb/images,/project/ricky/splatformer-data-new/train-set/objaverse/128/nerfstudio/03aadbab477747728acbce807ba467fb/splatfacto/nerfstudio_models/step-000010001.ckpt,128,42901,,,
03ab8a8ea1404b62be6f903b780d12ea,processed,,512,/project/ricky/splatformer-data-new/train-set/objaverse/512/colmap/03ab8a8ea1404b62be6f903b780d12ea/images,/project/ricky/splatformer-data-new/train-set/objaverse/512/nerfstudio/03ab8a8ea1404b62be6f903b780d12ea/splatfacto/nerfstudio_models/step-000010001.ckpt,128,42815,,,
03ab8a8ea1404b62be6f903b780d12ea,processed,,128,/project/ricky/splatformer-data-new/train-set/objaverse/128/colmap/03ab8a8ea1404b62be6f903b780d12ea/images,/project/ricky/splatformer-data-new/train-set/objaverse/128/nerfstudio/03ab8a8ea1404b62be6f903b780d12ea/splatfacto/nerfstudio_models/step-000010001.ckpt,128,27414,,,
03abcdac5d3f4c659d1a7a848fd3ae22,processed,,512,/project/ricky/splatformer-data-new/train-set/objaverse/512/colmap/03abcdac5d3f4c659d1a7a848fd3ae22/images,/project/ricky/splatformer-data-new/train-set/objaverse/512/nerfstudio/03abcdac5d3f4c659d1a7a848fd3ae22/splatfacto/nerfstudio_models/step-000010001.ckpt,128,147192,,,
03abcdac5d3f4c659d1a7a848fd3ae22,processed,,128,/project/ricky/splatformer-data-new/train-set/objaverse/128/colmap/03abcdac5d3f4c659d1a7a848fd3ae22/images,/project/ricky/splatformer-data-new/train-set/objaverse/128/nerfstudio/03abcdac5d3f4c659d1a7a848fd3ae22/splatfacto/nerfstudio_models/step-000010001.ckpt,128,16147,,,
03ad99ed0c334058aeb10fd73243edc3,processed,,512,/project/ricky/splatformer-data-new/train-set/objaverse/512/colmap/03ad99ed0c334058aeb10fd73243edc3/images,/project/ricky/splatformer-data-new/train-set/objaverse/512/nerfstudio/03ad99ed0c334058aeb10fd73243edc3/splatfacto/nerfstudio_models/step-000010001.ckpt,128,81931,,,
03ad99ed0c334058aeb10fd73243edc3,processed,,128,/project/ricky/splatformer-data-new/train-set/objaverse/128/colmap/03ad99ed0c334058aeb10fd73243edc3/images,/project/ricky/splatformer-data-new/train-set/objaverse/128/nerfstudio/03ad99ed0c334058aeb10fd73243edc3/splatfacto/nerfstudio_models/step-000010001.ckpt,128,26107,,,
03ae07bb9e0946faa8893a85e9ad9465,processed,,512,/project/ricky/splatformer-data-new/train-set/objaverse/512/colmap/03ae07bb9e0946faa8893a85e9ad9465/images,/project/ricky/splatformer-data-new/train-set/objaverse/512/nerfstudio/03ae07bb9e0946faa8893a85e9ad9465/splatfacto/nerfstudio_models/step-000010001.ckpt,128,7841,,,
03ae07bb9e0946faa8893a85e9ad9465,processed,,128,/project/ricky/splatformer-data-new/train-set/objaverse/128/colmap/03ae07bb9e0946faa8893a85e9ad9465/images,/project/ricky/splatformer-data-new/train-set/objaverse/128/nerfstudio/03ae07bb9e0946faa8893a85e9ad9465/splatfacto/nerfstudio_models/step-000010001.ckpt,128,7006,,,
03b10165e8eb42bda874569c49b440da,processed,,512,/project/ricky/splatformer-data-new/train-set/objaverse/512/colmap/03b10165e8eb42bda874569c49b440da/images,/project/ricky/splatformer-data-new/train-set/objaverse/512/nerfstudio/03b10165e8eb42bda874569c49b440da/splatfacto/nerfstudio_models/step-000010001.ckpt,128,54765,,,
03b10165e8eb42bda874569c49b440da,processed,,128,/project/ricky/splatformer-data-new/train-set/objaverse/128/colmap/03b10165e8eb42bda874569c49b440da/images,/project/ricky/splatformer-data-new/train-set/objaverse/128/nerfstudio/03b10165e8eb42bda874569c49b440da/splatfacto/nerfstudio_models/step-000010001.ckpt,128,44661,,,
03b49569a54f4ce7ae1219b70f2bd255,processed,,512,/project/ricky/splatformer-data-new/train-set/objaverse/512/colmap/03b49569a54f4ce7ae1219b70f2bd255/images,/project/ricky/splatformer-data-new/train-set/objaverse/512/nerfstudio/03b49569a54f4ce7ae1219b70f2bd255/splatfacto/nerfstudio_models/step-000010001.ckpt,128,85729,,,
03b49569a54f4ce7ae1219b70f2bd255,processed,,128,/project/ricky/splatformer-data-new/train-set/objaverse/128/colmap/03b49569a54f4ce7ae1219b70f2bd255/images,/project/ricky/splatformer-data-new/train-set/objaverse/128/nerfstudio/03b49569a54f4ce7ae1219b70f2bd255/splatfacto/nerfstudio_models/step-000010001.ckpt,128,43273,,,
03b86d2b65974705af34ed83a28ade4a,processed,,512,/project/ricky/splatformer-data-new/train-set/objaverse/512/colmap/03b86d2b65974705af34ed83a28ade4a/images,/project/ricky/splatformer-data-new/train-set/objaverse/512/nerfstudio/03b86d2b65974705af34ed83a28ade4a/splatfacto/nerfstudio_models/step-000010001.ckpt,128,40204,,,
03b86d2b65974705af34ed83a28ade4a,processed,,128,/project/ricky/splatformer-data-new/train-set/objaverse/128/colmap/03b86d2b65974705af34ed83a28ade4a/images,/project/ricky/splatformer-data-new/train-set/objaverse/128/nerfstudio/03b86d2b65974705af34ed83a28ade4a/splatfacto/nerfstudio_models/step-000010001.ckpt,128,34828,,,
03b8b79c3f9741d396cc378bbe600060,processed,,512,/project/ricky/splatformer-data-new/train-set/objaverse/512/colmap/03b8b79c3f9741d396cc378bbe600060/images,/project/ricky/splatformer-data-new/train-set/objaverse/512/nerfstudio/03b8b79c3f9741d396cc378bbe600060/splatfacto/nerfstudio_models/step-000010001.ckpt,128,217156,,,
03b8b79c3f9741d396cc378bbe600060,processed,,128,/project/ricky/splatformer-data-new/train-set/objaverse/128/colmap/03b8b79c3f9741d396cc378bbe600060/images,/project/ricky/splatformer-data-new/train-set/objaverse/128/nerfstudio/03b8b79c3f9741d396cc378bbe600060/splatfacto/nerfstudio_models/step-000010001.ckpt,128,90457,,,
03b9c4597447411cad7066ce261acbf0,processed,,512,/project/ricky/splatformer-data-new/train-set/objaverse/512/colmap/03b9c4597447411cad7066ce261acbf0/images,/project/ricky/splatformer-data-new/train-set/objaverse/512/nerfstudio/03b9c4597447411cad7066ce261acbf0/splatfacto/nerfstudio_models/step-000010001.ckpt,128,127161,,,
03b9c4597447411cad7066ce261acbf0,processed,,128,/project/ricky/splatformer-data-new/train-set/objaverse/128/colmap/03b9c4597447411cad7066ce261acbf0/images,/project/ricky/splatformer-data-new/train-set/objaverse/128/nerfstudio/03b9c4597447411cad7066ce261acbf0/splatfacto/nerfstudio_models/step-000010001.ckpt,128,62702,,,
03ba54375bcb45d1a92a5dcb9e8e3a59,processed,,512,/project/ricky/splatformer-data-new/train-set/objaverse/512/colmap/03ba54375bcb45d1a92a5dcb9e8e3a59/images,/project/ricky/splatformer-data-new/train-set/objaverse/512/nerfstudio/03ba54375bcb45d1a92a5dcb9e8e3a59/splatfacto/nerfstudio_models/step-000010001.ckpt,128,200016,,,
03ba54375bcb45d1a92a5dcb9e8e3a59,processed,,128,/project/ricky/splatformer-data-new/train-set/objaverse/128/colmap/03ba54375bcb45d1a92a5dcb9e8e3a59/images,/project/ricky/splatformer-data-new/train-set/objaverse/128/nerfstudio/03ba54375bcb45d1a92a5dcb9e8e3a59/splatfacto/nerfstudio_models/step-000010001.ckpt,128,86449,,,
03bd50cd3998407aa8097bccb6f5c921,processed,,512,/project/ricky/splatformer-data-new/train-set/objaverse/512/colmap/03bd50cd3998407aa8097bccb6f5c921/images,/project/ricky/splatformer-data-new/train-set/objaverse/512/nerfstudio/03bd50cd3998407aa8097bccb6f5c921/splatfacto/nerfstudio_models/step-000010001.ckpt,128,39861,,,
03bd50cd3998407aa8097bccb6f5c921,processed,,128,/project/ricky/splatformer-data-new/train-set/objaverse/128/colmap/03bd50cd3998407aa8097bccb6f5c921/images,/project/ricky/splatformer-data-new/train-set/objaverse/128/nerfstudio/03bd50cd3998407aa8097bccb6f5c921/splatfacto/nerfstudio_models/step-000010001.ckpt,128,39829,,,
03bdf3bdf7db4c07af906828cdeb3c55,processed,,512,/project/ricky/splatformer-data-new/train-set/objaverse/512/colmap/03bdf3bdf7db4c07af906828cdeb3c55/images,/project/ricky/splatformer-data-new/train-set/objaverse/512/nerfstudio/03bdf3bdf7db4c07af906828cdeb3c55/splatfacto/nerfstudio_models/step-000010001.ckpt,128,81160,,,
03bdf3bdf7db4c07af906828cdeb3c55,processed,,128,/project/ricky/splatformer-data-new/train-set/objaverse/128/colmap/03bdf3bdf7db4c07af906828cdeb3c55/images,/project/ricky/splatformer-data-new/train-set/objaverse/128/nerfstudio/03bdf3bdf7db4c07af906828cdeb3c55/splatfacto/nerfstudio_models/step-000010001.ckpt,128,54679,,,
03c021a76c9c41abb49a54791dcd13bd,processed,,512,/project/ricky/splatformer-data-new/train-set/objaverse/512/colmap/03c021a76c9c41abb49a54791dcd13bd/images,/project/ricky/splatformer-data-new/train-set/objaverse/512/nerfstudio/03c021a76c9c41abb49a54791dcd13bd/splatfacto/nerfstudio_models/step-000010001.ckpt,128,24248,,,
03c021a76c9c41abb49a54791dcd13bd,processed,,128,/project/ricky/splatformer-data-new/train-set/objaverse/128/colmap/03c021a76c9c41abb49a54791dcd13bd/images,/project/ricky/splatformer-data-new/train-set/objaverse/128/nerfstudio/03c021a76c9c41abb49a54791dcd13bd/splatfacto/nerfstudio_models/step-000010001.ckpt,128,26992,,,
03c2ba56473f49aab5f86908c3ba22f7,processed,,512,/project/ricky/splatformer-data-new/train-set/objaverse/512/colmap/03c2ba56473f49aab5f86908c3ba22f7/images,/project/ricky/splatformer-data-new/train-set/objaverse/512/nerfstudio/03c2ba56473f49aab5f86908c3ba22f7/splatfacto/nerfstudio_models/step-000010001.ckpt,128,66031,,,
03c2ba56473f49aab5f86908c3ba22f7,processed,,128,/project/ricky/splatformer-data-new/train-set/objaverse/128/colmap/03c2ba56473f49aab5f86908c3ba22f7/images,/project/ricky/splatformer-data-new/train-set/objaverse/128/nerfstudio/03c2ba56473f49aab5f86908c3ba22f7/splatfacto/nerfstudio_models/step-000010001.ckpt,128,44310,,,
03c409c40d7b4a90903764296d0dd707,processed,,512,/project/ricky/splatformer-data-new/train-set/objaverse/512/colmap/03c409c40d7b4a90903764296d0dd707/images,/project/ricky/splatformer-data-new/train-set/objaverse/512/nerfstudio/03c409c40d7b4a90903764296d0dd707/splatfacto/nerfstudio_models/step-000010001.ckpt,128,42125,,,
03c409c40d7b4a90903764296d0dd707,processed,,128,/project/ricky/splatformer-data-new/train-set/objaverse/128/colmap/03c409c40d7b4a90903764296d0dd707/images,/project/ricky/splatformer-data-new/train-set/objaverse/128/nerfstudio/03c409c40d7b4a90903764296d0dd707/splatfacto/nerfstudio_models/step-000010001.ckpt,128,46128,,,
03c5defd07be4da481637cfc4a8f5c58,processed,,512,/project/ricky/splatformer-data-new/train-set/objaverse/512/colmap/03c5defd07be4da481637cfc4a8f5c58/images,/project/ricky/splatformer-data-new/train-set/objaverse/512/nerfstudio/03c5defd07be4da481637cfc4a8f5c58/splatfacto/nerfstudio_models/step-000010001.ckpt,128,53441,,,
03c5defd07be4da481637cfc4a8f5c58,processed,,128,/project/ricky/splatformer-data-new/train-set/objaverse/128/colmap/03c5defd07be4da481637cfc4a8f5c58/images,/project/ricky/splatformer-data-new/train-set/objaverse/128/nerfstudio/03c5defd07be4da481637cfc4a8f5c58/splatfacto/nerfstudio_models/step-000010001.ckpt,128,28271,,,
03c666ce6f7a476088d8bd24402198c0,processed,,512,/project/ricky/splatformer-data-new/train-set/objaverse/512/colmap/03c666ce6f7a476088d8bd24402198c0/images,/project/ricky/splatformer-data-new/train-set/objaverse/512/nerfstudio/03c666ce6f7a476088d8bd24402198c0/splatfacto/nerfstudio_models/step-000010001.ckpt,128,94218,,,
03c666ce6f7a476088d8bd24402198c0,processed,,128,/project/ricky/splatformer-data-new/train-set/objaverse/128/colmap/03c666ce6f7a476088d8bd24402198c0/images,/project/ricky/splatformer-data-new/train-set/objaverse/128/nerfstudio/03c666ce6f7a476088d8bd24402198c0/splatfacto/nerfstudio_models/step-000010001.ckpt,128,71314,,,
03c68480c9c34174826f836b6c95c27e,processed,,512,/project/ricky/splatformer-data-new/train-set/objaverse/512/colmap/03c68480c9c34174826f836b6c95c27e/images,/project/ricky/splatformer-data-new/train-set/objaverse/512/nerfstudio/03c68480c9c34174826f836b6c95c27e/splatfacto/nerfstudio_models/step-000010001.ckpt,128,80555,,,
03c68480c9c34174826f836b6c95c27e,processed,,128,/project/ricky/splatformer-data-new/train-set/objaverse/128/colmap/03c68480c9c34174826f836b6c95c27e/images,/project/ricky/splatformer-data-new/train-set/objaverse/128/nerfstudio/03c68480c9c34174826f836b6c95c27e/splatfacto/nerfstudio_models/step-000010001.ckpt,128,43152,,,
03c8108846a54a86a4b1ecad27fd4703,processed,,512,/project/ricky/splatformer-data-new/train-set/objaverse/512/colmap/03c8108846a54a86a4b1ecad27fd4703/images,/project/ricky/splatformer-data-new/train-set/objaverse/512/nerfstudio/03c8108846a54a86a4b1ecad27fd4703/splatfacto/nerfstudio_models/step-000010001.ckpt,128,364575,,,
03c8108846a54a86a4b1ecad27fd4703,processed,,128,/project/ricky/splatformer-data-new/train-set/objaverse/128/colmap/03c8108846a54a86a4b1ecad27fd4703/images,/project/ricky/splatformer-data-new/train-set/objaverse/128/nerfstudio/03c8108846a54a86a4b1ecad27fd4703/splatfacto/nerfstudio_models/step-000010001.ckpt,128,80100,,,
03cbb3300d314a56b225681e93fb8db4,processed,,512,/project/ricky/splatformer-data-new/train-set/objaverse/512/colmap/03cbb3300d314a56b225681e93fb8db4/images,/project/ricky/splatformer-data-new/train-set/objaverse/512/nerfstudio/03cbb3300d314a56b225681e93fb8db4/splatfacto/nerfstudio_models/step-000010001.ckpt,128,73378,,,
03cbb3300d314a56b225681e93fb8db4,processed,,128,/project/ricky/splatformer-data-new/train-set/objaverse/128/colmap/03cbb3300d314a56b225681e93fb8db4/images,/project/ricky/splatformer-data-new/train-set/objaverse/128/nerfstudio/03cbb3300d314a56b225681e93fb8db4/splatfacto/nerfstudio_models/step-000010001.ckpt,128,55104,,,
03cccf59108447f0a6dc77389648cfcb,processed,,512,/project/ricky/splatformer-data-new/train-set/objaverse/512/colmap/03cccf59108447f0a6dc77389648cfcb/images,/project/ricky/splatformer-data-new/train-set/objaverse/512/nerfstudio/03cccf59108447f0a6dc77389648cfcb/splatfacto/nerfstudio_models/step-000010001.ckpt,128,39531,,,
03cccf59108447f0a6dc77389648cfcb,processed,,128,/project/ricky/splatformer-data-new/train-set/objaverse/128/colmap/03cccf59108447f0a6dc77389648cfcb/images,/project/ricky/splatformer-data-new/train-set/objaverse/128/nerfstudio/03cccf59108447f0a6dc77389648cfcb/splatfacto/nerfstudio_models/step-000010001.ckpt,128,40175,,,
03cd1974f1ec41e0b92330c179d3d08f,processed,,512,/project/ricky/splatformer-data-new/train-set/objaverse/512/colmap/03cd1974f1ec41e0b92330c179d3d08f/images,/project/ricky/splatformer-data-new/train-set/objaverse/512/nerfstudio/03cd1974f1ec41e0b92330c179d3d08f/splatfacto/nerfstudio_models/step-000010001.ckpt,128,138321,,,
03cd1974f1ec41e0b92330c179d3d08f,processed,,128,/project/ricky/splatformer-data-new/train-set/objaverse/128/colmap/03cd1974f1ec41e0b92330c179d3d08f/images,/project/ricky/splatformer-data-new/train-set/objaverse/128/nerfstudio/03cd1974f1ec41e0b92330c179d3d08f/splatfacto/nerfstudio_models/step-000010001.ckpt,128,104014,,,
03cf62990a0e4550b1f3062ec3928137,processed,,512,/project/ricky/splatformer-data-new/train-set/objaverse/512/colmap/03cf62990a0e4550b1f3062ec3928137/images,/project/ricky/splatformer-data-new/train-set/objaverse/512/nerfstudio/03cf62990a0e4550b1f3062ec3928137/splatfacto/nerfstudio_models/step-000010001.ckpt,128,24706,,,
03cf62990a0e4550b1f3062ec3928137,processed,,128,/project/ricky/splatformer-data-new/train-set/objaverse/128/colmap/03cf62990a0e4550b1f3062ec3928137/images,/project/ricky/splatformer-data-new/train-set/objaverse/128/nerfstudio/03cf62990a0e4550b1f3062ec3928137/splatfacto/nerfstudio_models/step-000010001.ckpt,128,17011,,,
03cfb7cd0b4f4798ba10ddd70f4f48cc,processed,,512,/project/ricky/splatformer-data-new/train-set/objaverse/512/colmap/03cfb7cd0b4f4798ba10ddd70f4f48cc/images,/project/ricky/splatformer-data-new/train-set/objaverse/512/nerfstudio/03cfb7cd0b4f4798ba10ddd70f4f48cc/splatfacto/nerfstudio_models/step-000010001.ckpt,128,63998,,,
03cfb7cd0b4f4798ba10ddd70f4f48cc,processed,,128,/project/ricky/splatformer-data-new/train-set/objaverse/128/colmap/03cfb7cd0b4f4798ba10ddd70f4f48cc/images,/project/ricky/splatformer-data-new/train-set/objaverse/128/nerfstudio/03cfb7cd0b4f4798ba10ddd70f4f48cc/splatfacto/nerfstudio_models/step-000010001.ckpt,128,31032,,,
03d238bd2dc840d99b6ab31ce7a14281,processed,,512,/project/ricky/splatformer-data-new/train-set/objaverse/512/colmap/03d238bd2dc840d99b6ab31ce7a14281/images,/project/ricky/splatformer-data-new/train-set/objaverse/512/nerfstudio/03d238bd2dc840d99b6ab31ce7a14281/splatfacto/nerfstudio_models/step-000010001.ckpt,128,61652,,,
03d238bd2dc840d99b6ab31ce7a14281,processed,,128,/project/ricky/splatformer-data-new/train-set/objaverse/128/colmap/03d238bd2dc840d99b6ab31ce7a14281/images,/project/ricky/splatformer-data-new/train-set/objaverse/128/nerfstudio/03d238bd2dc840d99b6ab31ce7a14281/splatfacto/nerfstudio_models/step-000010001.ckpt,128,48406,,,
03d271c4958e4335bb00495213e395da,processed,,512,/project/ricky/splatformer-data-new/train-set/objaverse/512/colmap/03d271c4958e4335bb00495213e395da/images,/project/ricky/splatformer-data-new/train-set/objaverse/512/nerfstudio/03d271c4958e4335bb00495213e395da/splatfacto/nerfstudio_models/step-000010001.ckpt,128,43303,,,
03d271c4958e4335bb00495213e395da,processed,,128,/project/ricky/splatformer-data-new/train-set/objaverse/128/colmap/03d271c4958e4335bb00495213e395da/images,/project/ricky/splatformer-data-new/train-set/objaverse/128/nerfstudio/03d271c4958e4335bb00495213e395da/splatfacto/nerfstudio_models/step-000010001.ckpt,128,35371,,,
03d28eea576048a2a9192eb8666e5a74,processed,,512,/project/ricky/splatformer-data-new/train-set/objaverse/512/colmap/03d28eea576048a2a9192eb8666e5a74/images,/project/ricky/splatformer-data-new/train-set/objaverse/512/nerfstudio/03d28eea576048a2a9192eb8666e5a74/splatfacto/nerfstudio_models/step-000010001.ckpt,128,119054,,,
03d28eea576048a2a9192eb8666e5a74,processed,,128,/project/ricky/splatformer-data-new/train-set/objaverse/128/colmap/03d28eea576048a2a9192eb8666e5a74/images,/project/ricky/splatformer-data-new/train-set/objaverse/128/nerfstudio/03d28eea576048a2a9192eb8666e5a74/splatfacto/nerfstudio_models/step-000010001.ckpt,128,58500,,,
03d2bee0656647b591809f0f73cbdc3b,processed,,512,/project/ricky/splatformer-data-new/train-set/objaverse/512/colmap/03d2bee0656647b591809f0f73cbdc3b/images,/project/ricky/splatformer-data-new/train-set/objaverse/512/nerfstudio/03d2bee0656647b591809f0f73cbdc3b/splatfacto/nerfstudio_models/step-000010001.ckpt,128,134578,,,
03d2bee0656647b591809f0f73cbdc3b,processed,,128,/project/ricky/splatformer-data-new/train-set/objaverse/128/colmap/03d2bee0656647b591809f0f73cbdc3b/images,/project/ricky/splatformer-data-new/train-set/objaverse/128/nerfstudio/03d2bee0656647b591809f0f73cbdc3b/splatfacto/nerfstudio_models/step-000010001.ckpt,128,122434,,,
03d3c8c8fe0c412bb2a466e464452392,processed,,512,/project/ricky/splatformer-data-new/train-set/objaverse/512/colmap/03d3c8c8fe0c412bb2a466e464452392/images,/project/ricky/splatformer-data-new/train-set/objaverse/512/nerfstudio/03d3c8c8fe0c412bb2a466e464452392/splatfacto/nerfstudio_models/step-000010001.ckpt,128,132930,,,
03d3c8c8fe0c412bb2a466e464452392,processed,,128,/project/ricky/splatformer-data-new/train-set/objaverse/128/colmap/03d3c8c8fe0c412bb2a466e464452392/images,/project/ricky/splatformer-data-new/train-set/objaverse/128/nerfstudio/03d3c8c8fe0c412bb2a466e464452392/splatfacto/nerfstudio_models/step-000010001.ckpt,128,75498,,,
03d4ef0017be42a980ade21614317c04,processed,,512,/project/ricky/splatformer-data-new/train-set/objaverse/512/colmap/03d4ef0017be42a980ade21614317c04/images,/project/ricky/splatformer-data-new/train-set/objaverse/512/nerfstudio/03d4ef0017be42a980ade21614317c04/splatfacto/nerfstudio_models/step-000010001.ckpt,128,89063,,,
03d4ef0017be42a980ade21614317c04,processed,,128,/project/ricky/splatformer-data-new/train-set/objaverse/128/colmap/03d4ef0017be42a980ade21614317c04/images,/project/ricky/splatformer-data-new/train-set/objaverse/128/nerfstudio/03d4ef0017be42a980ade21614317c04/splatfacto/nerfstudio_models/step-000010001.ckpt,128,60798,,,
03d7639ecbe943bba20b22ba1f9746d3,processed,,512,/project/ricky/splatformer-data-new/train-set/objaverse/512/colmap/03d7639ecbe943bba20b22ba1f9746d3/images,/project/ricky/splatformer-data-new/train-set/objaverse/512/nerfstudio/03d7639ecbe943bba20b22ba1f9746d3/splatfacto/nerfstudio_models/step-000010001.ckpt,128,71968,,,
03d7639ecbe943bba20b22ba1f9746d3,processed,,128,/project/ricky/splatformer-data-new/train-set/objaverse/128/colmap/03d7639ecbe943bba20b22ba1f9746d3/images,/project/ricky/splatformer-data-new/train-set/objaverse/128/nerfstudio/03d7639ecbe943bba20b22ba1f9746d3/splatfacto/nerfstudio_models/step-000010001.ckpt,128,55798,,,
03d843716ded43da8ef250032f360211,processed,,512,/project/ricky/splatformer-data-new/train-set/objaverse/512/colmap/03d843716ded43da8ef250032f360211/images,/project/ricky/splatformer-data-new/train-set/objaverse/512/nerfstudio/03d843716ded43da8ef250032f360211/splatfacto/nerfstudio_models/step-000010001.ckpt,128,66780,,,
03d843716ded43da8ef250032f360211,processed,,128,/project/ricky/splatformer-data-new/train-set/objaverse/128/colmap/03d843716ded43da8ef250032f360211/images,/project/ricky/splatformer-data-new/train-set/objaverse/128/nerfstudio/03d843716ded43da8ef250032f360211/splatfacto/nerfstudio_models/step-000010001.ckpt,128,57426,,,
03da00a6f7b841a5a375b2485f95e72e,processed,,512,/project/ricky/splatformer-data-new/train-set/objaverse/512/colmap/03da00a6f7b841a5a375b2485f95e72e/images,/project/ricky/splatformer-data-new/train-set/objaverse/512/nerfstudio/03da00a6f7b841a5a375b2485f95e72e/splatfacto/nerfstudio_models/step-000010001.ckpt,128,49916,,,
03da00a6f7b841a5a375b2485f95e72e,processed,,128,/project/ricky/splatformer-data-new/train-set/objaverse/128/colmap/03da00a6f7b841a5a375b2485f95e72e/images,/project/ricky/splatformer-data-new/train-set/objaverse/128/nerfstudio/03da00a6f7b841a5a375b2485f95e72e/splatfacto/nerfstudio_models/step-000010001.ckpt,128,36925,,,
03da32a875da428781c62860c0c21f46,processed,,512,/project/ricky/splatformer-data-new/train-set/objaverse/512/colmap/03da32a875da428781c62860c0c21f46/images,/project/ricky/splatformer-data-new/train-set/objaverse/512/nerfstudio/03da32a875da428781c62860c0c21f46/splatfacto/nerfstudio_models/step-000010001.ckpt,128,103349,,,
03da32a875da428781c62860c0c21f46,processed,,128,/project/ricky/splatformer-data-new/train-set/objaverse/128/colmap/03da32a875da428781c62860c0c21f46/images,/project/ricky/splatformer-data-new/train-set/objaverse/128/nerfstudio/03da32a875da428781c62860c0c21f46/splatfacto/nerfstudio_models/step-000010001.ckpt,128,167171,,,
03dcf530026741e19eb363c703d4af43,processed,,512,/project/ricky/splatformer-data-new/train-set/objaverse/512/colmap/03dcf530026741e19eb363c703d4af43/images,/project/ricky/splatformer-data-new/train-set/objaverse/512/nerfstudio/03dcf530026741e19eb363c703d4af43/splatfacto/nerfstudio_models/step-000010001.ckpt,128,59454,,,
03dcf530026741e19eb363c703d4af43,processed,,128,/project/ricky/splatformer-data-new/train-set/objaverse/128/colmap/03dcf530026741e19eb363c703d4af43/images,/project/ricky/splatformer-data-new/train-set/objaverse/128/nerfstudio/03dcf530026741e19eb363c703d4af43/splatfacto/nerfstudio_models/step-000010001.ckpt,128,69581,,,
03dd79a4c4d34a9a9ab7463aa5f0c02d,processed,,512,/project/ricky/splatformer-data-new/train-set/objaverse/512/colmap/03dd79a4c4d34a9a9ab7463aa5f0c02d/images,/project/ricky/splatformer-data-new/train-set/objaverse/512/nerfstudio/03dd79a4c4d34a9a9ab7463aa5f0c02d/splatfacto/nerfstudio_models/step-000010001.ckpt,128,75950,,,
03dd79a4c4d34a9a9ab7463aa5f0c02d,processed,,128,/project/ricky/splatformer-data-new/train-set/objaverse/128/colmap/03dd79a4c4d34a9a9ab7463aa5f0c02d/images,/project/ricky/splatformer-data-new/train-set/objaverse/128/nerfstudio/03dd79a4c4d34a9a9ab7463aa5f0c02d/splatfacto/nerfstudio_models/step-000010001.ckpt,128,40184,,,
03dfde1388c24eb8a9ebcca6e40ecdfc,processed,,512,/project/ricky/splatformer-data-new/train-set/objaverse/512/colmap/03dfde1388c24eb8a9ebcca6e40ecdfc/images,/project/ricky/splatformer-data-new/train-set/objaverse/512/nerfstudio/03dfde1388c24eb8a9ebcca6e40ecdfc/splatfacto/nerfstudio_models/step-000010001.ckpt,128,199072,,,
03dfde1388c24eb8a9ebcca6e40ecdfc,processed,,128,/project/ricky/splatformer-data-new/train-set/objaverse/128/colmap/03dfde1388c24eb8a9ebcca6e40ecdfc/images,/project/ricky/splatformer-data-new/train-set/objaverse/128/nerfstudio/03dfde1388c24eb8a9ebcca6e40ecdfc/splatfacto/nerfstudio_models/step-000010001.ckpt,128,121231,,,
03e2b917da43427b87650e384c7d58a5,processed,,512,/project/ricky/splatformer-data-new/train-set/objaverse/512/colmap/03e2b917da43427b87650e384c7d58a5/images,/project/ricky/splatformer-data-new/train-set/objaverse/512/nerfstudio/03e2b917da43427b87650e384c7d58a5/splatfacto/nerfstudio_models/step-000010001.ckpt,128,49085,,,
03e2b917da43427b87650e384c7d58a5,processed,,128,/project/ricky/splatformer-data-new/train-set/objaverse/128/colmap/03e2b917da43427b87650e384c7d58a5/images,/project/ricky/splatformer-data-new/train-set/objaverse/128/nerfstudio/03e2b917da43427b87650e384c7d58a5/splatfacto/nerfstudio_models/step-000010001.ckpt,128,27805,,,
03e31d009065455a97b8dffe961c758e,processed,,512,/project/ricky/splatformer-data-new/train-set/objaverse/512/colmap/03e31d009065455a97b8dffe961c758e/images,/project/ricky/splatformer-data-new/train-set/objaverse/512/nerfstudio/03e31d009065455a97b8dffe961c758e/splatfacto/nerfstudio_models/step-000010001.ckpt,128,26765,,,
03e31d009065455a97b8dffe961c758e,processed,,128,/project/ricky/splatformer-data-new/train-set/objaverse/128/colmap/03e31d009065455a97b8dffe961c758e/images,/project/ricky/splatformer-data-new/train-set/objaverse/128/nerfstudio/03e31d009065455a97b8dffe961c758e/splatfacto/nerfstudio_models/step-000010001.ckpt,128,27433,,,
03e79f17bcd742e0927171d1c71fba20,processed,,512,/project/ricky/splatformer-data-new/train-set/objaverse/512/colmap/03e79f17bcd742e0927171d1c71fba20/images,/project/ricky/splatformer-data-new/train-set/objaverse/512/nerfstudio/03e79f17bcd742e0927171d1c71fba20/splatfacto/nerfstudio_models/step-000010001.ckpt,128,85273,,,
03e79f17bcd742e0927171d1c71fba20,processed,,128,/project/ricky/splatformer-data-new/train-set/objaverse/128/colmap/03e79f17bcd742e0927171d1c71fba20/images,/project/ricky/splatformer-data-new/train-set/objaverse/128/nerfstudio/03e79f17bcd742e0927171d1c71fba20/splatfacto/nerfstudio_models/step-000010001.ckpt,128,56735,,,
03e8889a66134d358b915a816c91d3e3,processed,,512,/project/ricky/splatformer-data-new/train-set/objaverse/512/colmap/03e8889a66134d358b915a816c91d3e3/images,/project/ricky/splatformer-data-new/train-set/objaverse/512/nerfstudio/03e8889a66134d358b915a816c91d3e3/splatfacto/nerfstudio_models/step-000010001.ckpt,128,117404,,,
03e8889a66134d358b915a816c91d3e3,processed,,128,/project/ricky/splatformer-data-new/train-set/objaverse/128/colmap/03e8889a66134d358b915a816c91d3e3/images,/project/ricky/splatformer-data-new/train-set/objaverse/128/nerfstudio/03e8889a66134d358b915a816c91d3e3/splatfacto/nerfstudio_models/step-000010001.ckpt,128,63098,,,
03ea1dd3db774a788754222ef8c9334a,processed,,512,/project/ricky/splatformer-data-new/train-set/objaverse/512/colmap/03ea1dd3db774a788754222ef8c9334a/images,/project/ricky/splatformer-data-new/train-set/objaverse/512/nerfstudio/03ea1dd3db774a788754222ef8c9334a/splatfacto/nerfstudio_models/step-000010001.ckpt,128,23411,,,
03ea1dd3db774a788754222ef8c9334a,processed,,128,/project/ricky/splatformer-data-new/train-set/objaverse/128/colmap/03ea1dd3db774a788754222ef8c9334a/images,/project/ricky/splatformer-data-new/train-set/objaverse/128/nerfstudio/03ea1dd3db774a788754222ef8c9334a/splatfacto/nerfstudio_models/step-000010001.ckpt,128,13248,,,
03ea425642394bdd9f5e7fe8af0b8963,processed,,512,/project/ricky/splatformer-data-new/train-set/objaverse/512/colmap/03ea425642394bdd9f5e7fe8af0b8963/images,/project/ricky/splatformer-data-new/train-set/objaverse/512/nerfstudio/03ea425642394bdd9f5e7fe8af0b8963/splatfacto/nerfstudio_models/step-000010001.ckpt,128,48262,,,
03ea425642394bdd9f5e7fe8af0b8963,processed,,128,/project/ricky/splatformer-data-new/train-set/objaverse/128/colmap/03ea425642394bdd9f5e7fe8af0b8963/images,/project/ricky/splatformer-data-new/train-set/objaverse/128/nerfstudio/03ea425642394bdd9f5e7fe8af0b8963/splatfacto/nerfstudio_models/step-000010001.ckpt,128,44807,,,
03eae80486c74d2d80a679ad0e65becb,processed,,512,/project/ricky/splatformer-data-new/train-set/objaverse/512/colmap/03eae80486c74d2d80a679ad0e65becb/images,/project/ricky/splatformer-data-new/train-set/objaverse/512/nerfstudio/03eae80486c74d2d80a679ad0e65becb/splatfacto/nerfstudio_models/step-000010001.ckpt,128,34824,,,
03eae80486c74d2d80a679ad0e65becb,processed,,128,/project/ricky/splatformer-data-new/train-set/objaverse/128/colmap/03eae80486c74d2d80a679ad0e65becb/images,/project/ricky/splatformer-data-new/train-set/objaverse/128/nerfstudio/03eae80486c74d2d80a679ad0e65becb/splatfacto/nerfstudio_models/step-000010001.ckpt,128,16870,,,
03ebfda284554df7bf69dae29c406639,processed,,512,/project/ricky/splatformer-data-new/train-set/objaverse/512/colmap/03ebfda284554df7bf69dae29c406639/images,/project/ricky/splatformer-data-new/train-set/objaverse/512/nerfstudio/03ebfda284554df7bf69dae29c406639/splatfacto/nerfstudio_models/step-000010001.ckpt,128,169803,,,
03ebfda284554df7bf69dae29c406639,processed,,128,/project/ricky/splatformer-data-new/train-set/objaverse/128/colmap/03ebfda284554df7bf69dae29c406639/images,/project/ricky/splatformer-data-new/train-set/objaverse/128/nerfstudio/03ebfda284554df7bf69dae29c406639/splatfacto/nerfstudio_models/step-000010001.ckpt,128,81716,,,
03eea1bcaf3745f5bc11ccfb3533a1ea,processed,,512,/project/ricky/splatformer-data-new/train-set/objaverse/512/colmap/03eea1bcaf3745f5bc11ccfb3533a1ea/images,/project/ricky/splatformer-data-new/train-set/objaverse/512/nerfstudio/03eea1bcaf3745f5bc11ccfb3533a1ea/splatfacto/nerfstudio_models/step-000010001.ckpt,128,24366,,,
03eea1bcaf3745f5bc11ccfb3533a1ea,processed,,128,/project/ricky/splatformer-data-new/train-set/objaverse/128/colmap/03eea1bcaf3745f5bc11ccfb3533a1ea/images,/project/ricky/splatformer-data-new/train-set/objaverse/128/nerfstudio/03eea1bcaf3745f5bc11ccfb3533a1ea/splatfacto/nerfstudio_models/step-000010001.ckpt,128,9766,,,
03f12910a0e04748aefafb39a4059030,processed,,512,/project/ricky/splatformer-data-new/train-set/objaverse/512/colmap/03f12910a0e04748aefafb39a4059030/images,/project/ricky/splatformer-data-new/train-set/objaverse/512/nerfstudio/03f12910a0e04748aefafb39a4059030/splatfacto/nerfstudio_models/step-000010001.ckpt,128,107785,,,
03f12910a0e04748aefafb39a4059030,processed,,128,/project/ricky/splatformer-data-new/train-set/objaverse/128/colmap/03f12910a0e04748aefafb39a4059030/images,/project/ricky/splatformer-data-new/train-set/objaverse/128/nerfstudio/03f12910a0e04748aefafb39a4059030/splatfacto/nerfstudio_models/step-000010001.ckpt,128,60781,,,
03f3a02c255b49ec930ef7cbf0ac7d47,processed,,512,/project/ricky/splatformer-data-new/train-set/objaverse/512/colmap/03f3a02c255b49ec930ef7cbf0ac7d47/images,/project/ricky/splatformer-data-new/train-set/objaverse/512/nerfstudio/03f3a02c255b49ec930ef7cbf0ac7d47/splatfacto/nerfstudio_models/step-000010001.ckpt,128,161811,,,
03f3a02c255b49ec930ef7cbf0ac7d47,processed,,128,/project/ricky/splatformer-data-new/train-set/objaverse/128/colmap/03f3a02c255b49ec930ef7cbf0ac7d47/images,/project/ricky/splatformer-data-new/train-set/objaverse/128/nerfstudio/03f3a02c255b49ec930ef7cbf0ac7d47/splatfacto/nerfstudio_models/step-000010001.ckpt,128,93338,,,
03f5760d674c43bfbfc6be9a0a82f7ce,processed,,512,/project/ricky/splatformer-data-new/train-set/objaverse/512/colmap/03f5760d674c43bfbfc6be9a0a82f7ce/images,/project/ricky/splatformer-data-new/train-set/objaverse/512/nerfstudio/03f5760d674c43bfbfc6be9a0a82f7ce/splatfacto/nerfstudio_models/step-000010001.ckpt,128,48549,,,
03f5760d674c43bfbfc6be9a0a82f7ce,processed,,128,/project/ricky/splatformer-data-new/train-set/objaverse/128/colmap/03f5760d674c43bfbfc6be9a0a82f7ce/images,/project/ricky/splatformer-data-new/train-set/objaverse/128/nerfstudio/03f5760d674c43bfbfc6be9a0a82f7ce/splatfacto/nerfstudio_models/step-000010001.ckpt,128,40063,,,
03f6929a4f5244378698168edef19fb1,processed,,512,/project/ricky/splatformer-data-new/train-set/objaverse/512/colmap/03f6929a4f5244378698168edef19fb1/images,/project/ricky/splatformer-data-new/train-set/objaverse/512/nerfstudio/03f6929a4f5244378698168edef19fb1/splatfacto/nerfstudio_models/step-000010001.ckpt,128,88012,,,
03f6929a4f5244378698168edef19fb1,processed,,128,/project/ricky/splatformer-data-new/train-set/objaverse/128/colmap/03f6929a4f5244378698168edef19fb1/images,/project/ricky/splatformer-data-new/train-set/objaverse/128/nerfstudio/03f6929a4f5244378698168edef19fb1/splatfacto/nerfstudio_models/step-000010001.ckpt,128,58563,,,
03f841c40383432cb6861e25d9726d06,processed,,512,/project/ricky/splatformer-data-new/train-set/objaverse/512/colmap/03f841c40383432cb6861e25d9726d06/images,/project/ricky/splatformer-data-new/train-set/objaverse/512/nerfstudio/03f841c40383432cb6861e25d9726d06/splatfacto/nerfstudio_models/step-000010001.ckpt,128,63040,,,
03f841c40383432cb6861e25d9726d06,processed,,128,/project/ricky/splatformer-data-new/train-set/objaverse/128/colmap/03f841c40383432cb6861e25d9726d06/images,/project/ricky/splatformer-data-new/train-set/objaverse/128/nerfstudio/03f841c40383432cb6861e25d9726d06/splatfacto/nerfstudio_models/step-000010001.ckpt,128,19464,,,
03faae7d1d1441cca0053041464ebb2a,processed,,512,/project/ricky/splatformer-data-new/train-set/objaverse/512/colmap/03faae7d1d1441cca0053041464ebb2a/images,/project/ricky/splatformer-data-new/train-set/objaverse/512/nerfstudio/03faae7d1d1441cca0053041464ebb2a/splatfacto/nerfstudio_models/step-000010001.ckpt,128,35243,,,
03faae7d1d1441cca0053041464ebb2a,processed,,128,/project/ricky/splatformer-data-new/train-set/objaverse/128/colmap/03faae7d1d1441cca0053041464ebb2a/images,/project/ricky/splatformer-data-new/train-set/objaverse/128/nerfstudio/03faae7d1d1441cca0053041464ebb2a/splatfacto/nerfstudio_models/step-000010001.ckpt,128,21060,,,
03fb98663ffb446a9bcd381041332cb4,processed,,512,/project/ricky/splatformer-data-new/train-set/objaverse/512/colmap/03fb98663ffb446a9bcd381041332cb4/images,/project/ricky/splatformer-data-new/train-set/objaverse/512/nerfstudio/03fb98663ffb446a9bcd381041332cb4/splatfacto/nerfstudio_models/step-000010001.ckpt,128,131730,,,
03fb98663ffb446a9bcd381041332cb4,processed,,128,/project/ricky/splatformer-data-new/train-set/objaverse/128/colmap/03fb98663ffb446a9bcd381041332cb4/images,/project/ricky/splatformer-data-new/train-set/objaverse/128/nerfstudio/03fb98663ffb446a9bcd381041332cb4/splatfacto/nerfstudio_models/step-000010001.ckpt,128,78144,,,
03fbf6f982c6483dac240deaf89ac686,processed,,512,/project/ricky/splatformer-data-new/train-set/objaverse/512/colmap/03fbf6f982c6483dac240deaf89ac686/images,/project/ricky/splatformer-data-new/train-set/objaverse/512/nerfstudio/03fbf6f982c6483dac240deaf89ac686/splatfacto/nerfstudio_models/step-000010001.ckpt,128,81135,,,
03fbf6f982c6483dac240deaf89ac686,processed,,128,/project/ricky/splatformer-data-new/train-set/objaverse/128/colmap/03fbf6f982c6483dac240deaf89ac686/images,/project/ricky/splatformer-data-new/train-set/objaverse/128/nerfstudio/03fbf6f982c6483dac240deaf89ac686/splatfacto/nerfstudio_models/step-000010001.ckpt,128,64858,,,
03fe9c23450f43c08246fb6c76522b90,processed,,512,/project/ricky/splatformer-data-new/train-set/objaverse/512/colmap/03fe9c23450f43c08246fb6c76522b90/images,/project/ricky/splatformer-data-new/train-set/objaverse/512/nerfstudio/03fe9c23450f43c08246fb6c76522b90/splatfacto/nerfstudio_models/step-000010001.ckpt,128,42271,,,
03fe9c23450f43c08246fb6c76522b90,processed,,128,/project/ricky/splatformer-data-new/train-set/objaverse/128/colmap/03fe9c23450f43c08246fb6c76522b90/images,/project/ricky/splatformer-data-new/train-set/objaverse/128/nerfstudio/03fe9c23450f43c08246fb6c76522b90/splatfacto/nerfstudio_models/step-000010001.ckpt,128,17880,,,
03fec2495645443286fbba299a5943e7,processed,,512,/project/ricky/splatformer-data-new/train-set/objaverse/512/colmap/03fec2495645443286fbba299a5943e7/images,/project/ricky/splatformer-data-new/train-set/objaverse/512/nerfstudio/03fec2495645443286fbba299a5943e7/splatfacto/nerfstudio_models/step-000010001.ckpt,128,56536,,,
03fec2495645443286fbba299a5943e7,processed,,128,/project/ricky/splatformer-data-new/train-set/objaverse/128/colmap/03fec2495645443286fbba299a5943e7/images,/project/ricky/splatformer-data-new/train-set/objaverse/128/nerfstudio/03fec2495645443286fbba299a5943e7/splatfacto/nerfstudio_models/step-000010001.ckpt,128,46117,,,
04002b70c859403190aab57442fee5dc,processed,,512,/project/ricky/splatformer-data-new/train-set/objaverse/512/colmap/04002b70c859403190aab57442fee5dc/images,/project/ricky/splatformer-data-new/train-set/objaverse/512/nerfstudio/04002b70c859403190aab57442fee5dc/splatfacto/nerfstudio_models/step-000010001.ckpt,128,201183,,,
04002b70c859403190aab57442fee5dc,processed,,128,/project/ricky/splatformer-data-new/train-set/objaverse/128/colmap/04002b70c859403190aab57442fee5dc/images,/project/ricky/splatformer-data-new/train-set/objaverse/128/nerfstudio/04002b70c859403190aab57442fee5dc/splatfacto/nerfstudio_models/step-000010001.ckpt,128,102104,,,
0400cf6a94904bb7aecdb5c1f6d1f1f8,processed,,512,/project/ricky/splatformer-data-new/train-set/objaverse/512/colmap/0400cf6a94904bb7aecdb5c1f6d1f1f8/images,/project/ricky/splatformer-data-new/train-set/objaverse/512/nerfstudio/0400cf6a94904bb7aecdb5c1f6d1f1f8/splatfacto/nerfstudio_models/step-000010001.ckpt,128,253203,,,
0400cf6a94904bb7aecdb5c1f6d1f1f8,processed,,128,/project/ricky/splatformer-data-new/train-set/objaverse/128/colmap/0400cf6a94904bb7aecdb5c1f6d1f1f8/images,/project/ricky/splatformer-data-new/train-set/objaverse/128/nerfstudio/0400cf6a94904bb7aecdb5c1f6d1f1f8/splatfacto/nerfstudio_models/step-000010001.ckpt,128,137712,,,
04021495979b451b9f7db7248c327771,processed,,512,/project/ricky/splatformer-data-new/train-set/objaverse/512/colmap/04021495979b451b9f7db7248c327771/images,/project/ricky/splatformer-data-new/train-set/objaverse/512/nerfstudio/04021495979b451b9f7db7248c327771/splatfacto/nerfstudio_models/step-000010001.ckpt,128,62221,,,
04021495979b451b9f7db7248c327771,processed,,128,/project/ricky/splatformer-data-new/train-set/objaverse/128/colmap/04021495979b451b9f7db7248c327771/images,/project/ricky/splatformer-data-new/train-set/objaverse/128/nerfstudio/04021495979b451b9f7db7248c327771/splatfacto/nerfstudio_models/step-000010001.ckpt,128,15513,,,
040596c3a8574431a607ea6e762144c7,processed,,512,/project/ricky/splatformer-data-new/train-set/objaverse/512/colmap/040596c3a8574431a607ea6e762144c7/images,/project/ricky/splatformer-data-new/train-set/objaverse/512/nerfstudio/040596c3a8574431a607ea6e762144c7/splatfacto/nerfstudio_models/step-000010001.ckpt,128,79210,,,
040596c3a8574431a607ea6e762144c7,processed,,128,/project/ricky/splatformer-data-new/train-set/objaverse/128/colmap/040596c3a8574431a607ea6e762144c7/images,/project/ricky/splatformer-data-new/train-set/objaverse/128/nerfstudio/040596c3a8574431a607ea6e762144c7/splatfacto/nerfstudio_models/step-000010001.ckpt,128,36646,,,
0405e526a4cf4a1ea1979547699b75bb,processed,,512,/project/ricky/splatformer-data-new/train-set/objaverse/512/colmap/0405e526a4cf4a1ea1979547699b75bb/images,/project/ricky/splatformer-data-new/train-set/objaverse/512/nerfstudio/0405e526a4cf4a1ea1979547699b75bb/splatfacto/nerfstudio_models/step-000010001.ckpt,128,114326,,,
0405e526a4cf4a1ea1979547699b75bb,processed,,128,/project/ricky/splatformer-data-new/train-set/objaverse/128/colmap/0405e526a4cf4a1ea1979547699b75bb/images,/project/ricky/splatformer-data-new/train-set/objaverse/128/nerfstudio/0405e526a4cf4a1ea1979547699b75bb/splatfacto/nerfstudio_models/step-000010001.ckpt,128,36062,,,
040a9830ada7417a833176293bd145cc,processed,,512,/project/ricky/splatformer-data-new/train-set/objaverse/512/colmap/040a9830ada7417a833176293bd145cc/images,/project/ricky/splatformer-data-new/train-set/objaverse/512/nerfstudio/040a9830ada7417a833176293bd145cc/splatfacto/nerfstudio_models/step-000010001.ckpt,128,144385,,,
040a9830ada7417a833176293bd145cc,processed,,128,/project/ricky/splatformer-data-new/train-set/objaverse/128/colmap/040a9830ada7417a833176293bd145cc/images,/project/ricky/splatformer-data-new/train-set/objaverse/128/nerfstudio/040a9830ada7417a833176293bd145cc/splatfacto/nerfstudio_models/step-000010001.ckpt,128,84737,,,
0414eea2507349799ed5dce39f113176,processed,,512,/project/ricky/splatformer-data-new/train-set/objaverse/512/colmap/0414eea2507349799ed5dce39f113176/images,/project/ricky/splatformer-data-new/train-set/objaverse/512/nerfstudio/0414eea2507349799ed5dce39f113176/splatfacto/nerfstudio_models/step-000010001.ckpt,128,54135,,,
0414eea2507349799ed5dce39f113176,processed,,128,/project/ricky/splatformer-data-new/train-set/objaverse/128/colmap/0414eea2507349799ed5dce39f113176/images,/project/ricky/splatformer-data-new/train-set/objaverse/128/nerfstudio/0414eea2507349799ed5dce39f113176/splatfacto/nerfstudio_models/step-000010001.ckpt,128,28381,,,
0419cf6ffd2448b684d487807f70612f,processed,,512,/project/ricky/splatformer-data-new/train-set/objaverse/512/colmap/0419cf6ffd2448b684d487807f70612f/images,/project/ricky/splatformer-data-new/train-set/objaverse/512/nerfstudio/0419cf6ffd2448b684d487807f70612f/splatfacto/nerfstudio_models/step-000010001.ckpt,128,162266,,,
0419cf6ffd2448b684d487807f70612f,processed,,128,/project/ricky/splatformer-data-new/train-set/objaverse/128/colmap/0419cf6ffd2448b684d487807f70612f/images,/project/ricky/splatformer-data-new/train-set/objaverse/128/nerfstudio/0419cf6ffd2448b684d487807f70612f/splatfacto/nerfstudio_models/step-000010001.ckpt,128,72400,,,
041be7cbd0e243098b46446c23d741f5,processed,,512,/project/ricky/splatformer-data-new/train-set/objaverse/512/colmap/041be7cbd0e243098b46446c23d741f5/images,/project/ricky/splatformer-data-new/train-set/objaverse/512/nerfstudio/041be7cbd0e243098b46446c23d741f5/splatfacto/nerfstudio_models/step-000010001.ckpt,128,64729,,,
041be7cbd0e243098b46446c23d741f5,processed,,128,/project/ricky/splatformer-data-new/train-set/objaverse/128/colmap/041be7cbd0e243098b46446c23d741f5/images,/project/ricky/splatformer-data-new/train-set/objaverse/128/nerfstudio/041be7cbd0e243098b46446c23d741f5/splatfacto/nerfstudio_models/step-000010001.ckpt,128,51700,,,
041ca9b9db8242e29ffe8246d9c6e35f,processed,,512,/project/ricky/splatformer-data-new/train-set/objaverse/512/colmap/041ca9b9db8242e29ffe8246d9c6e35f/images,/project/ricky/splatformer-data-new/train-set/objaverse/512/nerfstudio/041ca9b9db8242e29ffe8246d9c6e35f/splatfacto/nerfstudio_models/step-000010001.ckpt,128,59723,,,
041ca9b9db8242e29ffe8246d9c6e35f,processed,,128,/project/ricky/splatformer-data-new/train-set/objaverse/128/colmap/041ca9b9db8242e29ffe8246d9c6e35f/images,/project/ricky/splatformer-data-new/train-set/objaverse/128/nerfstudio/041ca9b9db8242e29ffe8246d9c6e35f/splatfacto/nerfstudio_models/step-000010001.ckpt,128,52667,,,
041f25658f2843e2b499892d8f3f2819,processed,,512,/project/ricky/splatformer-data-new/train-set/objaverse/512/colmap/041f25658f2843e2b499892d8f3f2819/images,/project/ricky/splatformer-data-new/train-set/objaverse/512/nerfstudio/041f25658f2843e2b499892d8f3f2819/splatfacto/nerfstudio_models/step-000010001.ckpt,128,50012,,,
041f25658f2843e2b499892d8f3f2819,processed,,128,/project/ricky/splatformer-data-new/train-set/objaverse/128/colmap/041f25658f2843e2b499892d8f3f2819/images,/project/ricky/splatformer-data-new/train-set/objaverse/128/nerfstudio/041f25658f2843e2b499892d8f3f2819/splatfacto/nerfstudio_models/step-000010001.ckpt,128,22617,,,
0421adb33a034d0e96285ce1e6c3bc5d,processed,,512,/project/ricky/splatformer-data-new/train-set/objaverse/512/colmap/0421adb33a034d0e96285ce1e6c3bc5d/images,/project/ricky/splatformer-data-new/train-set/objaverse/512/nerfstudio/0421adb33a034d0e96285ce1e6c3bc5d/splatfacto/nerfstudio_models/step-000010001.ckpt,128,73362,,,
0421adb33a034d0e96285ce1e6c3bc5d,processed,,128,/project/ricky/splatformer-data-new/train-set/objaverse/128/colmap/0421adb33a034d0e96285ce1e6c3bc5d/images,/project/ricky/splatformer-data-new/train-set/objaverse/128/nerfstudio/0421adb33a034d0e96285ce1e6c3bc5d/splatfacto/nerfstudio_models/step-000010001.ckpt,128,46530,,,
0422bde7980a44588ae070ea24ec0cf1,processed,,512,/project/ricky/splatformer-data-new/train-set/objaverse/512/colmap/0422bde7980a44588ae070ea24ec0cf1/images,/project/ricky/splatformer-data-new/train-set/objaverse/512/nerfstudio/0422bde7980a44588ae070ea24ec0cf1/splatfacto/nerfstudio_models/step-000010001.ckpt,128,84825,,,
0422bde7980a44588ae070ea24ec0cf1,processed,,128,/project/ricky/splatformer-data-new/train-set/objaverse/128/colmap/0422bde7980a44588ae070ea24ec0cf1/images,/project/ricky/splatformer-data-new/train-set/objaverse/128/nerfstudio/0422bde7980a44588ae070ea24ec0cf1/splatfacto/nerfstudio_models/step-000010001.ckpt,128,42874,,,
042513071d9744b497ac149bdd507226,processed,,512,/project/ricky/splatformer-data-new/train-set/objaverse/512/colmap/042513071d9744b497ac149bdd507226/images,/project/ricky/splatformer-data-new/train-set/objaverse/512/nerfstudio/042513071d9744b497ac149bdd507226/splatfacto/nerfstudio_models/step-000010001.ckpt,128,68572,,,
042513071d9744b497ac149bdd507226,processed,,128,/project/ricky/splatformer-data-new/train-set/objaverse/128/colmap/042513071d9744b497ac149bdd507226/images,/project/ricky/splatformer-data-new/train-set/objaverse/128/nerfstudio/042513071d9744b497ac149bdd507226/splatfacto/nerfstudio_models/step-000010001.ckpt,128,53454,,,
0425a592820e459bb473ead8826e3a15,processed,,512,/project/ricky/splatformer-data-new/train-set/objaverse/512/colmap/0425a592820e459bb473ead8826e3a15/images,/project/ricky/splatformer-data-new/train-set/objaverse/512/nerfstudio/0425a592820e459bb473ead8826e3a15/splatfacto/nerfstudio_models/step-000010001.ckpt,128,43093,,,
0425a592820e459bb473ead8826e3a15,processed,,128,/project/ricky/splatformer-data-new/train-set/objaverse/128/colmap/0425a592820e459bb473ead8826e3a15/images,/project/ricky/splatformer-data-new/train-set/objaverse/128/nerfstudio/0425a592820e459bb473ead8826e3a15/splatfacto/nerfstudio_models/step-000010001.ckpt,128,31312,,,
04270c2d606e4ef5a65cc03c5847bdda,processed,,512,/project/ricky/splatformer-data-new/train-set/objaverse/512/colmap/04270c2d606e4ef5a65cc03c5847bdda/images,/project/ricky/splatformer-data-new/train-set/objaverse/512/nerfstudio/04270c2d606e4ef5a65cc03c5847bdda/splatfacto/nerfstudio_models/step-000010001.ckpt,128,21148,,,
04270c2d606e4ef5a65cc03c5847bdda,processed,,128,/project/ricky/splatformer-data-new/train-set/objaverse/128/colmap/04270c2d606e4ef5a65cc03c5847bdda/images,/project/ricky/splatformer-data-new/train-set/objaverse/128/nerfstudio/04270c2d606e4ef5a65cc03c5847bdda/splatfacto/nerfstudio_models/step-000010001.ckpt,128,16882,,,
04270c7c2c334855a9d8df9fe1cb21a7,processed,,512,/project/ricky/splatformer-data-new/train-set/objaverse/512/colmap/04270c7c2c334855a9d8df9fe1cb21a7/images,/project/ricky/splatformer-data-new/train-set/objaverse/512/nerfstudio/04270c7c2c334855a9d8df9fe1cb21a7/splatfacto/nerfstudio_models/step-000010001.ckpt,128,41490,,,
04270c7c2c334855a9d8df9fe1cb21a7,processed,,128,/project/ricky/splatformer-data-new/train-set/objaverse/128/colmap/04270c7c2c334855a9d8df9fe1cb21a7/images,/project/ricky/splatformer-data-new/train-set/objaverse/128/nerfstudio/04270c7c2c334855a9d8df9fe1cb21a7/splatfacto/nerfstudio_models/step-000010001.ckpt,128,24419,,,
04274ccf73294fa49ed9d5ccf7bd87ef,processed,,512,/project/ricky/splatformer-data-new/train-set/objaverse/512/colmap/04274ccf73294fa49ed9d5ccf7bd87ef/images,/project/ricky/splatformer-data-new/train-set/objaverse/512/nerfstudio/04274ccf73294fa49ed9d5ccf7bd87ef/splatfacto/nerfstudio_models/step-000010001.ckpt,128,86849,,,
04274ccf73294fa49ed9d5ccf7bd87ef,processed,,128,/project/ricky/splatformer-data-new/train-set/objaverse/128/colmap/04274ccf73294fa49ed9d5ccf7bd87ef/images,/project/ricky/splatformer-data-new/train-set/objaverse/128/nerfstudio/04274ccf73294fa49ed9d5ccf7bd87ef/splatfacto/nerfstudio_models/step-000010001.ckpt,128,57787,,,
0427a182eed6474bafa82ad425bac65d,processed,,512,/project/ricky/splatformer-data-new/train-set/objaverse/512/colmap/0427a182eed6474bafa82ad425bac65d/images,/project/ricky/splatformer-data-new/train-set/objaverse/512/nerfstudio/0427a182eed6474bafa82ad425bac65d/splatfacto/nerfstudio_models/step-000010001.ckpt,128,82402,,,
0427a182eed6474bafa82ad425bac65d,processed,,128,/project/ricky/splatformer-data-new/train-set/objaverse/128/colmap/0427a182eed6474bafa82ad425bac65d/images,/project/ricky/splatformer-data-new/train-set/objaverse/128/nerfstudio/0427a182eed6474bafa82ad425bac65d/splatfacto/nerfstudio_models/step-000010001.ckpt,128,23101,,,
0428976579044f9480450dacde568814,processed,,512,/project/ricky/splatformer-data-new/train-set/objaverse/512/colmap/0428976579044f9480450dacde568814/images,/project/ricky/splatformer-data-new/train-set/objaverse/512/nerfstudio/0428976579044f9480450dacde568814/splatfacto/nerfstudio_models/step-000010001.ckpt,128,112790,,,
0428976579044f9480450dacde568814,processed,,128,/project/ricky/splatformer-data-new/train-set/objaverse/128/colmap/0428976579044f9480450dacde568814/images,/project/ricky/splatformer-data-new/train-set/objaverse/128/nerfstudio/0428976579044f9480450dacde568814/splatfacto/nerfstudio_models/step-000010001.ckpt,128,58013,,,
0428d9bd75b8464f819d588691234292,processed,,512,/project/ricky/splatformer-data-new/train-set/objaverse/512/colmap/0428d9bd75b8464f819d588691234292/images,/project/ricky/splatformer-data-new/train-set/objaverse/512/nerfstudio/0428d9bd75b8464f819d588691234292/splatfacto/nerfstudio_models/step-000010001.ckpt,128,133580,,,
0428d9bd75b8464f819d588691234292,processed,,128,/project/ricky/splatformer-data-new/train-set/objaverse/128/colmap/0428d9bd75b8464f819d588691234292/images,/project/ricky/splatformer-data-new/train-set/objaverse/128/nerfstudio/0428d9bd75b8464f819d588691234292/splatfacto/nerfstudio_models/step-000010001.ckpt,128,86922,,,
0428f446efc145bdacdd5f08024584b2,processed,,512,/project/ricky/splatformer-data-new/train-set/objaverse/512/colmap/0428f446efc145bdacdd5f08024584b2/images,/project/ricky/splatformer-data-new/train-set/objaverse/512/nerfstudio/0428f446efc145bdacdd5f08024584b2/splatfacto/nerfstudio_models/step-000010001.ckpt,128,65003,,,
0428f446efc145bdacdd5f08024584b2,processed,,128,/project/ricky/splatformer-data-new/train-set/objaverse/128/colmap/0428f446efc145bdacdd5f08024584b2/images,/project/ricky/splatformer-data-new/train-set/objaverse/128/nerfstudio/0428f446efc145bdacdd5f08024584b2/splatfacto/nerfstudio_models/step-000010001.ckpt,128,38812,,,
042b7c37263f4309bc8b4e18dc989102,processed,,512,/project/ricky/splatformer-data-new/train-set/objaverse/512/colmap/042b7c37263f4309bc8b4e18dc989102/images,/project/ricky/splatformer-data-new/train-set/objaverse/512/nerfstudio/042b7c37263f4309bc8b4e18dc989102/splatfacto/nerfstudio_models/step-000010001.ckpt,128,27633,,,
042b7c37263f4309bc8b4e18dc989102,processed,,128,/project/ricky/splatformer-data-new/train-set/objaverse/128/colmap/042b7c37263f4309bc8b4e18dc989102/images,/project/ricky/splatformer-data-new/train-set/objaverse/128/nerfstudio/042b7c37263f4309bc8b4e18dc989102/splatfacto/nerfstudio_models/step-000010001.ckpt,128,51020,,,
042bf0ef1611434ba318a0c031f47339,processed,,512,/project/ricky/splatformer-data-new/train-set/objaverse/512/colmap/042bf0ef1611434ba318a0c031f47339/images,/project/ricky/splatformer-data-new/train-set/objaverse/512/nerfstudio/042bf0ef1611434ba318a0c031f47339/splatfacto/nerfstudio_models/step-000010001.ckpt,128,282373,,,
042bf0ef1611434ba318a0c031f47339,processed,,128,/project/ricky/splatformer-data-new/train-set/objaverse/128/colmap/042bf0ef1611434ba318a0c031f47339/images,/project/ricky/splatformer-data-new/train-set/objaverse/128/nerfstudio/042bf0ef1611434ba318a0c031f47339/splatfacto/nerfstudio_models/step-000010001.ckpt,128,61855,,,
042c5277b4a04a78af9c8be7206a707b,processed,,512,/project/ricky/splatformer-data-new/train-set/objaverse/512/colmap/042c5277b4a04a78af9c8be7206a707b/images,/project/ricky/splatformer-data-new/train-set/objaverse/512/nerfstudio/042c5277b4a04a78af9c8be7206a707b/splatfacto/nerfstudio_models/step-000010001.ckpt,128,74388,,,
042c5277b4a04a78af9c8be7206a707b,processed,,128,/project/ricky/splatformer-data-new/train-set/objaverse/128/colmap/042c5277b4a04a78af9c8be7206a707b/images,/project/ricky/splatformer-data-new/train-set/objaverse/128/nerfstudio/042c5277b4a04a78af9c8be7206a707b/splatfacto/nerfstudio_models/step-000010001.ckpt,128,80405,,,
042d38e24c364c1796fcab2442e89164,processed,,512,/project/ricky/splatformer-data-new/train-set/objaverse/512/colmap/042d38e24c364c1796fcab2442e89164/images,/project/ricky/splatformer-data-new/train-set/objaverse/512/nerfstudio/042d38e24c364c1796fcab2442e89164/splatfacto/nerfstudio_models/step-000010001.ckpt,128,80068,,,
042d38e24c364c1796fcab2442e89164,processed,,128,/project/ricky/splatformer-data-new/train-set/objaverse/128/colmap/042d38e24c364c1796fcab2442e89164/images,/project/ricky/splatformer-data-new/train-set/objaverse/128/nerfstudio/042d38e24c364c1796fcab2442e89164/splatfacto/nerfstudio_models/step-000010001.ckpt,128,44192,,,
043103e1f76e4e2d9a101d83a9dab566,processed,,512,/project/ricky/splatformer-data-new/train-set/objaverse/512/colmap/043103e1f76e4e2d9a101d83a9dab566/images,/project/ricky/splatformer-data-new/train-set/objaverse/512/nerfstudio/043103e1f76e4e2d9a101d83a9dab566/splatfacto/nerfstudio_models/step-000010001.ckpt,128,47234,,,
043103e1f76e4e2d9a101d83a9dab566,processed,,128,/project/ricky/splatformer-data-new/train-set/objaverse/128/colmap/043103e1f76e4e2d9a101d83a9dab566/images,/project/ricky/splatformer-data-new/train-set/objaverse/128/nerfstudio/043103e1f76e4e2d9a101d83a9dab566/splatfacto/nerfstudio_models/step-000010001.ckpt,128,39631,,,
043c0026959348aa9fbc1205e93d478c,processed,,512,/project/ricky/splatformer-data-new/train-set/objaverse/512/colmap/043c0026959348aa9fbc1205e93d478c/images,/project/ricky/splatformer-data-new/train-set/objaverse/512/nerfstudio/043c0026959348aa9fbc1205e93d478c/splatfacto/nerfstudio_models/step-000010001.ckpt,128,53160,,,
043c0026959348aa9fbc1205e93d478c,processed,,128,/project/ricky/splatformer-data-new/train-set/objaverse/128/colmap/043c0026959348aa9fbc1205e93d478c/images,/project/ricky/splatformer-data-new/train-set/objaverse/128/nerfstudio/043c0026959348aa9fbc1205e93d478c/splatfacto/nerfstudio_models/step-000010001.ckpt,128,49953,,,
043c130b27204739a08526cfd25a8f53,processed,,512,/project/ricky/splatformer-data-new/train-set/objaverse/512/colmap/043c130b27204739a08526cfd25a8f53/images,/project/ricky/splatformer-data-new/train-set/objaverse/512/nerfstudio/043c130b27204739a08526cfd25a8f53/splatfacto/nerfstudio_models/step-000010001.ckpt,128,107872,,,
043c130b27204739a08526cfd25a8f53,processed,,128,/project/ricky/splatformer-data-new/train-set/objaverse/128/colmap/043c130b27204739a08526cfd25a8f53/images,/project/ricky/splatformer-data-new/train-set/objaverse/128/nerfstudio/043c130b27204739a08526cfd25a8f53/splatfacto/nerfstudio_models/step-000010001.ckpt,128,50340,,,
043d613cb4d4473fbc40e025f1533630,processed,,512,/project/ricky/splatformer-data-new/train-set/objaverse/512/colmap/043d613cb4d4473fbc40e025f1533630/images,/project/ricky/splatformer-data-new/train-set/objaverse/512/nerfstudio/043d613cb4d4473fbc40e025f1533630/splatfacto/nerfstudio_models/step-000010001.ckpt,128,131532,,,
043d613cb4d4473fbc40e025f1533630,processed,,128,/project/ricky/splatformer-data-new/train-set/objaverse/128/colmap/043d613cb4d4473fbc40e025f1533630/images,/project/ricky/splatformer-data-new/train-set/objaverse/128/nerfstudio/043d613cb4d4473fbc40e025f1533630/splatfacto/nerfstudio_models/step-000010001.ckpt,128,106155,,,
043dbb2edf2d43e8879298a4e8f98ceb,processed,,512,/project/ricky/splatformer-data-new/train-set/objaverse/512/colmap/043dbb2edf2d43e8879298a4e8f98ceb/images,/project/ricky/splatformer-data-new/train-set/objaverse/512/nerfstudio/043dbb2edf2d43e8879298a4e8f98ceb/splatfacto/nerfstudio_models/step-000010001.ckpt,128,94840,,,
043dbb2edf2d43e8879298a4e8f98ceb,processed,,128,/project/ricky/splatformer-data-new/train-set/objaverse/128/colmap/043dbb2edf2d43e8879298a4e8f98ceb/images,/project/ricky/splatformer-data-new/train-set/objaverse/128/nerfstudio/043dbb2edf2d43e8879298a4e8f98ceb/splatfacto/nerfstudio_models/step-000010001.ckpt,128,93716,,,
043ef606c49a446f8c15b0caf66c82ff,processed,,512,/project/ricky/splatformer-data-new/train-set/objaverse/512/colmap/043ef606c49a446f8c15b0caf66c82ff/images,/project/ricky/splatformer-data-new/train-set/objaverse/512/nerfstudio/043ef606c49a446f8c15b0caf66c82ff/splatfacto/nerfstudio_models/step-000010001.ckpt,128,110991,,,
043ef606c49a446f8c15b0caf66c82ff,processed,,128,/project/ricky/splatformer-data-new/train-set/objaverse/128/colmap/043ef606c49a446f8c15b0caf66c82ff/images,/project/ricky/splatformer-data-new/train-set/objaverse/128/nerfstudio/043ef606c49a446f8c15b0caf66c82ff/splatfacto/nerfstudio_models/step-000010001.ckpt,128,59692,,,
044dc65304254da6a8dfaee8a7cec640,processed,,512,/project/ricky/splatformer-data-new/train-set/objaverse/512/colmap/044dc65304254da6a8dfaee8a7cec640/images,/project/ricky/splatformer-data-new/train-set/objaverse/512/nerfstudio/044dc65304254da6a8dfaee8a7cec640/splatfacto/nerfstudio_models/step-000010001.ckpt,128,32684,,,
044dc65304254da6a8dfaee8a7cec640,processed,,128,/project/ricky/splatformer-data-new/train-set/objaverse/128/colmap/044dc65304254da6a8dfaee8a7cec640/images,/project/ricky/splatformer-data-new/train-set/objaverse/128/nerfstudio/044dc65304254da6a8dfaee8a7cec640/splatfacto/nerfstudio_models/step-000010001.ckpt,128,14000,,,
044dfcc6565b4fc09edea19865a01dce,processed,,512,/project/ricky/splatformer-data-new/train-set/objaverse/512/colmap/044dfcc6565b4fc09edea19865a01dce/images,/project/ricky/splatformer-data-new/train-set/objaverse/512/nerfstudio/044dfcc6565b4fc09edea19865a01dce/splatfacto/nerfstudio_models/step-000010001.ckpt,128,68131,,,
044dfcc6565b4fc09edea19865a01dce,processed,,128,/project/ricky/splatformer-data-new/train-set/objaverse/128/colmap/044dfcc6565b4fc09edea19865a01dce/images,/project/ricky/splatformer-data-new/train-set/objaverse/128/nerfstudio/044dfcc6565b4fc09edea19865a01dce/splatfacto/nerfstudio_models/step-000010001.ckpt,128,53961,,,
044eb34a923c4ce59ce50e118d5e1baf,processed,,512,/project/ricky/splatformer-data-new/train-set/objaverse/512/colmap/044eb34a923c4ce59ce50e118d5e1baf/images,/project/ricky/splatformer-data-new/train-set/objaverse/512/nerfstudio/044eb34a923c4ce59ce50e118d5e1baf/splatfacto/nerfstudio_models/step-000010001.ckpt,128,34534,,,
044eb34a923c4ce59ce50e118d5e1baf,processed,,128,/project/ricky/splatformer-data-new/train-set/objaverse/128/colmap/044eb34a923c4ce59ce50e118d5e1baf/images,/project/ricky/splatformer-data-new/train-set/objaverse/128/nerfstudio/044eb34a923c4ce59ce50e118d5e1baf/splatfacto/nerfstudio_models/step-000010001.ckpt,128,25254,,,
0453f7dac39d488a9b0acd667914b68f,processed,,512,/project/ricky/splatformer-data-new/train-set/objaverse/512/colmap/0453f7dac39d488a9b0acd667914b68f/images,/project/ricky/splatformer-data-new/train-set/objaverse/512/nerfstudio/0453f7dac39d488a9b0acd667914b68f/splatfacto/nerfstudio_models/step-000010001.ckpt,128,82097,,,
0453f7dac39d488a9b0acd667914b68f,processed,,128,/project/ricky/splatformer-data-new/train-set/objaverse/128/colmap/0453f7dac39d488a9b0acd667914b68f/images,/project/ricky/splatformer-data-new/train-set/objaverse/128/nerfstudio/0453f7dac39d488a9b0acd667914b68f/splatfacto/nerfstudio_models/step-000010001.ckpt,128,70822,,,
045420bcddb3409c8ccc9fcb14c59ee0,processed,,512,/project/ricky/splatformer-data-new/train-set/objaverse/512/colmap/045420bcddb3409c8ccc9fcb14c59ee0/images,/project/ricky/splatformer-data-new/train-set/objaverse/512/nerfstudio/045420bcddb3409c8ccc9fcb14c59ee0/splatfacto/nerfstudio_models/step-000010001.ckpt,128,24178,,,
045420bcddb3409c8ccc9fcb14c59ee0,processed,,128,/project/ricky/splatformer-data-new/train-set/objaverse/128/colmap/045420bcddb3409c8ccc9fcb14c59ee0/images,/project/ricky/splatformer-data-new/train-set/objaverse/128/nerfstudio/045420bcddb3409c8ccc9fcb14c59ee0/splatfacto/nerfstudio_models/step-000010001.ckpt,128,10142,,,
045421deb9b047b493d0b20691550c44,processed,,512,/project/ricky/splatformer-data-new/train-set/objaverse/512/colmap/045421deb9b047b493d0b20691550c44/images,/project/ricky/splatformer-data-new/train-set/objaverse/512/nerfstudio/045421deb9b047b493d0b20691550c44/splatfacto/nerfstudio_models/step-000010001.ckpt,128,40170,,,
045421deb9b047b493d0b20691550c44,processed,,128,/project/ricky/splatformer-data-new/train-set/objaverse/128/colmap/045421deb9b047b493d0b20691550c44/images,/project/ricky/splatformer-data-new/train-set/objaverse/128/nerfstudio/045421deb9b047b493d0b20691550c44/splatfacto/nerfstudio_models/step-000010001.ckpt,128,38735,,,
0457fac1952c4443814df23b77381cd7,processed,,512,/project/ricky/splatformer-data-new/train-set/objaverse/512/colmap/0457fac1952c4443814df23b77381cd7/images,/project/ricky/splatformer-data-new/train-set/objaverse/512/nerfstudio/0457fac1952c4443814df23b77381cd7/splatfacto/nerfstudio_models/step-000010001.ckpt,128,20017,,,
0457fac1952c4443814df23b77381cd7,processed,,128,/project/ricky/splatformer-data-new/train-set/objaverse/128/colmap/0457fac1952c4443814df23b77381cd7/images,/project/ricky/splatformer-data-new/train-set/objaverse/128/nerfstudio/0457fac1952c4443814df23b77381cd7/splatfacto/nerfstudio_models/step-000010001.ckpt,128,19179,,,
04590c8664c44cf7b40c9f1cc63a0c60,processed,,512,/project/ricky/splatformer-data-new/train-set/objaverse/512/colmap/04590c8664c44cf7b40c9f1cc63a0c60/images,/project/ricky/splatformer-data-new/train-set/objaverse/512/nerfstudio/04590c8664c44cf7b40c9f1cc63a0c60/splatfacto/nerfstudio_models/step-000010001.ckpt,128,17992,,,
04590c8664c44cf7b40c9f1cc63a0c60,processed,,128,/project/ricky/splatformer-data-new/train-set/objaverse/128/colmap/04590c8664c44cf7b40c9f1cc63a0c60/images,/project/ricky/splatformer-data-new/train-set/objaverse/128/nerfstudio/04590c8664c44cf7b40c9f1cc63a0c60/splatfacto/nerfstudio_models/step-000010001.ckpt,128,15133,,,
045bceed53b54299a7b80887418b061a,processed,,512,/project/ricky/splatformer-data-new/train-set/objaverse/512/colmap/045bceed53b54299a7b80887418b061a/images,/project/ricky/splatformer-data-new/train-set/objaverse/512/nerfstudio/045bceed53b54299a7b80887418b061a/splatfacto/nerfstudio_models/step-000010001.ckpt,128,94790,,,
045bceed53b54299a7b80887418b061a,processed,,128,/project/ricky/splatformer-data-new/train-set/objaverse/128/colmap/045bceed53b54299a7b80887418b061a/images,/project/ricky/splatformer-data-new/train-set/objaverse/128/nerfstudio/045bceed53b54299a7b80887418b061a/splatfacto/nerfstudio_models/step-000010001.ckpt,128,33653,,,
045d8f4d86e943208eb3128c86bdb927,processed,,512,/project/ricky/splatformer-data-new/train-set/objaverse/512/colmap/045d8f4d86e943208eb3128c86bdb927/images,/project/ricky/splatformer-data-new/train-set/objaverse/512/nerfstudio/045d8f4d86e943208eb3128c86bdb927/splatfacto/nerfstudio_models/step-000010001.ckpt,128,43913,,,
045d8f4d86e943208eb3128c86bdb927,processed,,128,/project/ricky/splatformer-data-new/train-set/objaverse/128/colmap/045d8f4d86e943208eb3128c86bdb927/images,/project/ricky/splatformer-data-new/train-set/objaverse/128/nerfstudio/045d8f4d86e943208eb3128c86bdb927/splatfacto/nerfstudio_models/step-000010001.ckpt,128,14420,,,
045e360878cf435fa157be228245a177,processed,,512,/project/ricky/splatformer-data-new/train-set/objaverse/512/colmap/045e360878cf435fa157be228245a177/images,/project/ricky/splatformer-data-new/train-set/objaverse/512/nerfstudio/045e360878cf435fa157be228245a177/splatfacto/nerfstudio_models/step-000010001.ckpt,128,40747,,,
045e360878cf435fa157be228245a177,processed,,128,/project/ricky/splatformer-data-new/train-set/objaverse/128/colmap/045e360878cf435fa157be228245a177/images,/project/ricky/splatformer-data-new/train-set/objaverse/128/nerfstudio/045e360878cf435fa157be228245a177/splatfacto/nerfstudio_models/step-000010001.ckpt,128,10539,,,
0460073faa63448eaed4b70973fe4989,processed,,512,/project/ricky/splatformer-data-new/train-set/objaverse/512/colmap/0460073faa63448eaed4b70973fe4989/images,/project/ricky/splatformer-data-new/train-set/objaverse/512/nerfstudio/0460073faa63448eaed4b70973fe4989/splatfacto/nerfstudio_models/step-000010001.ckpt,128,62363,,,
0460073faa63448eaed4b70973fe4989,processed,,128,/project/ricky/splatformer-data-new/train-set/objaverse/128/colmap/0460073faa63448eaed4b70973fe4989/images,/project/ricky/splatformer-data-new/train-set/objaverse/128/nerfstudio/0460073faa63448eaed4b70973fe4989/splatfacto/nerfstudio_models/step-000010001.ckpt,128,31838,,,
04605c481d5d4fdcb23236ef3d9de845,processed,,512,/project/ricky/splatformer-data-new/train-set/objaverse/512/colmap/04605c481d5d4fdcb23236ef3d9de845/images,/project/ricky/splatformer-data-new/train-set/objaverse/512/nerfstudio/04605c481d5d4fdcb23236ef3d9de845/splatfacto/nerfstudio_models/step-000010001.ckpt,128,37682,,,
04605c481d5d4fdcb23236ef3d9de845,processed,,128,/project/ricky/splatformer-data-new/train-set/objaverse/128/colmap/04605c481d5d4fdcb23236ef3d9de845/images,/project/ricky/splatformer-data-new/train-set/objaverse/128/nerfstudio/04605c481d5d4fdcb23236ef3d9de845/splatfacto/nerfstudio_models/step-000010001.ckpt,128,41261,,,
04621a02ff704ad89e2454bdc81bab10,processed,,512,/project/ricky/splatformer-data-new/train-set/objaverse/512/colmap/04621a02ff704ad89e2454bdc81bab10/images,/project/ricky/splatformer-data-new/train-set/objaverse/512/nerfstudio/04621a02ff704ad89e2454bdc81bab10/splatfacto/nerfstudio_models/step-000010001.ckpt,128,204486,,,
04621a02ff704ad89e2454bdc81bab10,processed,,128,/project/ricky/splatformer-data-new/train-set/objaverse/128/colmap/04621a02ff704ad89e2454bdc81bab10/images,/project/ricky/splatformer-data-new/train-set/objaverse/128/nerfstudio/04621a02ff704ad89e2454bdc81bab10/splatfacto/nerfstudio_models/step-000010001.ckpt,128,104037,,,
0466ca0763f7423587cc72b7f072da18,processed,,512,/project/ricky/splatformer-data-new/train-set/objaverse/512/colmap/0466ca0763f7423587cc72b7f072da18/images,/project/ricky/splatformer-data-new/train-set/objaverse/512/nerfstudio/0466ca0763f7423587cc72b7f072da18/splatfacto/nerfstudio_models/step-000010001.ckpt,128,98370,,,
0466ca0763f7423587cc72b7f072da18,processed,,128,/project/ricky/splatformer-data-new/train-set/objaverse/128/colmap/0466ca0763f7423587cc72b7f072da18/images,/project/ricky/splatformer-data-new/train-set/objaverse/128/nerfstudio/0466ca0763f7423587cc72b7f072da18/splatfacto/nerfstudio_models/step-000010001.ckpt,128,64909,,,
0466f62205994c63bd4ce7d6c96c037d,processed,,512,/project/ricky/splatformer-data-new/train-set/objaverse/512/colmap/0466f62205994c63bd4ce7d6c96c037d/images,/project/ricky/splatformer-data-new/train-set/objaverse/512/nerfstudio/0466f62205994c63bd4ce7d6c96c037d/splatfacto/nerfstudio_models/step-000010001.ckpt,128,41546,,,
0466f62205994c63bd4ce7d6c96c037d,processed,,128,/project/ricky/splatformer-data-new/train-set/objaverse/128/colmap/0466f62205994c63bd4ce7d6c96c037d/images,/project/ricky/splatformer-data-new/train-set/objaverse/128/nerfstudio/0466f62205994c63bd4ce7d6c96c037d/splatfacto/nerfstudio_models/step-000010001.ckpt,128,31958,,,
0467ba86ddad47c795e2f2be5309ed2c,processed,,512,/project/ricky/splatformer-data-new/train-set/objaverse/512/colmap/0467ba86ddad47c795e2f2be5309ed2c/images,/project/ricky/splatformer-data-new/train-set/objaverse/512/nerfstudio/0467ba86ddad47c795e2f2be5309ed2c/splatfacto/nerfstudio_models/step-000010001.ckpt,128,80327,,,
0467ba86ddad47c795e2f2be5309ed2c,processed,,128,/project/ricky/splatformer-data-new/train-set/objaverse/128/colmap/0467ba86ddad47c795e2f2be5309ed2c/images,/project/ricky/splatformer-data-new/train-set/objaverse/128/nerfstudio/0467ba86ddad47c795e2f2be5309ed2c/splatfacto/nerfstudio_models/step-000010001.ckpt,128,65554,,,
046d3226c9174bc09fec70271a8099e8,processed,,512,/project/ricky/splatformer-data-new/train-set/objaverse/512/colmap/046d3226c9174bc09fec70271a8099e8/images,/project/ricky/splatformer-data-new/train-set/objaverse/512/nerfstudio/046d3226c9174bc09fec70271a8099e8/splatfacto/nerfstudio_models/step-000010001.ckpt,128,342130,,,
046d3226c9174bc09fec70271a8099e8,processed,,128,/project/ricky/splatformer-data-new/train-set/objaverse/128/colmap/046d3226c9174bc09fec70271a8099e8/images,/project/ricky/splatformer-data-new/train-set/objaverse/128/nerfstudio/046d3226c9174bc09fec70271a8099e8/splatfacto/nerfstudio_models/step-000010001.ckpt,128,105363,,,
046dcee1dbbd49f3a6738a0e5b5214db,processed,,512,/project/ricky/splatformer-data-new/train-set/objaverse/512/colmap/046dcee1dbbd49f3a6738a0e5b5214db/images,/project/ricky/splatformer-data-new/train-set/objaverse/512/nerfstudio/046dcee1dbbd49f3a6738a0e5b5214db/splatfacto/nerfstudio_models/step-000010001.ckpt,128,44102,,,
046dcee1dbbd49f3a6738a0e5b5214db,processed,,128,/project/ricky/splatformer-data-new/train-set/objaverse/128/colmap/046dcee1dbbd49f3a6738a0e5b5214db/images,/project/ricky/splatformer-data-new/train-set/objaverse/128/nerfstudio/046dcee1dbbd49f3a6738a0e5b5214db/splatfacto/nerfstudio_models/step-000010001.ckpt,128,48870,,,
046e4f67cbf64ffb92765286c94c4a75,processed,,512,/project/ricky/splatformer-data-new/train-set/objaverse/512/colmap/046e4f67cbf64ffb92765286c94c4a75/images,/project/ricky/splatformer-data-new/train-set/objaverse/512/nerfstudio/046e4f67cbf64ffb92765286c94c4a75/splatfacto/nerfstudio_models/step-000010001.ckpt,128,50348,,,
046e4f67cbf64ffb92765286c94c4a75,processed,,128,/project/ricky/splatformer-data-new/train-set/objaverse/128/colmap/046e4f67cbf64ffb92765286c94c4a75/images,/project/ricky/splatformer-data-new/train-set/objaverse/128/nerfstudio/046e4f67cbf64ffb92765286c94c4a75/splatfacto/nerfstudio_models/step-000010001.ckpt,128,41873,,,
04719b2b7b914a09a70d567955373493,processed,,512,/project/ricky/splatformer-data-new/train-set/objaverse/512/colmap/04719b2b7b914a09a70d567955373493/images,/project/ricky/splatformer-data-new/train-set/objaverse/512/nerfstudio/04719b2b7b914a09a70d567955373493/splatfacto/nerfstudio_models/step-000010001.ckpt,128,99666,,,
04719b2b7b914a09a70d567955373493,processed,,128,/project/ricky/splatformer-data-new/train-set/objaverse/128/colmap/04719b2b7b914a09a70d567955373493/images,/project/ricky/splatformer-data-new/train-set/objaverse/128/nerfstudio/04719b2b7b914a09a70d567955373493/splatfacto/nerfstudio_models/step-000010001.ckpt,128,66825,,,
04741a40f2224cffafc343b0236d5bbe,processed,,512,/project/ricky/splatformer-data-new/train-set/objaverse/512/colmap/04741a40f2224cffafc343b0236d5bbe/images,/project/ricky/splatformer-data-new/train-set/objaverse/512/nerfstudio/04741a40f2224cffafc343b0236d5bbe/splatfacto/nerfstudio_models/step-000010001.ckpt,128,41163,,,
04741a40f2224cffafc343b0236d5bbe,processed,,128,/project/ricky/splatformer-data-new/train-set/objaverse/128/colmap/04741a40f2224cffafc343b0236d5bbe/images,/project/ricky/splatformer-data-new/train-set/objaverse/128/nerfstudio/04741a40f2224cffafc343b0236d5bbe/splatfacto/nerfstudio_models/step-000010001.ckpt,128,21335,,,
047884a66aa048d8b10531311bdbf7fc,processed,,512,/project/ricky/splatformer-data-new/train-set/objaverse/512/colmap/047884a66aa048d8b10531311bdbf7fc/images,/project/ricky/splatformer-data-new/train-set/objaverse/512/nerfstudio/047884a66aa048d8b10531311bdbf7fc/splatfacto/nerfstudio_models/step-000010001.ckpt,128,40781,,,
047884a66aa048d8b10531311bdbf7fc,processed,,128,/project/ricky/splatformer-data-new/train-set/objaverse/128/colmap/047884a66aa048d8b10531311bdbf7fc/images,/project/ricky/splatformer-data-new/train-set/objaverse/128/nerfstudio/047884a66aa048d8b10531311bdbf7fc/splatfacto/nerfstudio_models/step-000010001.ckpt,128,76239,,,
04794e1a38724d77a6350e24627cee4c,processed,,512,/project/ricky/splatformer-data-new/train-set/objaverse/512/colmap/04794e1a38724d77a6350e24627cee4c/images,/project/ricky/splatformer-data-new/train-set/objaverse/512/nerfstudio/04794e1a38724d77a6350e24627cee4c/splatfacto/nerfstudio_models/step-000010001.ckpt,128,127827,,,
04794e1a38724d77a6350e24627cee4c,processed,,128,/project/ricky/splatformer-data-new/train-set/objaverse/128/colmap/04794e1a38724d77a6350e24627cee4c/images,/project/ricky/splatformer-data-new/train-set/objaverse/128/nerfstudio/04794e1a38724d77a6350e24627cee4c/splatfacto/nerfstudio_models/step-000010001.ckpt,128,72615,,,
047b2403e76b43a489d134c4439296b5,processed,,512,/project/ricky/splatformer-data-new/train-set/objaverse/512/colmap/047b2403e76b43a489d134c4439296b5/images,/project/ricky/splatformer-data-new/train-set/objaverse/512/nerfstudio/047b2403e76b43a489d134c4439296b5/splatfacto/nerfstudio_models/step-000010001.ckpt,128,34426,,,
047b2403e76b43a489d134c4439296b5,processed,,128,/project/ricky/splatformer-data-new/train-set/objaverse/128/colmap/047b2403e76b43a489d134c4439296b5/images,/project/ricky/splatformer-data-new/train-set/objaverse/128/nerfstudio/047b2403e76b43a489d134c4439296b5/splatfacto/nerfstudio_models/step-000010001.ckpt,128,25495,,,
047b3cccbfa44415b85692e3ba45b4fd,processed,,512,/project/ricky/splatformer-data-new/train-set/objaverse/512/colmap/047b3cccbfa44415b85692e3ba45b4fd/images,/project/ricky/splatformer-data-new/train-set/objaverse/512/nerfstudio/047b3cccbfa44415b85692e3ba45b4fd/splatfacto/nerfstudio_models/step-000010001.ckpt,128,45291,,,
047b3cccbfa44415b85692e3ba45b4fd,processed,,128,/project/ricky/splatformer-data-new/train-set/objaverse/128/colmap/047b3cccbfa44415b85692e3ba45b4fd/images,/project/ricky/splatformer-data-new/train-set/objaverse/128/nerfstudio/047b3cccbfa44415b85692e3ba45b4fd/splatfacto/nerfstudio_models/step-000010001.ckpt,128,16427,,,
047bb67b4d3c49c5bb203b3e9215bc33,processed,,512,/project/ricky/splatformer-data-new/train-set/objaverse/512/colmap/047bb67b4d3c49c5bb203b3e9215bc33/images,/project/ricky/splatformer-data-new/train-set/objaverse/512/nerfstudio/047bb67b4d3c49c5bb203b3e9215bc33/splatfacto/nerfstudio_models/step-000010001.ckpt,128,46548,,,
047bb67b4d3c49c5bb203b3e9215bc33,processed,,128,/project/ricky/splatformer-data-new/train-set/objaverse/128/colmap/047bb67b4d3c49c5bb203b3e9215bc33/images,/project/ricky/splatformer-data-new/train-set/objaverse/128/nerfstudio/047bb67b4d3c49c5bb203b3e9215bc33/splatfacto/nerfstudio_models/step-000010001.ckpt,128,15303,,,
047d5576f5d94c8ba210c7b6acec5e25,processed,,512,/project/ricky/splatformer-data-new/train-set/objaverse/512/colmap/047d5576f5d94c8ba210c7b6acec5e25/images,/project/ricky/splatformer-data-new/train-set/objaverse/512/nerfstudio/047d5576f5d94c8ba210c7b6acec5e25/splatfacto/nerfstudio_models/step-000010001.ckpt,128,28584,,,
047d5576f5d94c8ba210c7b6acec5e25,processed,,128,/project/ricky/splatformer-data-new/train-set/objaverse/128/colmap/047d5576f5d94c8ba210c7b6acec5e25/images,/project/ricky/splatformer-data-new/train-set/objaverse/128/nerfstudio/047d5576f5d94c8ba210c7b6acec5e25/splatfacto/nerfstudio_models/step-000010001.ckpt,128,25217,,,
04812da88d7a4f08982677120dd87b51,processed,,512,/project/ricky/splatformer-data-new/train-set/objaverse/512/colmap/04812da88d7a4f08982677120dd87b51/images,/project/ricky/splatformer-data-new/train-set/objaverse/512/nerfstudio/04812da88d7a4f08982677120dd87b51/splatfacto/nerfstudio_models/step-000010001.ckpt,128,87624,,,
04812da88d7a4f08982677120dd87b51,processed,,128,/project/ricky/splatformer-data-new/train-set/objaverse/128/colmap/04812da88d7a4f08982677120dd87b51/images,/project/ricky/splatformer-data-new/train-set/objaverse/128/nerfstudio/04812da88d7a4f08982677120dd87b51/splatfacto/nerfstudio_models/step-000010001.ckpt,128,73139,,,
04819557781441b6aeeefbf04268157f,processed,,512,/project/ricky/splatformer-data-new/train-set/objaverse/512/colmap/04819557781441b6aeeefbf04268157f/images,/project/ricky/splatformer-data-new/train-set/objaverse/512/nerfstudio/04819557781441b6aeeefbf04268157f/splatfacto/nerfstudio_models/step-000010001.ckpt,128,56485,,,
04819557781441b6aeeefbf04268157f,processed,,128,/project/ricky/splatformer-data-new/train-set/objaverse/128/colmap/04819557781441b6aeeefbf04268157f/images,/project/ricky/splatformer-data-new/train-set/objaverse/128/nerfstudio/04819557781441b6aeeefbf04268157f/splatfacto/nerfstudio_models/step-000010001.ckpt,128,50696,,,
0484c3cdef5d4c05a9bf78a6a938715d,processed,,512,/project/ricky/splatformer-data-new/train-set/objaverse/512/colmap/0484c3cdef5d4c05a9bf78a6a938715d/images,/project/ricky/splatformer-data-new/train-set/objaverse/512/nerfstudio/0484c3cdef5d4c05a9bf78a6a938715d/splatfacto/nerfstudio_models/step-000010001.ckpt,128,115106,,,
0484c3cdef5d4c05a9bf78a6a938715d,processed,,128,/project/ricky/splatformer-data-new/train-set/objaverse/128/colmap/0484c3cdef5d4c05a9bf78a6a938715d/images,/project/ricky/splatformer-data-new/train-set/objaverse/128/nerfstudio/0484c3cdef5d4c05a9bf78a6a938715d/splatfacto/nerfstudio_models/step-000010001.ckpt,128,68349,,,
048553783c9e41eb876a6a3bd116eb5d,processed,,512,/project/ricky/splatformer-data-new/train-set/objaverse/512/colmap/048553783c9e41eb876a6a3bd116eb5d/images,/project/ricky/splatformer-data-new/train-set/objaverse/512/nerfstudio/048553783c9e41eb876a6a3bd116eb5d/splatfacto/nerfstudio_models/step-000010001.ckpt,128,73872,,,
048553783c9e41eb876a6a3bd116eb5d,processed,,128,/project/ricky/splatformer-data-new/train-set/objaverse/128/colmap/048553783c9e41eb876a6a3bd116eb5d/images,/project/ricky/splatformer-data-new/train-set/objaverse/128/nerfstudio/048553783c9e41eb876a6a3bd116eb5d/splatfacto/nerfstudio_models/step-000010001.ckpt,128,42020,,,
0485bcc1c5ac4599b8f7918e1dd10399,processed,,512,/project/ricky/splatformer-data-new/train-set/objaverse/512/colmap/0485bcc1c5ac4599b8f7918e1dd10399/images,/project/ricky/splatformer-data-new/train-set/objaverse/512/nerfstudio/0485bcc1c5ac4599b8f7918e1dd10399/splatfacto/nerfstudio_models/step-000010001.ckpt,128,81099,,,
0485bcc1c5ac4599b8f7918e1dd10399,processed,,128,/project/ricky/splatformer-data-new/train-set/objaverse/128/colmap/0485bcc1c5ac4599b8f7918e1dd10399/images,/project/ricky/splatformer-data-new/train-set/objaverse/128/nerfstudio/0485bcc1c5ac4599b8f7918e1dd10399/splatfacto/nerfstudio_models/step-000010001.ckpt,128,48221,,,
048668dae3154d2fa31251caa4d9dc82,processed,,512,/project/ricky/splatformer-data-new/train-set/objaverse/512/colmap/048668dae3154d2fa31251caa4d9dc82/images,/project/ricky/splatformer-data-new/train-set/objaverse/512/nerfstudio/048668dae3154d2fa31251caa4d9dc82/splatfacto/nerfstudio_models/step-000010001.ckpt,128,53147,,,
048668dae3154d2fa31251caa4d9dc82,processed,,128,/project/ricky/splatformer-data-new/train-set/objaverse/128/colmap/048668dae3154d2fa31251caa4d9dc82/images,/project/ricky/splatformer-data-new/train-set/objaverse/128/nerfstudio/048668dae3154d2fa31251caa4d9dc82/splatfacto/nerfstudio_models/step-000010001.ckpt,128,27455,,,
0489cb1875eb43c48a552e060835e425,processed,,512,/project/ricky/splatformer-data-new/train-set/objaverse/512/colmap/0489cb1875eb43c48a552e060835e425/images,/project/ricky/splatformer-data-new/train-set/objaverse/512/nerfstudio/0489cb1875eb43c48a552e060835e425/splatfacto/nerfstudio_models/step-000010001.ckpt,128,44454,,,
0489cb1875eb43c48a552e060835e425,processed,,128,/project/ricky/splatformer-data-new/train-set/objaverse/128/colmap/0489cb1875eb43c48a552e060835e425/images,/project/ricky/splatformer-data-new/train-set/objaverse/128/nerfstudio/0489cb1875eb43c48a552e060835e425/splatfacto/nerfstudio_models/step-000010001.ckpt,128,41986,,,
048ac8bf5b334465972ae1da74f68967,processed,,512,/project/ricky/splatformer-data-new/train-set/objaverse/512/colmap/048ac8bf5b334465972ae1da74f68967/images,/project/ricky/splatformer-data-new/train-set/objaverse/512/nerfstudio/048ac8bf5b334465972ae1da74f68967/splatfacto/nerfstudio_models/step-000010001.ckpt,128,144045,,,
048ac8bf5b334465972ae1da74f68967,processed,,128,/project/ricky/splatformer-data-new/train-set/objaverse/128/colmap/048ac8bf5b334465972ae1da74f68967/images,/project/ricky/splatformer-data-new/train-set/objaverse/128/nerfstudio/048ac8bf5b334465972ae1da74f68967/splatfacto/nerfstudio_models/step-000010001.ckpt,128,78705,,,
0492a8c2d1504d52a49de7e529eeab32,processed,,512,/project/ricky/splatformer-data-new/train-set/objaverse/512/colmap/0492a8c2d1504d52a49de7e529eeab32/images,/project/ricky/splatformer-data-new/train-set/objaverse/512/nerfstudio/0492a8c2d1504d52a49de7e529eeab32/splatfacto/nerfstudio_models/step-000010001.ckpt,128,91636,,,
0492a8c2d1504d52a49de7e529eeab32,processed,,128,/project/ricky/splatformer-data-new/train-set/objaverse/128/colmap/0492a8c2d1504d52a49de7e529eeab32/images,/project/ricky/splatformer-data-new/train-set/objaverse/128/nerfstudio/0492a8c2d1504d52a49de7e529eeab32/splatfacto/nerfstudio_models/step-000010001.ckpt,128,9556,,,
0492b604adf0402ea375fced9e658f91,processed,,512,/project/ricky/splatformer-data-new/train-set/objaverse/512/colmap/0492b604adf0402ea375fced9e658f91/images,/project/ricky/splatformer-data-new/train-set/objaverse/512/nerfstudio/0492b604adf0402ea375fced9e658f91/splatfacto/nerfstudio_models/step-000010001.ckpt,128,1219,,,
0492b604adf0402ea375fced9e658f91,processed,,128,/project/ricky/splatformer-data-new/train-set/objaverse/128/colmap/0492b604adf0402ea375fced9e658f91/images,/project/ricky/splatformer-data-new/train-set/objaverse/128/nerfstudio/0492b604adf0402ea375fced9e658f91/splatfacto/nerfstudio_models/step-000010001.ckpt,128,3389,,,
049375601fd741ec9a3394cc7f2e4554,processed,,512,/project/ricky/splatformer-data-new/train-set/objaverse/512/colmap/049375601fd741ec9a3394cc7f2e4554/images,/project/ricky/splatformer-data-new/train-set/objaverse/512/nerfstudio/049375601fd741ec9a3394cc7f2e4554/splatfacto/nerfstudio_models/step-000010001.ckpt,128,107411,,,
049375601fd741ec9a3394cc7f2e4554,processed,,128,/project/ricky/splatformer-data-new/train-set/objaverse/128/colmap/049375601fd741ec9a3394cc7f2e4554/images,/project/ricky/splatformer-data-new/train-set/objaverse/128/nerfstudio/049375601fd741ec9a3394cc7f2e4554/splatfacto/nerfstudio_models/step-000010001.ckpt,128,109836,,,
04966fc1ef454f96a7284b9a59f4d0c1,processed,,512,/project/ricky/splatformer-data-new/train-set/objaverse/512/colmap/04966fc1ef454f96a7284b9a59f4d0c1/images,/project/ricky/splatformer-data-new/train-set/objaverse/512/nerfstudio/04966fc1ef454f96a7284b9a59f4d0c1/splatfacto/nerfstudio_models/step-000010001.ckpt,128,74119,,,
04966fc1ef454f96a7284b9a59f4d0c1,processed,,128,/project/ricky/splatformer-data-new/train-set/objaverse/128/colmap/04966fc1ef454f96a7284b9a59f4d0c1/images,/project/ricky/splatformer-data-new/train-set/objaverse/128/nerfstudio/04966fc1ef454f96a7284b9a59f4d0c1/splatfacto/nerfstudio_models/step-000010001.ckpt,128,54143,,,
0497364a5703481c960eb6ef750d1f82,processed,,512,/project/ricky/splatformer-data-new/train-set/objaverse/512/colmap/0497364a5703481c960eb6ef750d1f82/images,/project/ricky/splatformer-data-new/train-set/objaverse/512/nerfstudio/0497364a5703481c960eb6ef750d1f82/splatfacto/nerfstudio_models/step-000010001.ckpt,128,42655,,,
0497364a5703481c960eb6ef750d1f82,processed,,128,/project/ricky/splatformer-data-new/train-set/objaverse/128/colmap/0497364a5703481c960eb6ef750d1f82/images,/project/ricky/splatformer-data-new/train-set/objaverse/128/nerfstudio/0497364a5703481c960eb6ef750d1f82/splatfacto/nerfstudio_models/step-000010001.ckpt,128,48044,,,
0497a9bb87f74814844739228dc1c1b1,processed,,512,/project/ricky/splatformer-data-new/train-set/objaverse/512/colmap/0497a9bb87f74814844739228dc1c1b1/images,/project/ricky/splatformer-data-new/train-set/objaverse/512/nerfstudio/0497a9bb87f74814844739228dc1c1b1/splatfacto/nerfstudio_models/step-000010001.ckpt,128,58355,,,
0497a9bb87f74814844739228dc1c1b1,processed,,128,/project/ricky/splatformer-data-new/train-set/objaverse/128/colmap/0497a9bb87f74814844739228dc1c1b1/images,/project/ricky/splatformer-data-new/train-set/objaverse/128/nerfstudio/0497a9bb87f74814844739228dc1c1b1/splatfacto/nerfstudio_models/step-000010001.ckpt,128,52381,,,
049a9acf1d6448e1aabad0a368d9cdc2,processed,,512,/project/ricky/splatformer-data-new/train-set/objaverse/512/colmap/049a9acf1d6448e1aabad0a368d9cdc2/images,/project/ricky/splatformer-data-new/train-set/objaverse/512/nerfstudio/049a9acf1d6448e1aabad0a368d9cdc2/splatfacto/nerfstudio_models/step-000010001.ckpt,128,24062,,,
049a9acf1d6448e1aabad0a368d9cdc2,processed,,128,/project/ricky/splatformer-data-new/train-set/objaverse/128/colmap/049a9acf1d6448e1aabad0a368d9cdc2/images,/project/ricky/splatformer-data-new/train-set/objaverse/128/nerfstudio/049a9acf1d6448e1aabad0a368d9cdc2/splatfacto/nerfstudio_models/step-000010001.ckpt,128,61453,,,
049d7e7ede8042f08913bec457f3d92c,processed,,512,/project/ricky/splatformer-data-new/train-set/objaverse/512/colmap/049d7e7ede8042f08913bec457f3d92c/images,/project/ricky/splatformer-data-new/train-set/objaverse/512/nerfstudio/049d7e7ede8042f08913bec457f3d92c/splatfacto/nerfstudio_models/step-000010001.ckpt,128,36263,,,
049d7e7ede8042f08913bec457f3d92c,processed,,128,/project/ricky/splatformer-data-new/train-set/objaverse/128/colmap/049d7e7ede8042f08913bec457f3d92c/images,/project/ricky/splatformer-data-new/train-set/objaverse/128/nerfstudio/049d7e7ede8042f08913bec457f3d92c/splatfacto/nerfstudio_models/step-000010001.ckpt,128,26045,,,
049db37cf2c84819900e637e6a8d0e76,processed,,512,/project/ricky/splatformer-data-new/train-set/objaverse/512/colmap/049db37cf2c84819900e637e6a8d0e76/images,/project/ricky/splatformer-data-new/train-set/objaverse/512/nerfstudio/049db37cf2c84819900e637e6a8d0e76/splatfacto/nerfstudio_models/step-000010001.ckpt,128,156727,,,
049db37cf2c84819900e637e6a8d0e76,processed,,128,/project/ricky/splatformer-data-new/train-set/objaverse/128/colmap/049db37cf2c84819900e637e6a8d0e76/images,/project/ricky/splatformer-data-new/train-set/objaverse/128/nerfstudio/049db37cf2c84819900e637e6a8d0e76/splatfacto/nerfstudio_models/step-000010001.ckpt,128,104934,,,
049e09511a144c0880fb5a53096688ff,processed,,512,/project/ricky/splatformer-data-new/train-set/objaverse/512/colmap/049e09511a144c0880fb5a53096688ff/images,/project/ricky/splatformer-data-new/train-set/objaverse/512/nerfstudio/049e09511a144c0880fb5a53096688ff/splatfacto/nerfstudio_models/step-000010001.ckpt,128,200964,,,
049e09511a144c0880fb5a53096688ff,processed,,128,/project/ricky/splatformer-data-new/train-set/objaverse/128/colmap/049e09511a144c0880fb5a53096688ff/images,/project/ricky/splatformer-data-new/train-set/objaverse/128/nerfstudio/049e09511a144c0880fb5a53096688ff/splatfacto/nerfstudio_models/step-000010001.ckpt,128,45311,,,
049e3a83b8274225b06b0d5b054c0101,processed,,512,/project/ricky/splatformer-data-new/train-set/objaverse/512/colmap/049e3a83b8274225b06b0d5b054c0101/images,/project/ricky/splatformer-data-new/train-set/objaverse/512/nerfstudio/049e3a83b8274225b06b0d5b054c0101/splatfacto/nerfstudio_models/step-000010001.ckpt,128,59563,,,
049e3a83b8274225b06b0d5b054c0101,processed,,128,/project/ricky/splatformer-data-new/train-set/objaverse/128/colmap/049e3a83b8274225b06b0d5b054c0101/images,/project/ricky/splatformer-data-new/train-set/objaverse/128/nerfstudio/049e3a83b8274225b06b0d5b054c0101/splatfacto/nerfstudio_models/step-000010001.ckpt,128,40466,,,
04a0003c245a4dab9ff7afc7fbe10892,processed,,512,/project/ricky/splatformer-data-new/train-set/objaverse/512/colmap/04a0003c245a4dab9ff7afc7fbe10892/images,/project/ricky/splatformer-data-new/train-set/objaverse/512/nerfstudio/04a0003c245a4dab9ff7afc7fbe10892/splatfacto/nerfstudio_models/step-000010001.ckpt,128,58676,,,
04a0003c245a4dab9ff7afc7fbe10892,processed,,128,/project/ricky/splatformer-data-new/train-set/objaverse/128/colmap/04a0003c245a4dab9ff7afc7fbe10892/images,/project/ricky/splatformer-data-new/train-set/objaverse/128/nerfstudio/04a0003c245a4dab9ff7afc7fbe10892/splatfacto/nerfstudio_models/step-000010001.ckpt,128,15086,,,
04a21d022e6d4ee09f3a472b5312c07a,processed,,512,/project/ricky/splatformer-data-new/train-set/objaverse/512/colmap/04a21d022e6d4ee09f3a472b5312c07a/images,/project/ricky/splatformer-data-new/train-set/objaverse/512/nerfstudio/04a21d022e6d4ee09f3a472b5312c07a/splatfacto/nerfstudio_models/step-000010001.ckpt,128,39943,,,
04a21d022e6d4ee09f3a472b5312c07a,processed,,128,/project/ricky/splatformer-data-new/train-set/objaverse/128/colmap/04a21d022e6d4ee09f3a472b5312c07a/images,/project/ricky/splatformer-data-new/train-set/objaverse/128/nerfstudio/04a21d022e6d4ee09f3a472b5312c07a/splatfacto/nerfstudio_models/step-000010001.ckpt,128,36143,,,
04a4ac3d2bcb41e98d947ec2c72d54c3,processed,,512,/project/ricky/splatformer-data-new/train-set/objaverse/512/colmap/04a4ac3d2bcb41e98d947ec2c72d54c3/images,/project/ricky/splatformer-data-new/train-set/objaverse/512/nerfstudio/04a4ac3d2bcb41e98d947ec2c72d54c3/splatfacto/nerfstudio_models/step-000010001.ckpt,128,34555,,,
04a4ac3d2bcb41e98d947ec2c72d54c3,processed,,128,/project/ricky/splatformer-data-new/train-set/objaverse/128/colmap/04a4ac3d2bcb41e98d947ec2c72d54c3/images,/project/ricky/splatformer-data-new/train-set/objaverse/128/nerfstudio/04a4ac3d2bcb41e98d947ec2c72d54c3/splatfacto/nerfstudio_models/step-000010001.ckpt,128,25577,,,
04a8f3c8f00549c4a0f2b5fbb107c9b0,processed,,512,/project/ricky/splatformer-data-new/train-set/objaverse/512/colmap/04a8f3c8f00549c4a0f2b5fbb107c9b0/images,/project/ricky/splatformer-data-new/train-set/objaverse/512/nerfstudio/04a8f3c8f00549c4a0f2b5fbb107c9b0/splatfacto/nerfstudio_models/step-000010001.ckpt,128,43693,,,
04a8f3c8f00549c4a0f2b5fbb107c9b0,processed,,128,/project/ricky/splatformer-data-new/train-set/objaverse/128/colmap/04a8f3c8f00549c4a0f2b5fbb107c9b0/images,/project/ricky/splatformer-data-new/train-set/objaverse/128/nerfstudio/04a8f3c8f00549c4a0f2b5fbb107c9b0/splatfacto/nerfstudio_models/step-000010001.ckpt,128,12602,,,
04af0ab109bd4f058cd0203643403004,processed,,512,/project/ricky/splatformer-data-new/train-set/objaverse/512/colmap/04af0ab109bd4f058cd0203643403004/images,/project/ricky/splatformer-data-new/train-set/objaverse/512/nerfstudio/04af0ab109bd4f058cd0203643403004/splatfacto/nerfstudio_models/step-000010001.ckpt,128,83983,,,
04af0ab109bd4f058cd0203643403004,processed,,128,/project/ricky/splatformer-data-new/train-set/objaverse/128/colmap/04af0ab109bd4f058cd0203643403004/images,/project/ricky/splatformer-data-new/train-set/objaverse/128/nerfstudio/04af0ab109bd4f058cd0203643403004/splatfacto/nerfstudio_models/step-000010001.ckpt,128,61197,,,
04b08c7898a24365a5c00c776bf7813d,processed,,512,/project/ricky/splatformer-data-new/train-set/objaverse/512/colmap/04b08c7898a24365a5c00c776bf7813d/images,/project/ricky/splatformer-data-new/train-set/objaverse/512/nerfstudio/04b08c7898a24365a5c00c776bf7813d/splatfacto/nerfstudio_models/step-000010001.ckpt,128,66386,,,
04b08c7898a24365a5c00c776bf7813d,processed,,128,/project/ricky/splatformer-data-new/train-set/objaverse/128/colmap/04b08c7898a24365a5c00c776bf7813d/images,/project/ricky/splatformer-data-new/train-set/objaverse/128/nerfstudio/04b08c7898a24365a5c00c776bf7813d/splatfacto/nerfstudio_models/step-000010001.ckpt,128,4934,,,
04b1c35209a44cf8acbc9bd08ae7195e,processed,,512,/project/ricky/splatformer-data-new/train-set/objaverse/512/colmap/04b1c35209a44cf8acbc9bd08ae7195e/images,/project/ricky/splatformer-data-new/train-set/objaverse/512/nerfstudio/04b1c35209a44cf8acbc9bd08ae7195e/splatfacto/nerfstudio_models/step-000010001.ckpt,128,22652,,,
04b1c35209a44cf8acbc9bd08ae7195e,processed,,128,/project/ricky/splatformer-data-new/train-set/objaverse/128/colmap/04b1c35209a44cf8acbc9bd08ae7195e/images,/project/ricky/splatformer-data-new/train-set/objaverse/128/nerfstudio/04b1c35209a44cf8acbc9bd08ae7195e/splatfacto/nerfstudio_models/step-000010001.ckpt,128,34310,,,
04b2620da5b341f88b332a49a89f5ad3,processed,,512,/project/ricky/splatformer-data-new/train-set/objaverse/512/colmap/04b2620da5b341f88b332a49a89f5ad3/images,/project/ricky/splatformer-data-new/train-set/objaverse/512/nerfstudio/04b2620da5b341f88b332a49a89f5ad3/splatfacto/nerfstudio_models/step-000010001.ckpt,128,68566,,,
04b2620da5b341f88b332a49a89f5ad3,processed,,128,/project/ricky/splatformer-data-new/train-set/objaverse/128/colmap/04b2620da5b341f88b332a49a89f5ad3/images,/project/ricky/splatformer-data-new/train-set/objaverse/128/nerfstudio/04b2620da5b341f88b332a49a89f5ad3/splatfacto/nerfstudio_models/step-000010001.ckpt,128,58283,,,
04b2d68ff02445cc9f69c77eb58133cc,processed,,512,/project/ricky/splatformer-data-new/train-set/objaverse/512/colmap/04b2d68ff02445cc9f69c77eb58133cc/images,/project/ricky/splatformer-data-new/train-set/objaverse/512/nerfstudio/04b2d68ff02445cc9f69c77eb58133cc/splatfacto/nerfstudio_models/step-000010001.ckpt,128,42953,,,
04b2d68ff02445cc9f69c77eb58133cc,processed,,128,/project/ricky/splatformer-data-new/train-set/objaverse/128/colmap/04b2d68ff02445cc9f69c77eb58133cc/images,/project/ricky/splatformer-data-new/train-set/objaverse/128/nerfstudio/04b2d68ff02445cc9f69c77eb58133cc/splatfacto/nerfstudio_models/step-000010001.ckpt,128,68416,,,
04b574121c074923bdf4b4ecd9dc72fd,processed,,512,/project/ricky/splatformer-data-new/train-set/objaverse/512/colmap/04b574121c074923bdf4b4ecd9dc72fd/images,/project/ricky/splatformer-data-new/train-set/objaverse/512/nerfstudio/04b574121c074923bdf4b4ecd9dc72fd/splatfacto/nerfstudio_models/step-000010001.ckpt,128,33714,,,
04b574121c074923bdf4b4ecd9dc72fd,processed,,128,/project/ricky/splatformer-data-new/train-set/objaverse/128/colmap/04b574121c074923bdf4b4ecd9dc72fd/images,/project/ricky/splatformer-data-new/train-set/objaverse/128/nerfstudio/04b574121c074923bdf4b4ecd9dc72fd/splatfacto/nerfstudio_models/step-000010001.ckpt,128,38426,,,
04c1cd8da22c49499c9dd54360512d1a,processed,,512,/project/ricky/splatformer-data-new/train-set/objaverse/512/colmap/04c1cd8da22c49499c9dd54360512d1a/images,/project/ricky/splatformer-data-new/train-set/objaverse/512/nerfstudio/04c1cd8da22c49499c9dd54360512d1a/splatfacto/nerfstudio_models/step-000010001.ckpt,128,39033,,,
04c1cd8da22c49499c9dd54360512d1a,processed,,128,/project/ricky/splatformer-data-new/train-set/objaverse/128/colmap/04c1cd8da22c49499c9dd54360512d1a/images,/project/ricky/splatformer-data-new/train-set/objaverse/128/nerfstudio/04c1cd8da22c49499c9dd54360512d1a/splatfacto/nerfstudio_models/step-000010001.ckpt,128,28067,,,
04c385a1c90744efada4eeda5c142892,processed,,512,/project/ricky/splatformer-data-new/train-set/objaverse/512/colmap/04c385a1c90744efada4eeda5c142892/images,/project/ricky/splatformer-data-new/train-set/objaverse/512/nerfstudio/04c385a1c90744efada4eeda5c142892/splatfacto/nerfstudio_models/step-000010001.ckpt,128,86081,,,
04c385a1c90744efada4eeda5c142892,processed,,128,/project/ricky/splatformer-data-new/train-set/objaverse/128/colmap/04c385a1c90744efada4eeda5c142892/images,/project/ricky/splatformer-data-new/train-set/objaverse/128/nerfstudio/04c385a1c90744efada4eeda5c142892/splatfacto/nerfstudio_models/step-000010001.ckpt,128,39283,,,
04c6573e611e49e992d42aba1cdaee70,processed,,512,/project/ricky/splatformer-data-new/train-set/objaverse/512/colmap/04c6573e611e49e992d42aba1cdaee70/images,/project/ricky/splatformer-data-new/train-set/objaverse/512/nerfstudio/04c6573e611e49e992d42aba1cdaee70/splatfacto/nerfstudio_models/step-000010001.ckpt,128,101272,,,
04c6573e611e49e992d42aba1cdaee70,processed,,128,/project/ricky/splatformer-data-new/train-set/objaverse/128/colmap/04c6573e611e49e992d42aba1cdaee70/images,/project/ricky/splatformer-data-new/train-set/objaverse/128/nerfstudio/04c6573e611e49e992d42aba1cdaee70/splatfacto/nerfstudio_models/step-000010001.ckpt,128,40474,,,
04c821416a6e43a19b49eace7ab5c1c6,processed,,512,/project/ricky/splatformer-data-new/train-set/objaverse/512/colmap/04c821416a6e43a19b49eace7ab5c1c6/images,/project/ricky/splatformer-data-new/train-set/objaverse/512/nerfstudio/04c821416a6e43a19b49eace7ab5c1c6/splatfacto/nerfstudio_models/step-000010001.ckpt,128,24962,,,
04c821416a6e43a19b49eace7ab5c1c6,processed,,128,/project/ricky/splatformer-data-new/train-set/objaverse/128/colmap/04c821416a6e43a19b49eace7ab5c1c6/images,/project/ricky/splatformer-data-new/train-set/objaverse/128/nerfstudio/04c821416a6e43a19b49eace7ab5c1c6/splatfacto/nerfstudio_models/step-000010001.ckpt,128,28146,,,
04c84f9d70c74abfaffe56f2b03cb5e6,processed,,512,/project/ricky/splatformer-data-new/train-set/objaverse/512/colmap/04c84f9d70c74abfaffe56f2b03cb5e6/images,/project/ricky/splatformer-data-new/train-set/objaverse/512/nerfstudio/04c84f9d70c74abfaffe56f2b03cb5e6/splatfacto/nerfstudio_models/step-000010001.ckpt,128,66805,,,
04c84f9d70c74abfaffe56f2b03cb5e6,processed,,128,/project/ricky/splatformer-data-new/train-set/objaverse/128/colmap/04c84f9d70c74abfaffe56f2b03cb5e6/images,/project/ricky/splatformer-data-new/train-set/objaverse/128/nerfstudio/04c84f9d70c74abfaffe56f2b03cb5e6/splatfacto/nerfstudio_models/step-000010001.ckpt,128,64816,,,
04c8bded2f7848ec8813fbeb32dd18c1,processed,,512,/project/ricky/splatformer-data-new/train-set/objaverse/512/colmap/04c8bded2f7848ec8813fbeb32dd18c1/images,/project/ricky/splatformer-data-new/train-set/objaverse/512/nerfstudio/04c8bded2f7848ec8813fbeb32dd18c1/splatfacto/nerfstudio_models/step-000010001.ckpt,128,87247,,,
04c8bded2f7848ec8813fbeb32dd18c1,processed,,128,/project/ricky/splatformer-data-new/train-set/objaverse/128/colmap/04c8bded2f7848ec8813fbeb32dd18c1/images,/project/ricky/splatformer-data-new/train-set/objaverse/128/nerfstudio/04c8bded2f7848ec8813fbeb32dd18c1/splatfacto/nerfstudio_models/step-000010001.ckpt,128,61420,,,
04cb9d564bdd47afaa9828c5205c1ddf,processed,,512,/project/ricky/splatformer-data-new/train-set/objaverse/512/colmap/04cb9d564bdd47afaa9828c5205c1ddf/images,/project/ricky/splatformer-data-new/train-set/objaverse/512/nerfstudio/04cb9d564bdd47afaa9828c5205c1ddf/splatfacto/nerfstudio_models/step-000010001.ckpt,128,55800,,,
04cb9d564bdd47afaa9828c5205c1ddf,processed,,128,/project/ricky/splatformer-data-new/train-set/objaverse/128/colmap/04cb9d564bdd47afaa9828c5205c1ddf/images,/project/ricky/splatformer-data-new/train-set/objaverse/128/nerfstudio/04cb9d564bdd47afaa9828c5205c1ddf/splatfacto/nerfstudio_models/step-000010001.ckpt,128,44672,,,
04ce92ee79f743ecaf863fe73cd0ccb3,processed,,512,/project/ricky/splatformer-data-new/train-set/objaverse/512/colmap/04ce92ee79f743ecaf863fe73cd0ccb3/images,/project/ricky/splatformer-data-new/train-set/objaverse/512/nerfstudio/04ce92ee79f743ecaf863fe73cd0ccb3/splatfacto/nerfstudio_models/step-000010001.ckpt,128,25021,,,
04ce92ee79f743ecaf863fe73cd0ccb3,processed,,128,/project/ricky/splatformer-data-new/train-set/objaverse/128/colmap/04ce92ee79f743ecaf863fe73cd0ccb3/images,/project/ricky/splatformer-data-new/train-set/objaverse/128/nerfstudio/04ce92ee79f743ecaf863fe73cd0ccb3/splatfacto/nerfstudio_models/step-000010001.ckpt,128,4745,,,
04d028f8642c4c4c832651ece5672e77,processed,,512,/project/ricky/splatformer-data-new/train-set/objaverse/512/colmap/04d028f8642c4c4c832651ece5672e77/images,/project/ricky/splatformer-data-new/train-set/objaverse/512/nerfstudio/04d028f8642c4c4c832651ece5672e77/splatfacto/nerfstudio_models/step-000010001.ckpt,128,120279,,,
04d028f8642c4c4c832651ece5672e77,processed,,128,/project/ricky/splatformer-data-new/train-set/objaverse/128/colmap/04d028f8642c4c4c832651ece5672e77/images,/project/ricky/splatformer-data-new/train-set/objaverse/128/nerfstudio/04d028f8642c4c4c832651ece5672e77/splatfacto/nerfstudio_models/step-000010001.ckpt,128,35713,,,
04d03ea5cb5b4118a0d7e2ff264c38c7,processed,,512,/project/ricky/splatformer-data-new/train-set/objaverse/512/colmap/04d03ea5cb5b4118a0d7e2ff264c38c7/images,/project/ricky/splatformer-data-new/train-set/objaverse/512/nerfstudio/04d03ea5cb5b4118a0d7e2ff264c38c7/splatfacto/nerfstudio_models/step-000010001.ckpt,128,115981,,,
04d03ea5cb5b4118a0d7e2ff264c38c7,processed,,128,/project/ricky/splatformer-data-new/train-set/objaverse/128/colmap/04d03ea5cb5b4118a0d7e2ff264c38c7/images,/project/ricky/splatformer-data-new/train-set/objaverse/128/nerfstudio/04d03ea5cb5b4118a0d7e2ff264c38c7/splatfacto/nerfstudio_models/step-000010001.ckpt,128,106081,,,
04d33bea4758496da40d9c601bae1ac2,processed,,512,/project/ricky/splatformer-data-new/train-set/objaverse/512/colmap/04d33bea4758496da40d9c601bae1ac2/images,/project/ricky/splatformer-data-new/train-set/objaverse/512/nerfstudio/04d33bea4758496da40d9c601bae1ac2/splatfacto/nerfstudio_models/step-000010001.ckpt,128,157497,,,
04d33bea4758496da40d9c601bae1ac2,processed,,128,/project/ricky/splatformer-data-new/train-set/objaverse/128/colmap/04d33bea4758496da40d9c601bae1ac2/images,/project/ricky/splatformer-data-new/train-set/objaverse/128/nerfstudio/04d33bea4758496da40d9c601bae1ac2/splatfacto/nerfstudio_models/step-000010001.ckpt,128,70465,,,
04d6b51a2f79448397f495b3cded36a2,processed,,512,/project/ricky/splatformer-data-new/train-set/objaverse/512/colmap/04d6b51a2f79448397f495b3cded36a2/images,/project/ricky/splatformer-data-new/train-set/objaverse/512/nerfstudio/04d6b51a2f79448397f495b3cded36a2/splatfacto/nerfstudio_models/step-000010001.ckpt,128,70612,,,
04d6b51a2f79448397f495b3cded36a2,processed,,128,/project/ricky/splatformer-data-new/train-set/objaverse/128/colmap/04d6b51a2f79448397f495b3cded36a2/images,/project/ricky/splatformer-data-new/train-set/objaverse/128/nerfstudio/04d6b51a2f79448397f495b3cded36a2/splatfacto/nerfstudio_models/step-000010001.ckpt,128,42458,,,
04d7bba2c0084716b74f3767218a0d06,processed,,512,/project/ricky/splatformer-data-new/train-set/objaverse/512/colmap/04d7bba2c0084716b74f3767218a0d06/images,/project/ricky/splatformer-data-new/train-set/objaverse/512/nerfstudio/04d7bba2c0084716b74f3767218a0d06/splatfacto/nerfstudio_models/step-000010001.ckpt,128,53188,,,
04d7bba2c0084716b74f3767218a0d06,processed,,128,/project/ricky/splatformer-data-new/train-set/objaverse/128/colmap/04d7bba2c0084716b74f3767218a0d06/images,/project/ricky/splatformer-data-new/train-set/objaverse/128/nerfstudio/04d7bba2c0084716b74f3767218a0d06/splatfacto/nerfstudio_models/step-000010001.ckpt,128,49160,,,
04dd31c59e314d6590f73798f4a56adc,processed,,512,/project/ricky/splatformer-data-new/train-set/objaverse/512/colmap/04dd31c59e314d6590f73798f4a56adc/images,/project/ricky/splatformer-data-new/train-set/objaverse/512/nerfstudio/04dd31c59e314d6590f73798f4a56adc/splatfacto/nerfstudio_models/step-000010001.ckpt,128,37335,,,
04dd31c59e314d6590f73798f4a56adc,processed,,128,/project/ricky/splatformer-data-new/train-set/objaverse/128/colmap/04dd31c59e314d6590f73798f4a56adc/images,/project/ricky/splatformer-data-new/train-set/objaverse/128/nerfstudio/04dd31c59e314d6590f73798f4a56adc/splatfacto/nerfstudio_models/step-000010001.ckpt,128,25121,,,
04de702dff1044808b726b80a3810e5b,processed,,512,/project/ricky/splatformer-data-new/train-set/objaverse/512/colmap/04de702dff1044808b726b80a3810e5b/images,/project/ricky/splatformer-data-new/train-set/objaverse/512/nerfstudio/04de702dff1044808b726b80a3810e5b/splatfacto/nerfstudio_models/step-000010001.ckpt,128,18394,,,
04de702dff1044808b726b80a3810e5b,processed,,128,/project/ricky/splatformer-data-new/train-set/objaverse/128/colmap/04de702dff1044808b726b80a3810e5b/images,/project/ricky/splatformer-data-new/train-set/objaverse/128/nerfstudio/04de702dff1044808b726b80a3810e5b/splatfacto/nerfstudio_models/step-000010001.ckpt,128,14279,,,
04e2382ea26c45b58352eb673fbb6f5e,processed,,512,/project/ricky/splatformer-data-new/train-set/objaverse/512/colmap/04e2382ea26c45b58352eb673fbb6f5e/images,/project/ricky/splatformer-data-new/train-set/objaverse/512/nerfstudio/04e2382ea26c45b58352eb673fbb6f5e/splatfacto/nerfstudio_models/step-000010001.ckpt,128,36064,,,
04e2382ea26c45b58352eb673fbb6f5e,processed,,128,/project/ricky/splatformer-data-new/train-set/objaverse/128/colmap/04e2382ea26c45b58352eb673fbb6f5e/images,/project/ricky/splatformer-data-new/train-set/objaverse/128/nerfstudio/04e2382ea26c45b58352eb673fbb6f5e/splatfacto/nerfstudio_models/step-000010001.ckpt,128,35702,,,
04e27cc7a05b4a63a32ca213fcb94de1,processed,,512,/project/ricky/splatformer-data-new/train-set/objaverse/512/colmap/04e27cc7a05b4a63a32ca213fcb94de1/images,/project/ricky/splatformer-data-new/train-set/objaverse/512/nerfstudio/04e27cc7a05b4a63a32ca213fcb94de1/splatfacto/nerfstudio_models/step-000010001.ckpt,128,98290,,,
04e27cc7a05b4a63a32ca213fcb94de1,processed,,128,/project/ricky/splatformer-data-new/train-set/objaverse/128/colmap/04e27cc7a05b4a63a32ca213fcb94de1/images,/project/ricky/splatformer-data-new/train-set/objaverse/128/nerfstudio/04e27cc7a05b4a63a32ca213fcb94de1/splatfacto/nerfstudio_models/step-000010001.ckpt,128,76292,,,
04e3b4e2c3c14b648a1b9fa521fa4e51,processed,,512,/project/ricky/splatformer-data-new/train-set/objaverse/512/colmap/04e3b4e2c3c14b648a1b9fa521fa4e51/images,/project/ricky/splatformer-data-new/train-set/objaverse/512/nerfstudio/04e3b4e2c3c14b648a1b9fa521fa4e51/splatfacto/nerfstudio_models/step-000010001.ckpt,128,72618,,,
04e3b4e2c3c14b648a1b9fa521fa4e51,processed,,128,/project/ricky/splatformer-data-new/train-set/objaverse/128/colmap/04e3b4e2c3c14b648a1b9fa521fa4e51/images,/project/ricky/splatformer-data-new/train-set/objaverse/128/nerfstudio/04e3b4e2c3c14b648a1b9fa521fa4e51/splatfacto/nerfstudio_models/step-000010001.ckpt,128,47969,,,
04e54a9a52e240afb707fa55d19f7bb5,processed,,512,/project/ricky/splatformer-data-new/train-set/objaverse/512/colmap/04e54a9a52e240afb707fa55d19f7bb5/images,/project/ricky/splatformer-data-new/train-set/objaverse/512/nerfstudio/04e54a9a52e240afb707fa55d19f7bb5/splatfacto/nerfstudio_models/step-000010001.ckpt,128,98512,,,
04e54a9a52e240afb707fa55d19f7bb5,processed,,128,/project/ricky/splatformer-data-new/train-set/objaverse/128/colmap/04e54a9a52e240afb707fa55d19f7bb5/images,/project/ricky/splatformer-data-new/train-set/objaverse/128/nerfstudio/04e54a9a52e240afb707fa55d19f7bb5/splatfacto/nerfstudio_models/step-000010001.ckpt,128,63182,,,
04e631816c61407097660d63b8bec9c1,processed,,512,/project/ricky/splatformer-data-new/train-set/objaverse/512/colmap/04e631816c61407097660d63b8bec9c1/images,/project/ricky/splatformer-data-new/train-set/objaverse/512/nerfstudio/04e631816c61407097660d63b8bec9c1/splatfacto/nerfstudio_models/step-000010001.ckpt,128,82240,,,
04e631816c61407097660d63b8bec9c1,processed,,128,/project/ricky/splatformer-data-new/train-set/objaverse/128/colmap/04e631816c61407097660d63b8bec9c1/images,/project/ricky/splatformer-data-new/train-set/objaverse/128/nerfstudio/04e631816c61407097660d63b8bec9c1/splatfacto/nerfstudio_models/step-000010001.ckpt,128,91902,,,
04ebd70686eb44ffbfda7ced54fd8f79,processed,,512,/project/ricky/splatformer-data-new/train-set/objaverse/512/colmap/04ebd70686eb44ffbfda7ced54fd8f79/images,/project/ricky/splatformer-data-new/train-set/objaverse/512/nerfstudio/04ebd70686eb44ffbfda7ced54fd8f79/splatfacto/nerfstudio_models/step-000010001.ckpt,128,130272,,,
04ebd70686eb44ffbfda7ced54fd8f79,processed,,128,/project/ricky/splatformer-data-new/train-set/objaverse/128/colmap/04ebd70686eb44ffbfda7ced54fd8f79/images,/project/ricky/splatformer-data-new/train-set/objaverse/128/nerfstudio/04ebd70686eb44ffbfda7ced54fd8f79/splatfacto/nerfstudio_models/step-000010001.ckpt,128,58668,,,
04f24fbb71ea4d0ca051223ec51e689b,processed,,512,/project/ricky/splatformer-data-new/train-set/objaverse/512/colmap/04f24fbb71ea4d0ca051223ec51e689b/images,/project/ricky/splatformer-data-new/train-set/objaverse/512/nerfstudio/04f24fbb71ea4d0ca051223ec51e689b/splatfacto/nerfstudio_models/step-000010001.ckpt,128,42852,,,
04f24fbb71ea4d0ca051223ec51e689b,processed,,128,/project/ricky/splatformer-data-new/train-set/objaverse/128/colmap/04f24fbb71ea4d0ca051223ec51e689b/images,/project/ricky/splatformer-data-new/train-set/objaverse/128/nerfstudio/04f24fbb71ea4d0ca051223ec51e689b/splatfacto/nerfstudio_models/step-000010001.ckpt,128,42492,,,
04fa4ba0b3234a4699651f9ef0dd6083,processed,,512,/project/ricky/splatformer-data-new/train-set/objaverse/512/colmap/04fa4ba0b3234a4699651f9ef0dd6083/images,/project/ricky/splatformer-data-new/train-set/objaverse/512/nerfstudio/04fa4ba0b3234a4699651f9ef0dd6083/splatfacto/nerfstudio_models/step-000010001.ckpt,128,68423,,,
04fa4ba0b3234a4699651f9ef0dd6083,processed,,128,/project/ricky/splatformer-data-new/train-set/objaverse/128/colmap/04fa4ba0b3234a4699651f9ef0dd6083/images,/project/ricky/splatformer-data-new/train-set/objaverse/128/nerfstudio/04fa4ba0b3234a4699651f9ef0dd6083/splatfacto/nerfstudio_models/step-000010001.ckpt,128,63390,,,
04fb448fac2047f796200a6279b19dcd,processed,,512,/project/ricky/splatformer-data-new/train-set/objaverse/512/colmap/04fb448fac2047f796200a6279b19dcd/images,/project/ricky/splatformer-data-new/train-set/objaverse/512/nerfstudio/04fb448fac2047f796200a6279b19dcd/splatfacto/nerfstudio_models/step-000010001.ckpt,128,65754,,,
04fb448fac2047f796200a6279b19dcd,processed,,128,/project/ricky/splatformer-data-new/train-set/objaverse/128/colmap/04fb448fac2047f796200a6279b19dcd/images,/project/ricky/splatformer-data-new/train-set/objaverse/128/nerfstudio/04fb448fac2047f796200a6279b19dcd/splatfacto/nerfstudio_models/step-000010001.ckpt,128,32453,,,
04fce92d0d524b5cb83551b8d3f6d092,processed,,512,/project/ricky/splatformer-data-new/train-set/objaverse/512/colmap/04fce92d0d524b5cb83551b8d3f6d092/images,/project/ricky/splatformer-data-new/train-set/objaverse/512/nerfstudio/04fce92d0d524b5cb83551b8d3f6d092/splatfacto/nerfstudio_models/step-000010001.ckpt,128,43897,,,
04fce92d0d524b5cb83551b8d3f6d092,processed,,128,/project/ricky/splatformer-data-new/train-set/objaverse/128/colmap/04fce92d0d524b5cb83551b8d3f6d092/images,/project/ricky/splatformer-data-new/train-set/objaverse/128/nerfstudio/04fce92d0d524b5cb83551b8d3f6d092/splatfacto/nerfstudio_models/step-000010001.ckpt,128,40640,,,
04fef85801da408aa9221423b1f79d21,processed,,512,/project/ricky/splatformer-data-new/train-set/objaverse/512/colmap/04fef85801da408aa9221423b1f79d21/images,/project/ricky/splatformer-data-new/train-set/objaverse/512/nerfstudio/04fef85801da408aa9221423b1f79d21/splatfacto/nerfstudio_models/step-000010001.ckpt,128,61026,,,
04fef85801da408aa9221423b1f79d21,processed,,128,/project/ricky/splatformer-data-new/train-set/objaverse/128/colmap/04fef85801da408aa9221423b1f79d21/images,/project/ricky/splatformer-data-new/train-set/objaverse/128/nerfstudio/04fef85801da408aa9221423b1f79d21/splatfacto/nerfstudio_models/step-000010001.ckpt,128,23178,,,
04ff402f922f4e80b8d855c9374035d4,processed,,512,/project/ricky/splatformer-data-new/train-set/objaverse/512/colmap/04ff402f922f4e80b8d855c9374035d4/images,/project/ricky/splatformer-data-new/train-set/objaverse/512/nerfstudio/04ff402f922f4e80b8d855c9374035d4/splatfacto/nerfstudio_models/step-000010001.ckpt,128,94602,,,
04ff402f922f4e80b8d855c9374035d4,processed,,128,/project/ricky/splatformer-data-new/train-set/objaverse/128/colmap/04ff402f922f4e80b8d855c9374035d4/images,/project/ricky/splatformer-data-new/train-set/objaverse/128/nerfstudio/04ff402f922f4e80b8d855c9374035d4/splatfacto/nerfstudio_models/step-000010001.ckpt,128,28609,,,
05006247e7334ab8971a4c5fc9e6f5d3,processed,,512,/project/ricky/splatformer-data-new/train-set/objaverse/512/colmap/05006247e7334ab8971a4c5fc9e6f5d3/images,/project/ricky/splatformer-data-new/train-set/objaverse/512/nerfstudio/05006247e7334ab8971a4c5fc9e6f5d3/splatfacto/nerfstudio_models/step-000010001.ckpt,128,14161,,,
05006247e7334ab8971a4c5fc9e6f5d3,processed,,128,/project/ricky/splatformer-data-new/train-set/objaverse/128/colmap/05006247e7334ab8971a4c5fc9e6f5d3/images,/project/ricky/splatformer-data-new/train-set/objaverse/128/nerfstudio/05006247e7334ab8971a4c5fc9e6f5d3/splatfacto/nerfstudio_models/step-000010001.ckpt,128,8569,,,
05035de0513a4044841f1675d0ee434a,processed,,512,/project/ricky/splatformer-data-new/train-set/objaverse/512/colmap/05035de0513a4044841f1675d0ee434a/images,/project/ricky/splatformer-data-new/train-set/objaverse/512/nerfstudio/05035de0513a4044841f1675d0ee434a/splatfacto/nerfstudio_models/step-000010001.ckpt,128,95885,,,
05035de0513a4044841f1675d0ee434a,processed,,128,/project/ricky/splatformer-data-new/train-set/objaverse/128/colmap/05035de0513a4044841f1675d0ee434a/images,/project/ricky/splatformer-data-new/train-set/objaverse/128/nerfstudio/05035de0513a4044841f1675d0ee434a/splatfacto/nerfstudio_models/step-000010001.ckpt,128,46494,,,
05054661f36a4f5cbb684d1cdc968711,processed,,512,/project/ricky/splatformer-data-new/train-set/objaverse/512/colmap/05054661f36a4f5cbb684d1cdc968711/images,/project/ricky/splatformer-data-new/train-set/objaverse/512/nerfstudio/05054661f36a4f5cbb684d1cdc968711/splatfacto/nerfstudio_models/step-000010001.ckpt,128,44876,,,
05054661f36a4f5cbb684d1cdc968711,processed,,128,/project/ricky/splatformer-data-new/train-set/objaverse/128/colmap/05054661f36a4f5cbb684d1cdc968711/images,/project/ricky/splatformer-data-new/train-set/objaverse/128/nerfstudio/05054661f36a4f5cbb684d1cdc968711/splatfacto/nerfstudio_models/step-000010001.ckpt,128,23958,,,
050644bb96b14cfd9bb9da52469dd96d,processed,,512,/project/ricky/splatformer-data-new/train-set/objaverse/512/colmap/050644bb96b14cfd9bb9da52469dd96d/images,/project/ricky/splatformer-data-new/train-set/objaverse/512/nerfstudio/050644bb96b14cfd9bb9da52469dd96d/splatfacto/nerfstudio_models/step-000010001.ckpt,128,39506,,,
050644bb96b14cfd9bb9da52469dd96d,processed,,128,/project/ricky/splatformer-data-new/train-set/objaverse/128/colmap/050644bb96b14cfd9bb9da52469dd96d/images,/project/ricky/splatformer-data-new/train-set/objaverse/128/nerfstudio/050644bb96b14cfd9bb9da52469dd96d/splatfacto/nerfstudio_models/step-000010001.ckpt,128,25231,,,
050849c3ab5a4423b6c701e5013196da,processed,,512,/project/ricky/splatformer-data-new/train-set/objaverse/512/colmap/050849c3ab5a4423b6c701e5013196da/images,/project/ricky/splatformer-data-new/train-set/objaverse/512/nerfstudio/050849c3ab5a4423b6c701e5013196da/splatfacto/nerfstudio_models/step-000010001.ckpt,128,153100,,,
050849c3ab5a4423b6c701e5013196da,processed,,128,/project/ricky/splatformer-data-new/train-set/objaverse/128/colmap/050849c3ab5a4423b6c701e5013196da/images,/project/ricky/splatformer-data-new/train-set/objaverse/128/nerfstudio/050849c3ab5a4423b6c701e5013196da/splatfacto/nerfstudio_models/step-000010001.ckpt,128,49308,,,
05092bf68a4d4c02a0f634aa32bc18c8,processed,,512,/project/ricky/splatformer-data-new/train-set/objaverse/512/colmap/05092bf68a4d4c02a0f634aa32bc18c8/images,/project/ricky/splatformer-data-new/train-set/objaverse/512/nerfstudio/05092bf68a4d4c02a0f634aa32bc18c8/splatfacto/nerfstudio_models/step-000010001.ckpt,128,46981,,,
05092bf68a4d4c02a0f634aa32bc18c8,processed,,128,/project/ricky/splatformer-data-new/train-set/objaverse/128/colmap/05092bf68a4d4c02a0f634aa32bc18c8/images,/project/ricky/splatformer-data-new/train-set/objaverse/128/nerfstudio/05092bf68a4d4c02a0f634aa32bc18c8/splatfacto/nerfstudio_models/step-000010001.ckpt,128,17984,,,
050a0538cad54791925f9b795404d18a,processed,,512,/project/ricky/splatformer-data-new/train-set/objaverse/512/colmap/050a0538cad54791925f9b795404d18a/images,/project/ricky/splatformer-data-new/train-set/objaverse/512/nerfstudio/050a0538cad54791925f9b795404d18a/splatfacto/nerfstudio_models/step-000010001.ckpt,128,33049,,,
050a0538cad54791925f9b795404d18a,processed,,128,/project/ricky/splatformer-data-new/train-set/objaverse/128/colmap/050a0538cad54791925f9b795404d18a/images,/project/ricky/splatformer-data-new/train-set/objaverse/128/nerfstudio/050a0538cad54791925f9b795404d18a/splatfacto/nerfstudio_models/step-000010001.ckpt,128,26845,,,
050aa3d02b3b4f9694e4c965a6c9947d,processed,,512,/project/ricky/splatformer-data-new/train-set/objaverse/512/colmap/050aa3d02b3b4f9694e4c965a6c9947d/images,/project/ricky/splatformer-data-new/train-set/objaverse/512/nerfstudio/050aa3d02b3b4f9694e4c965a6c9947d/splatfacto/nerfstudio_models/step-000010001.ckpt,128,57485,,,
050aa3d02b3b4f9694e4c965a6c9947d,processed,,128,/project/ricky/splatformer-data-new/train-set/objaverse/128/colmap/050aa3d02b3b4f9694e4c965a6c9947d/images,/project/ricky/splatformer-data-new/train-set/objaverse/128/nerfstudio/050aa3d02b3b4f9694e4c965a6c9947d/splatfacto/nerfstudio_models/step-000010001.ckpt,128,41460,,,
050cf0788afa4f7b903974dc06cf40ca,processed,,512,/project/ricky/splatformer-data-new/train-set/objaverse/512/colmap/050cf0788afa4f7b903974dc06cf40ca/images,/project/ricky/splatformer-data-new/train-set/objaverse/512/nerfstudio/050cf0788afa4f7b903974dc06cf40ca/splatfacto/nerfstudio_models/step-000010001.ckpt,128,38995,,,
050cf0788afa4f7b903974dc06cf40ca,processed,,128,/project/ricky/splatformer-data-new/train-set/objaverse/128/colmap/050cf0788afa4f7b903974dc06cf40ca/images,/project/ricky/splatformer-data-new/train-set/objaverse/128/nerfstudio/050cf0788afa4f7b903974dc06cf40ca/splatfacto/nerfstudio_models/step-000010001.ckpt,128,38296,,,
050e16e18feb4ac4b2ce5235141c97e6,processed,,512,/project/ricky/splatformer-data-new/train-set/objaverse/512/colmap/050e16e18feb4ac4b2ce5235141c97e6/images,/project/ricky/splatformer-data-new/train-set/objaverse/512/nerfstudio/050e16e18feb4ac4b2ce5235141c97e6/splatfacto/nerfstudio_models/step-000010001.ckpt,128,81998,,,
050e16e18feb4ac4b2ce5235141c97e6,processed,,128,/project/ricky/splatformer-data-new/train-set/objaverse/128/colmap/050e16e18feb4ac4b2ce5235141c97e6/images,/project/ricky/splatformer-data-new/train-set/objaverse/128/nerfstudio/050e16e18feb4ac4b2ce5235141c97e6/splatfacto/nerfstudio_models/step-000010001.ckpt,128,47995,,,
051349ae774f471386fdff20593adb06,processed,,512,/project/ricky/splatformer-data-new/train-set/objaverse/512/colmap/051349ae774f471386fdff20593adb06/images,/project/ricky/splatformer-data-new/train-set/objaverse/512/nerfstudio/051349ae774f471386fdff20593adb06/splatfacto/nerfstudio_models/step-000010001.ckpt,128,73818,,,
051349ae774f471386fdff20593adb06,processed,,128,/project/ricky/splatformer-data-new/train-set/objaverse/128/colmap/051349ae774f471386fdff20593adb06/images,/project/ricky/splatformer-data-new/train-set/objaverse/128/nerfstudio/051349ae774f471386fdff20593adb06/splatfacto/nerfstudio_models/step-000010001.ckpt,128,51006,,,
0514980cf7c542f9bf259f21e6944bfb,processed,,512,/project/ricky/splatformer-data-new/train-set/objaverse/512/colmap/0514980cf7c542f9bf259f21e6944bfb/images,/project/ricky/splatformer-data-new/train-set/objaverse/512/nerfstudio/0514980cf7c542f9bf259f21e6944bfb/splatfacto/nerfstudio_models/step-000010001.ckpt,128,15082,,,
0514980cf7c542f9bf259f21e6944bfb,processed,,128,/project/ricky/splatformer-data-new/train-set/objaverse/128/colmap/0514980cf7c542f9bf259f21e6944bfb/images,/project/ricky/splatformer-data-new/train-set/objaverse/128/nerfstudio/0514980cf7c542f9bf259f21e6944bfb/splatfacto/nerfstudio_models/step-000010001.ckpt,128,21915,,,
051517c608f84a1b97db29b7f719dbdf,processed,,512,/project/ricky/splatformer-data-new/train-set/objaverse/512/colmap/051517c608f84a1b97db29b7f719dbdf/images,/project/ricky/splatformer-data-new/train-set/objaverse/512/nerfstudio/051517c608f84a1b97db29b7f719dbdf/splatfacto/nerfstudio_models/step-000010001.ckpt,128,33390,,,
051517c608f84a1b97db29b7f719dbdf,processed,,128,/project/ricky/splatformer-data-new/train-set/objaverse/128/colmap/051517c608f84a1b97db29b7f719dbdf/images,/project/ricky/splatformer-data-new/train-set/objaverse/128/nerfstudio/051517c608f84a1b97db29b7f719dbdf/splatfacto/nerfstudio_models/step-000010001.ckpt,128,21746,,,
051a9e11ed9a451895ca58a3642af0b3,processed,,512,/project/ricky/splatformer-data-new/train-set/objaverse/512/colmap/051a9e11ed9a451895ca58a3642af0b3/images,/project/ricky/splatformer-data-new/train-set/objaverse/512/nerfstudio/051a9e11ed9a451895ca58a3642af0b3/splatfacto/nerfstudio_models/step-000010001.ckpt,128,103740,,,
051a9e11ed9a451895ca58a3642af0b3,processed,,128,/project/ricky/splatformer-data-new/train-set/objaverse/128/colmap/051a9e11ed9a451895ca58a3642af0b3/images,/project/ricky/splatformer-data-new/train-set/objaverse/128/nerfstudio/051a9e11ed9a451895ca58a3642af0b3/splatfacto/nerfstudio_models/step-000010001.ckpt,128,94571,,,
051c5e7d6345412ca053f66b6ea056c0,processed,,512,/project/ricky/splatformer-data-new/train-set/objaverse/512/colmap/051c5e7d6345412ca053f66b6ea056c0/images,/project/ricky/splatformer-data-new/train-set/objaverse/512/nerfstudio/051c5e7d6345412ca053f66b6ea056c0/splatfacto/nerfstudio_models/step-000010001.ckpt,128,35225,,,
051c5e7d6345412ca053f66b6ea056c0,processed,,128,/project/ricky/splatformer-data-new/train-set/objaverse/128/colmap/051c5e7d6345412ca053f66b6ea056c0/images,/project/ricky/splatformer-data-new/train-set/objaverse/128/nerfstudio/051c5e7d6345412ca053f66b6ea056c0/splatfacto/nerfstudio_models/step-000010001.ckpt,128,7462,,,
05207faa853b446684d38b1a516d57f9,processed,,512,/project/ricky/splatformer-data-new/train-set/objaverse/512/colmap/05207faa853b446684d38b1a516d57f9/images,/project/ricky/splatformer-data-new/train-set/objaverse/512/nerfstudio/05207faa853b446684d38b1a516d57f9/splatfacto/nerfstudio_models/step-000010001.ckpt,128,75200,,,
05207faa853b446684d38b1a516d57f9,processed,,128,/project/ricky/splatformer-data-new/train-set/objaverse/128/colmap/05207faa853b446684d38b1a516d57f9/images,/project/ricky/splatformer-data-new/train-set/objaverse/128/nerfstudio/05207faa853b446684d38b1a516d57f9/splatfacto/nerfstudio_models/step-000010001.ckpt,128,22146,,,
0520f35a537a43e58062c46cf2ce2713,processed,,512,/project/ricky/splatformer-data-new/train-set/objaverse/512/colmap/0520f35a537a43e58062c46cf2ce2713/images,/project/ricky/splatformer-data-new/train-set/objaverse/512/nerfstudio/0520f35a537a43e58062c46cf2ce2713/splatfacto/nerfstudio_models/step-000010001.ckpt,128,76649,,,
0520f35a537a43e58062c46cf2ce2713,processed,,128,/project/ricky/splatformer-data-new/train-set/objaverse/128/colmap/0520f35a537a43e58062c46cf2ce2713/images,/project/ricky/splatformer-data-new/train-set/objaverse/128/nerfstudio/0520f35a537a43e58062c46cf2ce2713/splatfacto/nerfstudio_models/step-000010001.ckpt,128,30127,,,
05225c7d38ee40a9a7be5b1220c56de1,processed,,512,/project/ricky/splatformer-data-new/train-set/objaverse/512/colmap/05225c7d38ee40a9a7be5b1220c56de1/images,/project/ricky/splatformer-data-new/train-set/objaverse/512/nerfstudio/05225c7d38ee40a9a7be5b1220c56de1/splatfacto/nerfstudio_models/step-000010001.ckpt,128,110195,,,
05225c7d38ee40a9a7be5b1220c56de1,processed,,128,/project/ricky/splatformer-data-new/train-set/objaverse/128/colmap/05225c7d38ee40a9a7be5b1220c56de1/images,/project/ricky/splatformer-data-new/train-set/objaverse/128/nerfstudio/05225c7d38ee40a9a7be5b1220c56de1/splatfacto/nerfstudio_models/step-000010001.ckpt,128,42733,,,
0524f71e84084bfdaefa897206b80539,processed,,512,/project/ricky/splatformer-data-new/train-set/objaverse/512/colmap/0524f71e84084bfdaefa897206b80539/images,/project/ricky/splatformer-data-new/train-set/objaverse/512/nerfstudio/0524f71e84084bfdaefa897206b80539/splatfacto/nerfstudio_models/step-000010001.ckpt,128,46121,,,
0524f71e84084bfdaefa897206b80539,processed,,128,/project/ricky/splatformer-data-new/train-set/objaverse/128/colmap/0524f71e84084bfdaefa897206b80539/images,/project/ricky/splatformer-data-new/train-set/objaverse/128/nerfstudio/0524f71e84084bfdaefa897206b80539/splatfacto/nerfstudio_models/step-000010001.ckpt,128,61472,,,
052ba60148a542fdad971c51cdd46d51,processed,,512,/project/ricky/splatformer-data-new/train-set/objaverse/512/colmap/052ba60148a542fdad971c51cdd46d51/images,/project/ricky/splatformer-data-new/train-set/objaverse/512/nerfstudio/052ba60148a542fdad971c51cdd46d51/splatfacto/nerfstudio_models/step-000010001.ckpt,128,108218,,,
052ba60148a542fdad971c51cdd46d51,processed,,128,/project/ricky/splatformer-data-new/train-set/objaverse/128/colmap/052ba60148a542fdad971c51cdd46d51/images,/project/ricky/splatformer-data-new/train-set/objaverse/128/nerfstudio/052ba60148a542fdad971c51cdd46d51/splatfacto/nerfstudio_models/step-000010001.ckpt,128,29141,,,
052dad5c791b4c5fb2d398c57ec44b19,processed,,512,/project/ricky/splatformer-data-new/train-set/objaverse/512/colmap/052dad5c791b4c5fb2d398c57ec44b19/images,/project/ricky/splatformer-data-new/train-set/objaverse/512/nerfstudio/052dad5c791b4c5fb2d398c57ec44b19/splatfacto/nerfstudio_models/step-000010001.ckpt,128,28726,,,
052dad5c791b4c5fb2d398c57ec44b19,processed,,128,/project/ricky/splatformer-data-new/train-set/objaverse/128/colmap/052dad5c791b4c5fb2d398c57ec44b19/images,/project/ricky/splatformer-data-new/train-set/objaverse/128/nerfstudio/052dad5c791b4c5fb2d398c57ec44b19/splatfacto/nerfstudio_models/step-000010001.ckpt,128,19004,,,
052e743f165d49a2baaaaed601fa9db6,processed,,512,/project/ricky/splatformer-data-new/train-set/objaverse/512/colmap/052e743f165d49a2baaaaed601fa9db6/images,/project/ricky/splatformer-data-new/train-set/objaverse/512/nerfstudio/052e743f165d49a2baaaaed601fa9db6/splatfacto/nerfstudio_models/step-000010001.ckpt,128,93604,,,
052e743f165d49a2baaaaed601fa9db6,processed,,128,/project/ricky/splatformer-data-new/train-set/objaverse/128/colmap/052e743f165d49a2baaaaed601fa9db6/images,/project/ricky/splatformer-data-new/train-set/objaverse/128/nerfstudio/052e743f165d49a2baaaaed601fa9db6/splatfacto/nerfstudio_models/step-000010001.ckpt,128,73384,,,
0533249d075f49599fee9ba3a6396164,processed,,512,/project/ricky/splatformer-data-new/train-set/objaverse/512/colmap/0533249d075f49599fee9ba3a6396164/images,/project/ricky/splatformer-data-new/train-set/objaverse/512/nerfstudio/0533249d075f49599fee9ba3a6396164/splatfacto/nerfstudio_models/step-000010001.ckpt,128,128705,,,
0533249d075f49599fee9ba3a6396164,processed,,128,/project/ricky/splatformer-data-new/train-set/objaverse/128/colmap/0533249d075f49599fee9ba3a6396164/images,/project/ricky/splatformer-data-new/train-set/objaverse/128/nerfstudio/0533249d075f49599fee9ba3a6396164/splatfacto/nerfstudio_models/step-000010001.ckpt,128,78585,,,
05397dc7b6db4f84ab3a4ce6e63b6c0c,processed,,512,/project/ricky/splatformer-data-new/train-set/objaverse/512/colmap/05397dc7b6db4f84ab3a4ce6e63b6c0c/images,/project/ricky/splatformer-data-new/train-set/objaverse/512/nerfstudio/05397dc7b6db4f84ab3a4ce6e63b6c0c/splatfacto/nerfstudio_models/step-000010001.ckpt,128,33320,,,
05397dc7b6db4f84ab3a4ce6e63b6c0c,processed,,128,/project/ricky/splatformer-data-new/train-set/objaverse/128/colmap/05397dc7b6db4f84ab3a4ce6e63b6c0c/images,/project/ricky/splatformer-data-new/train-set/objaverse/128/nerfstudio/05397dc7b6db4f84ab3a4ce6e63b6c0c/splatfacto/nerfstudio_models/step-000010001.ckpt,128,30140,,,
05468c9432e743b7b7c22cd376af0dcd,processed,,512,/project/ricky/splatformer-data-new/train-set/objaverse/512/colmap/05468c9432e743b7b7c22cd376af0dcd/images,/project/ricky/splatformer-data-new/train-set/objaverse/512/nerfstudio/05468c9432e743b7b7c22cd376af0dcd/splatfacto/nerfstudio_models/step-000010001.ckpt,128,81297,,,
05468c9432e743b7b7c22cd376af0dcd,processed,,128,/project/ricky/splatformer-data-new/train-set/objaverse/128/colmap/05468c9432e743b7b7c22cd376af0dcd/images,/project/ricky/splatformer-data-new/train-set/objaverse/128/nerfstudio/05468c9432e743b7b7c22cd376af0dcd/splatfacto/nerfstudio_models/step-000010001.ckpt,128,59093,,,
0546f9b363cb4aba84521fdea8a86d56,processed,,512,/project/ricky/splatformer-data-new/train-set/objaverse/512/colmap/0546f9b363cb4aba84521fdea8a86d56/images,/project/ricky/splatformer-data-new/train-set/objaverse/512/nerfstudio/0546f9b363cb4aba84521fdea8a86d56/splatfacto/nerfstudio_models/step-000010001.ckpt,128,81489,,,
0546f9b363cb4aba84521fdea8a86d56,processed,,128,/project/ricky/splatformer-data-new/train-set/objaverse/128/colmap/0546f9b363cb4aba84521fdea8a86d56/images,/project/ricky/splatformer-data-new/train-set/objaverse/128/nerfstudio/0546f9b363cb4aba84521fdea8a86d56/splatfacto/nerfstudio_models/step-000010001.ckpt,128,50253,,,
05490489c4724224999b4f4f8a1d0af7,processed,,512,/project/ricky/splatformer-data-new/train-set/objaverse/512/colmap/05490489c4724224999b4f4f8a1d0af7/images,/project/ricky/splatformer-data-new/train-set/objaverse/512/nerfstudio/05490489c4724224999b4f4f8a1d0af7/splatfacto/nerfstudio_models/step-000010001.ckpt,128,105691,,,
05490489c4724224999b4f4f8a1d0af7,processed,,128,/project/ricky/splatformer-data-new/train-set/objaverse/128/colmap/05490489c4724224999b4f4f8a1d0af7/images,/project/ricky/splatformer-data-new/train-set/objaverse/128/nerfstudio/05490489c4724224999b4f4f8a1d0af7/splatfacto/nerfstudio_models/step-000010001.ckpt,128,78262,,,
054b270c71ac4161a37d08136118fbad,processed,,512,/project/ricky/splatformer-data-new/train-set/objaverse/512/colmap/054b270c71ac4161a37d08136118fbad/images,/project/ricky/splatformer-data-new/train-set/objaverse/512/nerfstudio/054b270c71ac4161a37d08136118fbad/splatfacto/nerfstudio_models/step-000010001.ckpt,128,95779,,,
054b270c71ac4161a37d08136118fbad,processed,,128,/project/ricky/splatformer-data-new/train-set/objaverse/128/colmap/054b270c71ac4161a37d08136118fbad/images,/project/ricky/splatformer-data-new/train-set/objaverse/128/nerfstudio/054b270c71ac4161a37d08136118fbad/splatfacto/nerfstudio_models/step-000010001.ckpt,128,37227,,,
054e25b0fa584a86aee35ceca061f205,processed,,512,/project/ricky/splatformer-data-new/train-set/objaverse/512/colmap/054e25b0fa584a86aee35ceca061f205/images,/project/ricky/splatformer-data-new/train-set/objaverse/512/nerfstudio/054e25b0fa584a86aee35ceca061f205/splatfacto/nerfstudio_models/step-000010001.ckpt,128,73291,,,
054e25b0fa584a86aee35ceca061f205,processed,,128,/project/ricky/splatformer-data-new/train-set/objaverse/128/colmap/054e25b0fa584a86aee35ceca061f205/images,/project/ricky/splatformer-data-new/train-set/objaverse/128/nerfstudio/054e25b0fa584a86aee35ceca061f205/splatfacto/nerfstudio_models/step-000010001.ckpt,128,64693,,,
054eb7fddb584d6286e39c5695b01c16,processed,,512,/project/ricky/splatformer-data-new/train-set/objaverse/512/colmap/054eb7fddb584d6286e39c5695b01c16/images,/project/ricky/splatformer-data-new/train-set/objaverse/512/nerfstudio/054eb7fddb584d6286e39c5695b01c16/splatfacto/nerfstudio_models/step-000010001.ckpt,128,295211,,,
054eb7fddb584d6286e39c5695b01c16,processed,,128,/project/ricky/splatformer-data-new/train-set/objaverse/128/colmap/054eb7fddb584d6286e39c5695b01c16/images,/project/ricky/splatformer-data-new/train-set/objaverse/128/nerfstudio/054eb7fddb584d6286e39c5695b01c16/splatfacto/nerfstudio_models/step-000010001.ckpt,128,97202,,,
054f00ec16eb4f1d94cd1b65324107d6,processed,,512,/project/ricky/splatformer-data-new/train-set/objaverse/512/colmap/054f00ec16eb4f1d94cd1b65324107d6/images,/project/ricky/splatformer-data-new/train-set/objaverse/512/nerfstudio/054f00ec16eb4f1d94cd1b65324107d6/splatfacto/nerfstudio_models/step-000010001.ckpt,128,32634,,,
054f00ec16eb4f1d94cd1b65324107d6,processed,,128,/project/ricky/splatformer-data-new/train-set/objaverse/128/colmap/054f00ec16eb4f1d94cd1b65324107d6/images,/project/ricky/splatformer-data-new/train-set/objaverse/128/nerfstudio/054f00ec16eb4f1d94cd1b65324107d6/splatfacto/nerfstudio_models/step-000010001.ckpt,128,16956,,,
05551b6d17fc47ffba11c771ee286030,processed,,512,/project/ricky/splatformer-data-new/train-set/objaverse/512/colmap/05551b6d17fc47ffba11c771ee286030/images,/project/ricky/splatformer-data-new/train-set/objaverse/512/nerfstudio/05551b6d17fc47ffba11c771ee286030/splatfacto/nerfstudio_models/step-000010001.ckpt,128,54784,,,
05551b6d17fc47ffba11c771ee286030,processed,,128,/project/ricky/splatformer-data-new/train-set/objaverse/128/colmap/05551b6d17fc47ffba11c771ee286030/images,/project/ricky/splatformer-data-new/train-set/objaverse/128/nerfstudio/05551b6d17fc47ffba11c771ee286030/splatfacto/nerfstudio_models/step-000010001.ckpt,128,45242,,,
05569127962748d2ae60dcae9fbf4883,processed,,512,/project/ricky/splatformer-data-new/train-set/objaverse/512/colmap/05569127962748d2ae60dcae9fbf4883/images,/project/ricky/splatformer-data-new/train-set/objaverse/512/nerfstudio/05569127962748d2ae60dcae9fbf4883/splatfacto/nerfstudio_models/step-000010001.ckpt,128,82785,,,
05569127962748d2ae60dcae9fbf4883,processed,,128,/project/ricky/splatformer-data-new/train-set/objaverse/128/colmap/05569127962748d2ae60dcae9fbf4883/images,/project/ricky/splatformer-data-new/train-set/objaverse/128/nerfstudio/05569127962748d2ae60dcae9fbf4883/splatfacto/nerfstudio_models/step-000010001.ckpt,128,67105,,,
055e6928395f4142815820112923282a,processed,,512,/project/ricky/splatformer-data-new/train-set/objaverse/512/colmap/055e6928395f4142815820112923282a/images,/project/ricky/splatformer-data-new/train-set/objaverse/512/nerfstudio/055e6928395f4142815820112923282a/splatfacto/nerfstudio_models/step-000010001.ckpt,128,81959,,,
055e6928395f4142815820112923282a,processed,,128,/project/ricky/splatformer-data-new/train-set/objaverse/128/colmap/055e6928395f4142815820112923282a/images,/project/ricky/splatformer-data-new/train-set/objaverse/128/nerfstudio/055e6928395f4142815820112923282a/splatfacto/nerfstudio_models/step-000010001.ckpt,128,45508,,,
055ee7dd1ff442b4a6474e341e9d3687,processed,,512,/project/ricky/splatformer-data-new/train-set/objaverse/512/colmap/055ee7dd1ff442b4a6474e341e9d3687/images,/project/ricky/splatformer-data-new/train-set/objaverse/512/nerfstudio/055ee7dd1ff442b4a6474e341e9d3687/splatfacto/nerfstudio_models/step-000010001.ckpt,128,113907,,,
055ee7dd1ff442b4a6474e341e9d3687,processed,,128,/project/ricky/splatformer-data-new/train-set/objaverse/128/colmap/055ee7dd1ff442b4a6474e341e9d3687/images,/project/ricky/splatformer-data-new/train-set/objaverse/128/nerfstudio/055ee7dd1ff442b4a6474e341e9d3687/splatfacto/nerfstudio_models/step-000010001.ckpt,128,22759,,,
05613d002df542a1aac0d4b2b067682f,processed,,512,/project/ricky/splatformer-data-new/train-set/objaverse/512/colmap/05613d002df542a1aac0d4b2b067682f/images,/project/ricky/splatformer-data-new/train-set/objaverse/512/nerfstudio/05613d002df542a1aac0d4b2b067682f/splatfacto/nerfstudio_models/step-000010001.ckpt,128,149933,,,
05613d002df542a1aac0d4b2b067682f,processed,,128,/project/ricky/splatformer-data-new/train-set/objaverse/128/colmap/05613d002df542a1aac0d4b2b067682f/images,/project/ricky/splatformer-data-new/train-set/objaverse/128/nerfstudio/05613d002df542a1aac0d4b2b067682f/splatfacto/nerfstudio_models/step-000010001.ckpt,128,89523,,,
0561cfed110e46ccb3ede1cd551d47f2,processed,,512,/project/ricky/splatformer-data-new/train-set/objaverse/512/colmap/0561cfed110e46ccb3ede1cd551d47f2/images,/project/ricky/splatformer-data-new/train-set/objaverse/512/nerfstudio/0561cfed110e46ccb3ede1cd551d47f2/splatfacto/nerfstudio_models/step-000010001.ckpt,128,125654,,,
0561cfed110e46ccb3ede1cd551d47f2,processed,,128,/project/ricky/splatformer-data-new/train-set/objaverse/128/colmap/0561cfed110e46ccb3ede1cd551d47f2/images,/project/ricky/splatformer-data-new/train-set/objaverse/128/nerfstudio/0561cfed110e46ccb3ede1cd551d47f2/splatfacto/nerfstudio_models/step-000010001.ckpt,128,54830,,,
0561d925796e428e9a8cfcce856f0ba6,processed,,512,/project/ricky/splatformer-data-new/train-set/objaverse/512/colmap/0561d925796e428e9a8cfcce856f0ba6/images,/project/ricky/splatformer-data-new/train-set/objaverse/512/nerfstudio/0561d925796e428e9a8cfcce856f0ba6/splatfacto/nerfstudio_models/step-000010001.ckpt,128,44483,,,
0561d925796e428e9a8cfcce856f0ba6,processed,,128,/project/ricky/splatformer-data-new/train-set/objaverse/128/colmap/0561d925796e428e9a8cfcce856f0ba6/images,/project/ricky/splatformer-data-new/train-set/objaverse/128/nerfstudio/0561d925796e428e9a8cfcce856f0ba6/splatfacto/nerfstudio_models/step-000010001.ckpt,128,42392,,,
056548bae47e4b7fbd0a242e554229b2,processed,,512,/project/ricky/splatformer-data-new/train-set/objaverse/512/colmap/056548bae47e4b7fbd0a242e554229b2/images,/project/ricky/splatformer-data-new/train-set/objaverse/512/nerfstudio/056548bae47e4b7fbd0a242e554229b2/splatfacto/nerfstudio_models/step-000010001.ckpt,128,21641,,,
056548bae47e4b7fbd0a242e554229b2,processed,,128,/project/ricky/splatformer-data-new/train-set/objaverse/128/colmap/056548bae47e4b7fbd0a242e554229b2/images,/project/ricky/splatformer-data-new/train-set/objaverse/128/nerfstudio/056548bae47e4b7fbd0a242e554229b2/splatfacto/nerfstudio_models/step-000010001.ckpt,128,18059,,,
056ad4a989024259a2b8de9566cd4a9e,processed,,512,/project/ricky/splatformer-data-new/train-set/objaverse/512/colmap/056ad4a989024259a2b8de9566cd4a9e/images,/project/ricky/splatformer-data-new/train-set/objaverse/512/nerfstudio/056ad4a989024259a2b8de9566cd4a9e/splatfacto/nerfstudio_models/step-000010001.ckpt,128,155302,,,
056ad4a989024259a2b8de9566cd4a9e,processed,,128,/project/ricky/splatformer-data-new/train-set/objaverse/128/colmap/056ad4a989024259a2b8de9566cd4a9e/images,/project/ricky/splatformer-data-new/train-set/objaverse/128/nerfstudio/056ad4a989024259a2b8de9566cd4a9e/splatfacto/nerfstudio_models/step-000010001.ckpt,128,111695,,,
056b22a8734346bb9832365b7ea52883,processed,,512,/project/ricky/splatformer-data-new/train-set/objaverse/512/colmap/056b22a8734346bb9832365b7ea52883/images,/project/ricky/splatformer-data-new/train-set/objaverse/512/nerfstudio/056b22a8734346bb9832365b7ea52883/splatfacto/nerfstudio_models/step-000010001.ckpt,128,113680,,,
056b22a8734346bb9832365b7ea52883,processed,,128,/project/ricky/splatformer-data-new/train-set/objaverse/128/colmap/056b22a8734346bb9832365b7ea52883/images,/project/ricky/splatformer-data-new/train-set/objaverse/128/nerfstudio/056b22a8734346bb9832365b7ea52883/splatfacto/nerfstudio_models/step-000010001.ckpt,128,57342,,,
056ea08366fb4b5a92635a24eb224a48,processed,,512,/project/ricky/splatformer-data-new/train-set/objaverse/512/colmap/056ea08366fb4b5a92635a24eb224a48/images,/project/ricky/splatformer-data-new/train-set/objaverse/512/nerfstudio/056ea08366fb4b5a92635a24eb224a48/splatfacto/nerfstudio_models/step-000010001.ckpt,128,97635,,,
056ea08366fb4b5a92635a24eb224a48,processed,,128,/project/ricky/splatformer-data-new/train-set/objaverse/128/colmap/056ea08366fb4b5a92635a24eb224a48/images,/project/ricky/splatformer-data-new/train-set/objaverse/128/nerfstudio/056ea08366fb4b5a92635a24eb224a48/splatfacto/nerfstudio_models/step-000010001.ckpt,128,88906,,,
056f9f2a6b4a402eaeab75f1f8053ac5,processed,,512,/project/ricky/splatformer-data-new/train-set/objaverse/512/colmap/056f9f2a6b4a402eaeab75f1f8053ac5/images,/project/ricky/splatformer-data-new/train-set/objaverse/512/nerfstudio/056f9f2a6b4a402eaeab75f1f8053ac5/splatfacto/nerfstudio_models/step-000010001.ckpt,128,95986,,,
056f9f2a6b4a402eaeab75f1f8053ac5,processed,,128,/project/ricky/splatformer-data-new/train-set/objaverse/128/colmap/056f9f2a6b4a402eaeab75f1f8053ac5/images,/project/ricky/splatformer-data-new/train-set/objaverse/128/nerfstudio/056f9f2a6b4a402eaeab75f1f8053ac5/splatfacto/nerfstudio_models/step-000010001.ckpt,128,23462,,,
0571539d249e4000b29fcdde4c2b739d,processed,,512,/project/ricky/splatformer-data-new/train-set/objaverse/512/colmap/0571539d249e4000b29fcdde4c2b739d/images,/project/ricky/splatformer-data-new/train-set/objaverse/512/nerfstudio/0571539d249e4000b29fcdde4c2b739d/splatfacto/nerfstudio_models/step-000010001.ckpt,128,50938,,,
0571539d249e4000b29fcdde4c2b739d,processed,,128,/project/ricky/splatformer-data-new/train-set/objaverse/128/colmap/0571539d249e4000b29fcdde4c2b739d/images,/project/ricky/splatformer-data-new/train-set/objaverse/128/nerfstudio/0571539d249e4000b29fcdde4c2b739d/splatfacto/nerfstudio_models/step-000010001.ckpt,128,24641,,,
0576d43d28924c948ed3bbae02e4e0cb,processed,,512,/project/ricky/splatformer-data-new/train-set/objaverse/512/colmap/0576d43d28924c948ed3bbae02e4e0cb/images,/project/ricky/splatformer-data-new/train-set/objaverse/512/nerfstudio/0576d43d28924c948ed3bbae02e4e0cb/splatfacto/nerfstudio_models/step-000010001.ckpt,128,52659,,,
0576d43d28924c948ed3bbae02e4e0cb,processed,,128,/project/ricky/splatformer-data-new/train-set/objaverse/128/colmap/0576d43d28924c948ed3bbae02e4e0cb/images,/project/ricky/splatformer-data-new/train-set/objaverse/128/nerfstudio/0576d43d28924c948ed3bbae02e4e0cb/splatfacto/nerfstudio_models/step-000010001.ckpt,128,37902,,,
057e03db47ae49778a1264f51f1e7aa6,processed,,512,/project/ricky/splatformer-data-new/train-set/objaverse/512/colmap/057e03db47ae49778a1264f51f1e7aa6/images,/project/ricky/splatformer-data-new/train-set/objaverse/512/nerfstudio/057e03db47ae49778a1264f51f1e7aa6/splatfacto/nerfstudio_models/step-000010001.ckpt,128,33936,,,
057e03db47ae49778a1264f51f1e7aa6,processed,,128,/project/ricky/splatformer-data-new/train-set/objaverse/128/colmap/057e03db47ae49778a1264f51f1e7aa6/images,/project/ricky/splatformer-data-new/train-set/objaverse/128/nerfstudio/057e03db47ae49778a1264f51f1e7aa6/splatfacto/nerfstudio_models/step-000010001.ckpt,128,25331,,,
057ef24b352042fd98786682fe074642,processed,,512,/project/ricky/splatformer-data-new/train-set/objaverse/512/colmap/057ef24b352042fd98786682fe074642/images,/project/ricky/splatformer-data-new/train-set/objaverse/512/nerfstudio/057ef24b352042fd98786682fe074642/splatfacto/nerfstudio_models/step-000010001.ckpt,128,63631,,,
057ef24b352042fd98786682fe074642,processed,,128,/project/ricky/splatformer-data-new/train-set/objaverse/128/colmap/057ef24b352042fd98786682fe074642/images,/project/ricky/splatformer-data-new/train-set/objaverse/128/nerfstudio/057ef24b352042fd98786682fe074642/splatfacto/nerfstudio_models/step-000010001.ckpt,128,25619,,,
05805fab5af2432386c244b44bfa0638,processed,,512,/project/ricky/splatformer-data-new/train-set/objaverse/512/colmap/05805fab5af2432386c244b44bfa0638/images,/project/ricky/splatformer-data-new/train-set/objaverse/512/nerfstudio/05805fab5af2432386c244b44bfa0638/splatfacto/nerfstudio_models/step-000010001.ckpt,128,38414,,,
05805fab5af2432386c244b44bfa0638,processed,,128,/project/ricky/splatformer-data-new/train-set/objaverse/128/colmap/05805fab5af2432386c244b44bfa0638/images,/project/ricky/splatformer-data-new/train-set/objaverse/128/nerfstudio/05805fab5af2432386c244b44bfa0638/splatfacto/nerfstudio_models/step-000010001.ckpt,128,27463,,,
0582fff1cd40487580670a660ae289ad,processed,,512,/project/ricky/splatformer-data-new/train-set/objaverse/512/colmap/0582fff1cd40487580670a660ae289ad/images,/project/ricky/splatformer-data-new/train-set/objaverse/512/nerfstudio/0582fff1cd40487580670a660ae289ad/splatfacto/nerfstudio_models/step-000010001.ckpt,128,67303,,,
0582fff1cd40487580670a660ae289ad,processed,,128,/project/ricky/splatformer-data-new/train-set/objaverse/128/colmap/0582fff1cd40487580670a660ae289ad/images,/project/ricky/splatformer-data-new/train-set/objaverse/128/nerfstudio/0582fff1cd40487580670a660ae289ad/splatfacto/nerfstudio_models/step-000010001.ckpt,128,29960,,,
058303ffd7e545039df4520c298e5546,processed,,512,/project/ricky/splatformer-data-new/train-set/objaverse/512/colmap/058303ffd7e545039df4520c298e5546/images,/project/ricky/splatformer-data-new/train-set/objaverse/512/nerfstudio/058303ffd7e545039df4520c298e5546/splatfacto/nerfstudio_models/step-000010001.ckpt,128,25086,,,
058303ffd7e545039df4520c298e5546,processed,,128,/project/ricky/splatformer-data-new/train-set/objaverse/128/colmap/058303ffd7e545039df4520c298e5546/images,/project/ricky/splatformer-data-new/train-set/objaverse/128/nerfstudio/058303ffd7e545039df4520c298e5546/splatfacto/nerfstudio_models/step-000010001.ckpt,128,32136,,,
058351e331c24959b81a52cedef2dab4,processed,,512,/project/ricky/splatformer-data-new/train-set/objaverse/512/colmap/058351e331c24959b81a52cedef2dab4/images,/project/ricky/splatformer-data-new/train-set/objaverse/512/nerfstudio/058351e331c24959b81a52cedef2dab4/splatfacto/nerfstudio_models/step-000010001.ckpt,128,101461,,,
058351e331c24959b81a52cedef2dab4,processed,,128,/project/ricky/splatformer-data-new/train-set/objaverse/128/colmap/058351e331c24959b81a52cedef2dab4/images,/project/ricky/splatformer-data-new/train-set/objaverse/128/nerfstudio/058351e331c24959b81a52cedef2dab4/splatfacto/nerfstudio_models/step-000010001.ckpt,128,63757,,,
05860a1632b9404d826c1a3860286511,processed,,512,/project/ricky/splatformer-data-new/train-set/objaverse/512/colmap/05860a1632b9404d826c1a3860286511/images,/project/ricky/splatformer-data-new/train-set/objaverse/512/nerfstudio/05860a1632b9404d826c1a3860286511/splatfacto/nerfstudio_models/step-000010001.ckpt,128,46024,,,
05860a1632b9404d826c1a3860286511,processed,,128,/project/ricky/splatformer-data-new/train-set/objaverse/128/colmap/05860a1632b9404d826c1a3860286511/images,/project/ricky/splatformer-data-new/train-set/objaverse/128/nerfstudio/05860a1632b9404d826c1a3860286511/splatfacto/nerfstudio_models/step-000010001.ckpt,128,16633,,,
058823e2999a46669d5e32da0f035ba6,processed,,512,/project/ricky/splatformer-data-new/train-set/objaverse/512/colmap/058823e2999a46669d5e32da0f035ba6/images,/project/ricky/splatformer-data-new/train-set/objaverse/512/nerfstudio/058823e2999a46669d5e32da0f035ba6/splatfacto/nerfstudio_models/step-000010001.ckpt,128,66659,,,
058823e2999a46669d5e32da0f035ba6,processed,,128,/project/ricky/splatformer-data-new/train-set/objaverse/128/colmap/058823e2999a46669d5e32da0f035ba6/images,/project/ricky/splatformer-data-new/train-set/objaverse/128/nerfstudio/058823e2999a46669d5e32da0f035ba6/splatfacto/nerfstudio_models/step-000010001.ckpt,128,17893,,,
0589bd3a35e54017b3d45d4ee07ce545,processed,,512,/project/ricky/splatformer-data-new/train-set/objaverse/512/colmap/0589bd3a35e54017b3d45d4ee07ce545/images,/project/ricky/splatformer-data-new/train-set/objaverse/512/nerfstudio/0589bd3a35e54017b3d45d4ee07ce545/splatfacto/nerfstudio_models/step-000010001.ckpt,128,316978,,,
0589bd3a35e54017b3d45d4ee07ce545,processed,,128,/project/ricky/splatformer-data-new/train-set/objaverse/128/colmap/0589bd3a35e54017b3d45d4ee07ce545/images,/project/ricky/splatformer-data-new/train-set/objaverse/128/nerfstudio/0589bd3a35e54017b3d45d4ee07ce545/splatfacto/nerfstudio_models/step-000010001.ckpt,128,52468,,,
058aec70073f487a8e79cee9aa1e7357,processed,,512,/project/ricky/splatformer-data-new/train-set/objaverse/512/colmap/058aec70073f487a8e79cee9aa1e7357/images,/project/ricky/splatformer-data-new/train-set/objaverse/512/nerfstudio/058aec70073f487a8e79cee9aa1e7357/splatfacto/nerfstudio_models/step-000010001.ckpt,128,146185,,,
058aec70073f487a8e79cee9aa1e7357,processed,,128,/project/ricky/splatformer-data-new/train-set/objaverse/128/colmap/058aec70073f487a8e79cee9aa1e7357/images,/project/ricky/splatformer-data-new/train-set/objaverse/128/nerfstudio/058aec70073f487a8e79cee9aa1e7357/splatfacto/nerfstudio_models/step-000010001.ckpt,128,88016,,,
058bb493005042369b355a9892d183d9,processed,,512,/project/ricky/splatformer-data-new/train-set/objaverse/512/colmap/058bb493005042369b355a9892d183d9/images,/project/ricky/splatformer-data-new/train-set/objaverse/512/nerfstudio/058bb493005042369b355a9892d183d9/splatfacto/nerfstudio_models/step-000010001.ckpt,128,53837,,,
058bb493005042369b355a9892d183d9,processed,,128,/project/ricky/splatformer-data-new/train-set/objaverse/128/colmap/058bb493005042369b355a9892d183d9/images,/project/ricky/splatformer-data-new/train-set/objaverse/128/nerfstudio/058bb493005042369b355a9892d183d9/splatfacto/nerfstudio_models/step-000010001.ckpt,128,18916,,,
058c6e6fb4564b3eb95c19cc9bb66ebf,processed,,512,/project/ricky/splatformer-data-new/train-set/objaverse/512/colmap/058c6e6fb4564b3eb95c19cc9bb66ebf/images,/project/ricky/splatformer-data-new/train-set/objaverse/512/nerfstudio/058c6e6fb4564b3eb95c19cc9bb66ebf/splatfacto/nerfstudio_models/step-000010001.ckpt,128,85179,,,
058c6e6fb4564b3eb95c19cc9bb66ebf,processed,,128,/project/ricky/splatformer-data-new/train-set/objaverse/128/colmap/058c6e6fb4564b3eb95c19cc9bb66ebf/images,/project/ricky/splatformer-data-new/train-set/objaverse/128/nerfstudio/058c6e6fb4564b3eb95c19cc9bb66ebf/splatfacto/nerfstudio_models/step-000010001.ckpt,128,80706,,,
05922cb358b34f919078a08a80c65e88,processed,,512,/project/ricky/splatformer-data-new/train-set/objaverse/512/colmap/05922cb358b34f919078a08a80c65e88/images,/project/ricky/splatformer-data-new/train-set/objaverse/512/nerfstudio/05922cb358b34f919078a08a80c65e88/splatfacto/nerfstudio_models/step-000010001.ckpt,128,36210,,,
05922cb358b34f919078a08a80c65e88,processed,,128,/project/ricky/splatformer-data-new/train-set/objaverse/128/colmap/05922cb358b34f919078a08a80c65e88/images,/project/ricky/splatformer-data-new/train-set/objaverse/128/nerfstudio/05922cb358b34f919078a08a80c65e88/splatfacto/nerfstudio_models/step-000010001.ckpt,128,33681,,,
05957e68c7174e97a69cb6033d939097,processed,,512,/project/ricky/splatformer-data-new/train-set/objaverse/512/colmap/05957e68c7174e97a69cb6033d939097/images,/project/ricky/splatformer-data-new/train-set/objaverse/512/nerfstudio/05957e68c7174e97a69cb6033d939097/splatfacto/nerfstudio_models/step-000010001.ckpt,128,147231,,,
05957e68c7174e97a69cb6033d939097,processed,,128,/project/ricky/splatformer-data-new/train-set/objaverse/128/colmap/05957e68c7174e97a69cb6033d939097/images,/project/ricky/splatformer-data-new/train-set/objaverse/128/nerfstudio/05957e68c7174e97a69cb6033d939097/splatfacto/nerfstudio_models/step-000010001.ckpt,128,77808,,,
059774d6b2d34d8bad1b3faf7c8beacd,processed,,512,/project/ricky/splatformer-data-new/train-set/objaverse/512/colmap/059774d6b2d34d8bad1b3faf7c8beacd/images,/project/ricky/splatformer-data-new/train-set/objaverse/512/nerfstudio/059774d6b2d34d8bad1b3faf7c8beacd/splatfacto/nerfstudio_models/step-000010001.ckpt,128,26607,,,
059774d6b2d34d8bad1b3faf7c8beacd,processed,,128,/project/ricky/splatformer-data-new/train-set/objaverse/128/colmap/059774d6b2d34d8bad1b3faf7c8beacd/images,/project/ricky/splatformer-data-new/train-set/objaverse/128/nerfstudio/059774d6b2d34d8bad1b3faf7c8beacd/splatfacto/nerfstudio_models/step-000010001.ckpt,128,23024,,,
05995dbd267d44e9a4e6c251fab1f787,processed,,512,/project/ricky/splatformer-data-new/train-set/objaverse/512/colmap/05995dbd267d44e9a4e6c251fab1f787/images,/project/ricky/splatformer-data-new/train-set/objaverse/512/nerfstudio/05995dbd267d44e9a4e6c251fab1f787/splatfacto/nerfstudio_models/step-000010001.ckpt,128,12997,,,
05995dbd267d44e9a4e6c251fab1f787,processed,,128,/project/ricky/splatformer-data-new/train-set/objaverse/128/colmap/05995dbd267d44e9a4e6c251fab1f787/images,/project/ricky/splatformer-data-new/train-set/objaverse/128/nerfstudio/05995dbd267d44e9a4e6c251fab1f787/splatfacto/nerfstudio_models/step-000010001.ckpt,128,21807,,,
059cdeabb17f4d8ca46757cc0763d980,processed,,512,/project/ricky/splatformer-data-new/train-set/objaverse/512/colmap/059cdeabb17f4d8ca46757cc0763d980/images,/project/ricky/splatformer-data-new/train-set/objaverse/512/nerfstudio/059cdeabb17f4d8ca46757cc0763d980/splatfacto/nerfstudio_models/step-000010001.ckpt,128,26801,,,
059cdeabb17f4d8ca46757cc0763d980,processed,,128,/project/ricky/splatformer-data-new/train-set/objaverse/128/colmap/059cdeabb17f4d8ca46757cc0763d980/images,/project/ricky/splatformer-data-new/train-set/objaverse/128/nerfstudio/059cdeabb17f4d8ca46757cc0763d980/splatfacto/nerfstudio_models/step-000010001.ckpt,128,8879,,,
059d3a1bf7bd469caab87b35f2f16003,processed,,512,/project/ricky/splatformer-data-new/train-set/objaverse/512/colmap/059d3a1bf7bd469caab87b35f2f16003/images,/project/ricky/splatformer-data-new/train-set/objaverse/512/nerfstudio/059d3a1bf7bd469caab87b35f2f16003/splatfacto/nerfstudio_models/step-000010001.ckpt,128,147365,,,
059d3a1bf7bd469caab87b35f2f16003,processed,,128,/project/ricky/splatformer-data-new/train-set/objaverse/128/colmap/059d3a1bf7bd469caab87b35f2f16003/images,/project/ricky/splatformer-data-new/train-set/objaverse/128/nerfstudio/059d3a1bf7bd469caab87b35f2f16003/splatfacto/nerfstudio_models/step-000010001.ckpt,128,51965,,,
05a2f680901d43d998f3cca1faaa3dfe,processed,,512,/project/ricky/splatformer-data-new/train-set/objaverse/512/colmap/05a2f680901d43d998f3cca1faaa3dfe/images,/project/ricky/splatformer-data-new/train-set/objaverse/512/nerfstudio/05a2f680901d43d998f3cca1faaa3dfe/splatfacto/nerfstudio_models/step-000010001.ckpt,128,54918,,,
05a2f680901d43d998f3cca1faaa3dfe,processed,,128,/project/ricky/splatformer-data-new/train-set/objaverse/128/colmap/05a2f680901d43d998f3cca1faaa3dfe/images,/project/ricky/splatformer-data-new/train-set/objaverse/128/nerfstudio/05a2f680901d43d998f3cca1faaa3dfe/splatfacto/nerfstudio_models/step-000010001.ckpt,128,42205,,,
05a4c8fccea2443f8bc67e4b3152e056,processed,,512,/project/ricky/splatformer-data-new/train-set/objaverse/512/colmap/05a4c8fccea2443f8bc67e4b3152e056/images,/project/ricky/splatformer-data-new/train-set/objaverse/512/nerfstudio/05a4c8fccea2443f8bc67e4b3152e056/splatfacto/nerfstudio_models/step-000010001.ckpt,128,121759,,,
05a4c8fccea2443f8bc67e4b3152e056,processed,,128,/project/ricky/splatformer-data-new/train-set/objaverse/128/colmap/05a4c8fccea2443f8bc67e4b3152e056/images,/project/ricky/splatformer-data-new/train-set/objaverse/128/nerfstudio/05a4c8fccea2443f8bc67e4b3152e056/splatfacto/nerfstudio_models/step-000010001.ckpt,128,73688,,,
05a58556cd7c4279980acdcd67b16976,processed,,512,/project/ricky/splatformer-data-new/train-set/objaverse/512/colmap/05a58556cd7c4279980acdcd67b16976/images,/project/ricky/splatformer-data-new/train-set/objaverse/512/nerfstudio/05a58556cd7c4279980acdcd67b16976/splatfacto/nerfstudio_models/step-000010001.ckpt,128,89763,,,
05a58556cd7c4279980acdcd67b16976,processed,,128,/project/ricky/splatformer-data-new/train-set/objaverse/128/colmap/05a58556cd7c4279980acdcd67b16976/images,/project/ricky/splatformer-data-new/train-set/objaverse/128/nerfstudio/05a58556cd7c4279980acdcd67b16976/splatfacto/nerfstudio_models/step-000010001.ckpt,128,44605,,,
05ad0ac87d954dd3abf7bd6f50163857,processed,,512,/project/ricky/splatformer-data-new/train-set/objaverse/512/colmap/05ad0ac87d954dd3abf7bd6f50163857/images,/project/ricky/splatformer-data-new/train-set/objaverse/512/nerfstudio/05ad0ac87d954dd3abf7bd6f50163857/splatfacto/nerfstudio_models/step-000010001.ckpt,128,205505,,,
05ad0ac87d954dd3abf7bd6f50163857,processed,,128,/project/ricky/splatformer-data-new/train-set/objaverse/128/colmap/05ad0ac87d954dd3abf7bd6f50163857/images,/project/ricky/splatformer-data-new/train-set/objaverse/128/nerfstudio/05ad0ac87d954dd3abf7bd6f50163857/splatfacto/nerfstudio_models/step-000010001.ckpt,128,89877,,,
05ae907a39954d38ba41c99d8ae23182,processed,,512,/project/ricky/splatformer-data-new/train-set/objaverse/512/colmap/05ae907a39954d38ba41c99d8ae23182/images,/project/ricky/splatformer-data-new/train-set/objaverse/512/nerfstudio/05ae907a39954d38ba41c99d8ae23182/splatfacto/nerfstudio_models/step-000010001.ckpt,128,151480,,,
05ae907a39954d38ba41c99d8ae23182,processed,,128,/project/ricky/splatformer-data-new/train-set/objaverse/128/colmap/05ae907a39954d38ba41c99d8ae23182/images,/project/ricky/splatformer-data-new/train-set/objaverse/128/nerfstudio/05ae907a39954d38ba41c99d8ae23182/splatfacto/nerfstudio_models/step-000010001.ckpt,128,93777,,,
05aff1b6b5c24c30b81aa4c48b634311,processed,,512,/project/ricky/splatformer-data-new/train-set/objaverse/512/colmap/05aff1b6b5c24c30b81aa4c48b634311/images,/project/ricky/splatformer-data-new/train-set/objaverse/512/nerfstudio/05aff1b6b5c24c30b81aa4c48b634311/splatfacto/nerfstudio_models/step-000010001.ckpt,128,18425,,,
05aff1b6b5c24c30b81aa4c48b634311,processed,,128,/project/ricky/splatformer-data-new/train-set/objaverse/128/colmap/05aff1b6b5c24c30b81aa4c48b634311/images,/project/ricky/splatformer-data-new/train-set/objaverse/128/nerfstudio/05aff1b6b5c24c30b81aa4c48b634311/splatfacto/nerfstudio_models/step-000010001.ckpt,128,6480,,,
05b27d2886814864a57476f0bf22d3d8,processed,,512,/project/ricky/splatformer-data-new/train-set/objaverse/512/colmap/05b27d2886814864a57476f0bf22d3d8/images,/project/ricky/splatformer-data-new/train-set/objaverse/512/nerfstudio/05b27d2886814864a57476f0bf22d3d8/splatfacto/nerfstudio_models/step-000010001.ckpt,128,142108,,,
05b27d2886814864a57476f0bf22d3d8,processed,,128,/project/ricky/splatformer-data-new/train-set/objaverse/128/colmap/05b27d2886814864a57476f0bf22d3d8/images,/project/ricky/splatformer-data-new/train-set/objaverse/128/nerfstudio/05b27d2886814864a57476f0bf22d3d8/splatfacto/nerfstudio_models/step-000010001.ckpt,128,32630,,,
05b334c229ca41899e2a587eec5093ae,processed,,512,/project/ricky/splatformer-data-new/train-set/objaverse/512/colmap/05b334c229ca41899e2a587eec5093ae/images,/project/ricky/splatformer-data-new/train-set/objaverse/512/nerfstudio/05b334c229ca41899e2a587eec5093ae/splatfacto/nerfstudio_models/step-000010001.ckpt,128,61339,,,
05b334c229ca41899e2a587eec5093ae,processed,,128,/project/ricky/splatformer-data-new/train-set/objaverse/128/colmap/05b334c229ca41899e2a587eec5093ae/images,/project/ricky/splatformer-data-new/train-set/objaverse/128/nerfstudio/05b334c229ca41899e2a587eec5093ae/splatfacto/nerfstudio_models/step-000010001.ckpt,128,36182,,,
05b663db654343189c09906104c8d29c,processed,,512,/project/ricky/splatformer-data-new/train-set/objaverse/512/colmap/05b663db654343189c09906104c8d29c/images,/project/ricky/splatformer-data-new/train-set/objaverse/512/nerfstudio/05b663db654343189c09906104c8d29c/splatfacto/nerfstudio_models/step-000010001.ckpt,128,89965,,,
05b663db654343189c09906104c8d29c,processed,,128,/project/ricky/splatformer-data-new/train-set/objaverse/128/colmap/05b663db654343189c09906104c8d29c/images,/project/ricky/splatformer-data-new/train-set/objaverse/128/nerfstudio/05b663db654343189c09906104c8d29c/splatfacto/nerfstudio_models/step-000010001.ckpt,128,41434,,,
05b79158b8d540eab34f1adfa656f284,processed,,512,/project/ricky/splatformer-data-new/train-set/objaverse/512/colmap/05b79158b8d540eab34f1adfa656f284/images,/project/ricky/splatformer-data-new/train-set/objaverse/512/nerfstudio/05b79158b8d540eab34f1adfa656f284/splatfacto/nerfstudio_models/step-000010001.ckpt,128,52780,,,
05b79158b8d540eab34f1adfa656f284,processed,,128,/project/ricky/splatformer-data-new/train-set/objaverse/128/colmap/05b79158b8d540eab34f1adfa656f284/images,/project/ricky/splatformer-data-new/train-set/objaverse/128/nerfstudio/05b79158b8d540eab34f1adfa656f284/splatfacto/nerfstudio_models/step-000010001.ckpt,128,53490,,,
05bad51f55a04aeca58f40241aefd34b,processed,,512,/project/ricky/splatformer-data-new/train-set/objaverse/512/colmap/05bad51f55a04aeca58f40241aefd34b/images,/project/ricky/splatformer-data-new/train-set/objaverse/512/nerfstudio/05bad51f55a04aeca58f40241aefd34b/splatfacto/nerfstudio_models/step-000010001.ckpt,128,49223,,,
05bad51f55a04aeca58f40241aefd34b,processed,,128,/project/ricky/splatformer-data-new/train-set/objaverse/128/colmap/05bad51f55a04aeca58f40241aefd34b/images,/project/ricky/splatformer-data-new/train-set/objaverse/128/nerfstudio/05bad51f55a04aeca58f40241aefd34b/splatfacto/nerfstudio_models/step-000010001.ckpt,128,27074,,,
05bb2825379c4c15b80b7785ae64863e,processed,,512,/project/ricky/splatformer-data-new/train-set/objaverse/512/colmap/05bb2825379c4c15b80b7785ae64863e/images,/project/ricky/splatformer-data-new/train-set/objaverse/512/nerfstudio/05bb2825379c4c15b80b7785ae64863e/splatfacto/nerfstudio_models/step-000010001.ckpt,128,46104,,,
05bb2825379c4c15b80b7785ae64863e,processed,,128,/project/ricky/splatformer-data-new/train-set/objaverse/128/colmap/05bb2825379c4c15b80b7785ae64863e/images,/project/ricky/splatformer-data-new/train-set/objaverse/128/nerfstudio/05bb2825379c4c15b80b7785ae64863e/splatfacto/nerfstudio_models/step-000010001.ckpt,128,38661,,,
05bc7740ac88413ca817a1e6b0a4a51d,processed,,512,/project/ricky/splatformer-data-new/train-set/objaverse/512/colmap/05bc7740ac88413ca817a1e6b0a4a51d/images,/project/ricky/splatformer-data-new/train-set/objaverse/512/nerfstudio/05bc7740ac88413ca817a1e6b0a4a51d/splatfacto/nerfstudio_models/step-000010001.ckpt,128,24133,,,
05bc7740ac88413ca817a1e6b0a4a51d,processed,,128,/project/ricky/splatformer-data-new/train-set/objaverse/128/colmap/05bc7740ac88413ca817a1e6b0a4a51d/images,/project/ricky/splatformer-data-new/train-set/objaverse/128/nerfstudio/05bc7740ac88413ca817a1e6b0a4a51d/splatfacto/nerfstudio_models/step-000010001.ckpt,128,9628,,,
05c17ba74fa243b7a33504f6ea49870b,processed,,512,/project/ricky/splatformer-data-new/train-set/objaverse/512/colmap/05c17ba74fa243b7a33504f6ea49870b/images,/project/ricky/splatformer-data-new/train-set/objaverse/512/nerfstudio/05c17ba74fa243b7a33504f6ea49870b/splatfacto/nerfstudio_models/step-000010001.ckpt,128,35119,,,
05c17ba74fa243b7a33504f6ea49870b,processed,,128,/project/ricky/splatformer-data-new/train-set/objaverse/128/colmap/05c17ba74fa243b7a33504f6ea49870b/images,/project/ricky/splatformer-data-new/train-set/objaverse/128/nerfstudio/05c17ba74fa243b7a33504f6ea49870b/splatfacto/nerfstudio_models/step-000010001.ckpt,128,22173,,,
05c2b12c9fa74f01a59bd13b478190a0,processed,,512,/project/ricky/splatformer-data-new/train-set/objaverse/512/colmap/05c2b12c9fa74f01a59bd13b478190a0/images,/project/ricky/splatformer-data-new/train-set/objaverse/512/nerfstudio/05c2b12c9fa74f01a59bd13b478190a0/splatfacto/nerfstudio_models/step-000010001.ckpt,128,49785,,,
05c2b12c9fa74f01a59bd13b478190a0,processed,,128,/project/ricky/splatformer-data-new/train-set/objaverse/128/colmap/05c2b12c9fa74f01a59bd13b478190a0/images,/project/ricky/splatformer-data-new/train-set/objaverse/128/nerfstudio/05c2b12c9fa74f01a59bd13b478190a0/splatfacto/nerfstudio_models/step-000010001.ckpt,128,43960,,,
05c3e84f4dd346a59e4678a7848b4e49,processed,,512,/project/ricky/splatformer-data-new/train-set/objaverse/512/colmap/05c3e84f4dd346a59e4678a7848b4e49/images,/project/ricky/splatformer-data-new/train-set/objaverse/512/nerfstudio/05c3e84f4dd346a59e4678a7848b4e49/splatfacto/nerfstudio_models/step-000010001.ckpt,128,73176,,,
05c3e84f4dd346a59e4678a7848b4e49,processed,,128,/project/ricky/splatformer-data-new/train-set/objaverse/128/colmap/05c3e84f4dd346a59e4678a7848b4e49/images,/project/ricky/splatformer-data-new/train-set/objaverse/128/nerfstudio/05c3e84f4dd346a59e4678a7848b4e49/splatfacto/nerfstudio_models/step-000010001.ckpt,128,26839,,,
05ca7fe34d0d454cadb7489f15a9b8a2,processed,,512,/project/ricky/splatformer-data-new/train-set/objaverse/512/colmap/05ca7fe34d0d454cadb7489f15a9b8a2/images,/project/ricky/splatformer-data-new/train-set/objaverse/512/nerfstudio/05ca7fe34d0d454cadb7489f15a9b8a2/splatfacto/nerfstudio_models/step-000010001.ckpt,128,368183,,,
05ca7fe34d0d454cadb7489f15a9b8a2,processed,,128,/project/ricky/splatformer-data-new/train-set/objaverse/128/colmap/05ca7fe34d0d454cadb7489f15a9b8a2/images,/project/ricky/splatformer-data-new/train-set/objaverse/128/nerfstudio/05ca7fe34d0d454cadb7489f15a9b8a2/splatfacto/nerfstudio_models/step-000010001.ckpt,128,137036,,,
05cb46597f4c4fb59b36ae3b70ec47a3,processed,,512,/project/ricky/splatformer-data-new/train-set/objaverse/512/colmap/05cb46597f4c4fb59b36ae3b70ec47a3/images,/project/ricky/splatformer-data-new/train-set/objaverse/512/nerfstudio/05cb46597f4c4fb59b36ae3b70ec47a3/splatfacto/nerfstudio_models/step-000010001.ckpt,128,135216,,,
05cb46597f4c4fb59b36ae3b70ec47a3,processed,,128,/project/ricky/splatformer-data-new/train-set/objaverse/128/colmap/05cb46597f4c4fb59b36ae3b70ec47a3/images,/project/ricky/splatformer-data-new/train-set/objaverse/128/nerfstudio/05cb46597f4c4fb59b36ae3b70ec47a3/splatfacto/nerfstudio_models/step-000010001.ckpt,128,90774,,,
05cc0800609f4fd2bb8815a768f51b6d,processed,,512,/project/ricky/splatformer-data-new/train-set/objaverse/512/colmap/05cc0800609f4fd2bb8815a768f51b6d/images,/project/ricky/splatformer-data-new/train-set/objaverse/512/nerfstudio/05cc0800609f4fd2bb8815a768f51b6d/splatfacto/nerfstudio_models/step-000010001.ckpt,128,36665,,,
05cc0800609f4fd2bb8815a768f51b6d,processed,,128,/project/ricky/splatformer-data-new/train-set/objaverse/128/colmap/05cc0800609f4fd2bb8815a768f51b6d/images,/project/ricky/splatformer-data-new/train-set/objaverse/128/nerfstudio/05cc0800609f4fd2bb8815a768f51b6d/splatfacto/nerfstudio_models/step-000010001.ckpt,128,39111,,,
05cd2622a904432bb8e17cf4839719c5,processed,,512,/project/ricky/splatformer-data-new/train-set/objaverse/512/colmap/05cd2622a904432bb8e17cf4839719c5/images,/project/ricky/splatformer-data-new/train-set/objaverse/512/nerfstudio/05cd2622a904432bb8e17cf4839719c5/splatfacto/nerfstudio_models/step-000010001.ckpt,128,102483,,,
05cd2622a904432bb8e17cf4839719c5,processed,,128,/project/ricky/splatformer-data-new/train-set/objaverse/128/colmap/05cd2622a904432bb8e17cf4839719c5/images,/project/ricky/splatformer-data-new/train-set/objaverse/128/nerfstudio/05cd2622a904432bb8e17cf4839719c5/splatfacto/nerfstudio_models/step-000010001.ckpt,128,84723,,,
05cd3c4585114d65bad34f4ac055ce79,processed,,512,/project/ricky/splatformer-data-new/train-set/objaverse/512/colmap/05cd3c4585114d65bad34f4ac055ce79/images,/project/ricky/splatformer-data-new/train-set/objaverse/512/nerfstudio/05cd3c4585114d65bad34f4ac055ce79/splatfacto/nerfstudio_models/step-000010001.ckpt,128,45508,,,
05cd3c4585114d65bad34f4ac055ce79,processed,,128,/project/ricky/splatformer-data-new/train-set/objaverse/128/colmap/05cd3c4585114d65bad34f4ac055ce79/images,/project/ricky/splatformer-data-new/train-set/objaverse/128/nerfstudio/05cd3c4585114d65bad34f4ac055ce79/splatfacto/nerfstudio_models/step-000010001.ckpt,128,39185,,,
05d2211b1c70403997f055d41674e09d,processed,,512,/project/ricky/splatformer-data-new/train-set/objaverse/512/colmap/05d2211b1c70403997f055d41674e09d/images,/project/ricky/splatformer-data-new/train-set/objaverse/512/nerfstudio/05d2211b1c70403997f055d41674e09d/splatfacto/nerfstudio_models/step-000010001.ckpt,128,54351,,,
05d2211b1c70403997f055d41674e09d,processed,,128,/project/ricky/splatformer-data-new/train-set/objaverse/128/colmap/05d2211b1c70403997f055d41674e09d/images,/project/ricky/splatformer-data-new/train-set/objaverse/128/nerfstudio/05d2211b1c70403997f055d41674e09d/splatfacto/nerfstudio_models/step-000010001.ckpt,128,40034,,,
05d3def8808e49e99bce522f9554a9a2,processed,,512,/project/ricky/splatformer-data-new/train-set/objaverse/512/colmap/05d3def8808e49e99bce522f9554a9a2/images,/project/ricky/splatformer-data-new/train-set/objaverse/512/nerfstudio/05d3def8808e49e99bce522f9554a9a2/splatfacto/nerfstudio_models/step-000010001.ckpt,128,30702,,,
05d3def8808e49e99bce522f9554a9a2,processed,,128,/project/ricky/splatformer-data-new/train-set/objaverse/128/colmap/05d3def8808e49e99bce522f9554a9a2/images,/project/ricky/splatformer-data-new/train-set/objaverse/128/nerfstudio/05d3def8808e49e99bce522f9554a9a2/splatfacto/nerfstudio_models/step-000010001.ckpt,128,21228,,,
05d4cc2e131a4980850c2abe3f25bec5,processed,,512,/project/ricky/splatformer-data-new/train-set/objaverse/512/colmap/05d4cc2e131a4980850c2abe3f25bec5/images,/project/ricky/splatformer-data-new/train-set/objaverse/512/nerfstudio/05d4cc2e131a4980850c2abe3f25bec5/splatfacto/nerfstudio_models/step-000010001.ckpt,128,111480,,,
05d4cc2e131a4980850c2abe3f25bec5,processed,,128,/project/ricky/splatformer-data-new/train-set/objaverse/128/colmap/05d4cc2e131a4980850c2abe3f25bec5/images,/project/ricky/splatformer-data-new/train-set/objaverse/128/nerfstudio/05d4cc2e131a4980850c2abe3f25bec5/splatfacto/nerfstudio_models/step-000010001.ckpt,128,73951,,,
05d6bf3253ee453dabae738947e506b5,processed,,512,/project/ricky/splatformer-data-new/train-set/objaverse/512/colmap/05d6bf3253ee453dabae738947e506b5/images,/project/ricky/splatformer-data-new/train-set/objaverse/512/nerfstudio/05d6bf3253ee453dabae738947e506b5/splatfacto/nerfstudio_models/step-000010001.ckpt,128,87498,,,
05d6bf3253ee453dabae738947e506b5,processed,,128,/project/ricky/splatformer-data-new/train-set/objaverse/128/colmap/05d6bf3253ee453dabae738947e506b5/images,/project/ricky/splatformer-data-new/train-set/objaverse/128/nerfstudio/05d6bf3253ee453dabae738947e506b5/splatfacto/nerfstudio_models/step-000010001.ckpt,128,60741,,,
05d7c3a840394fc7bb9bc136b5d95d77,processed,,512,/project/ricky/splatformer-data-new/train-set/objaverse/512/colmap/05d7c3a840394fc7bb9bc136b5d95d77/images,/project/ricky/splatformer-data-new/train-set/objaverse/512/nerfstudio/05d7c3a840394fc7bb9bc136b5d95d77/splatfacto/nerfstudio_models/step-000010001.ckpt,128,109966,,,
05d7c3a840394fc7bb9bc136b5d95d77,processed,,128,/project/ricky/splatformer-data-new/train-set/objaverse/128/colmap/05d7c3a840394fc7bb9bc136b5d95d77/images,/project/ricky/splatformer-data-new/train-set/objaverse/128/nerfstudio/05d7c3a840394fc7bb9bc136b5d95d77/splatfacto/nerfstudio_models/step-000010001.ckpt,128,44547,,,
05d7fd0c4bb449469ef3a063a6682d9a,processed,,512,/project/ricky/splatformer-data-new/train-set/objaverse/512/colmap/05d7fd0c4bb449469ef3a063a6682d9a/images,/project/ricky/splatformer-data-new/train-set/objaverse/512/nerfstudio/05d7fd0c4bb449469ef3a063a6682d9a/splatfacto/nerfstudio_models/step-000010001.ckpt,128,86523,,,
05d7fd0c4bb449469ef3a063a6682d9a,processed,,128,/project/ricky/splatformer-data-new/train-set/objaverse/128/colmap/05d7fd0c4bb449469ef3a063a6682d9a/images,/project/ricky/splatformer-data-new/train-set/objaverse/128/nerfstudio/05d7fd0c4bb449469ef3a063a6682d9a/splatfacto/nerfstudio_models/step-000010001.ckpt,128,22098,,,
05d89057c5f74801a1f4557fe3bae843,processed,,512,/project/ricky/splatformer-data-new/train-set/objaverse/512/colmap/05d89057c5f74801a1f4557fe3bae843/images,/project/ricky/splatformer-data-new/train-set/objaverse/512/nerfstudio/05d89057c5f74801a1f4557fe3bae843/splatfacto/nerfstudio_models/step-000010001.ckpt,128,90800,,,
05d89057c5f74801a1f4557fe3bae843,processed,,128,/project/ricky/splatformer-data-new/train-set/objaverse/128/colmap/05d89057c5f74801a1f4557fe3bae843/images,/project/ricky/splatformer-data-new/train-set/objaverse/128/nerfstudio/05d89057c5f74801a1f4557fe3bae843/splatfacto/nerfstudio_models/step-000010001.ckpt,128,49356,,,
05ddfea2fe7a4d1dbc5dc0a1ae9acb2a,processed,,512,/project/ricky/splatformer-data-new/train-set/objaverse/512/colmap/05ddfea2fe7a4d1dbc5dc0a1ae9acb2a/images,/project/ricky/splatformer-data-new/train-set/objaverse/512/nerfstudio/05ddfea2fe7a4d1dbc5dc0a1ae9acb2a/splatfacto/nerfstudio_models/step-000010001.ckpt,128,41392,,,
05ddfea2fe7a4d1dbc5dc0a1ae9acb2a,processed,,128,/project/ricky/splatformer-data-new/train-set/objaverse/128/colmap/05ddfea2fe7a4d1dbc5dc0a1ae9acb2a/images,/project/ricky/splatformer-data-new/train-set/objaverse/128/nerfstudio/05ddfea2fe7a4d1dbc5dc0a1ae9acb2a/splatfacto/nerfstudio_models/step-000010001.ckpt,128,38573,,,
05df4f4748d14ffabb114421bb093bf4,processed,,512,/project/ricky/splatformer-data-new/train-set/objaverse/512/colmap/05df4f4748d14ffabb114421bb093bf4/images,/project/ricky/splatformer-data-new/train-set/objaverse/512/nerfstudio/05df4f4748d14ffabb114421bb093bf4/splatfacto/nerfstudio_models/step-000010001.ckpt,128,67713,,,
05df4f4748d14ffabb114421bb093bf4,processed,,128,/project/ricky/splatformer-data-new/train-set/objaverse/128/colmap/05df4f4748d14ffabb114421bb093bf4/images,/project/ricky/splatformer-data-new/train-set/objaverse/128/nerfstudio/05df4f4748d14ffabb114421bb093bf4/splatfacto/nerfstudio_models/step-000010001.ckpt,128,45522,,,
05df5fc57c6c4e08aa7a6a413bbd5ece,processed,,512,/project/ricky/splatformer-data-new/train-set/objaverse/512/colmap/05df5fc57c6c4e08aa7a6a413bbd5ece/images,/project/ricky/splatformer-data-new/train-set/objaverse/512/nerfstudio/05df5fc57c6c4e08aa7a6a413bbd5ece/splatfacto/nerfstudio_models/step-000010001.ckpt,128,13553,,,
05df5fc57c6c4e08aa7a6a413bbd5ece,processed,,128,/project/ricky/splatformer-data-new/train-set/objaverse/128/colmap/05df5fc57c6c4e08aa7a6a413bbd5ece/images,/project/ricky/splatformer-data-new/train-set/objaverse/128/nerfstudio/05df5fc57c6c4e08aa7a6a413bbd5ece/splatfacto/nerfstudio_models/step-000010001.ckpt,128,35501,,,
05e12f80577c4747904ebcea8366271b,processed,,512,/project/ricky/splatformer-data-new/train-set/objaverse/512/colmap/05e12f80577c4747904ebcea8366271b/images,/project/ricky/splatformer-data-new/train-set/objaverse/512/nerfstudio/05e12f80577c4747904ebcea8366271b/splatfacto/nerfstudio_models/step-000010001.ckpt,128,680970,,,
05e12f80577c4747904ebcea8366271b,processed,,128,/project/ricky/splatformer-data-new/train-set/objaverse/128/colmap/05e12f80577c4747904ebcea8366271b/images,/project/ricky/splatformer-data-new/train-set/objaverse/128/nerfstudio/05e12f80577c4747904ebcea8366271b/splatfacto/nerfstudio_models/step-000010001.ckpt,128,117896,,,
05e180bb61f540efb207d362882055c5,processed,,512,/project/ricky/splatformer-data-new/train-set/objaverse/512/colmap/05e180bb61f540efb207d362882055c5/images,/project/ricky/splatformer-data-new/train-set/objaverse/512/nerfstudio/05e180bb61f540efb207d362882055c5/splatfacto/nerfstudio_models/step-000010001.ckpt,128,16751,,,
05e180bb61f540efb207d362882055c5,processed,,128,/project/ricky/splatformer-data-new/train-set/objaverse/128/colmap/05e180bb61f540efb207d362882055c5/images,/project/ricky/splatformer-data-new/train-set/objaverse/128/nerfstudio/05e180bb61f540efb207d362882055c5/splatfacto/nerfstudio_models/step-000010001.ckpt,128,20264,,,
05e5150bdfbc45eabf400ef421c5233a,processed,,512,/project/ricky/splatformer-data-new/train-set/objaverse/512/colmap/05e5150bdfbc45eabf400ef421c5233a/images,/project/ricky/splatformer-data-new/train-set/objaverse/512/nerfstudio/05e5150bdfbc45eabf400ef421c5233a/splatfacto/nerfstudio_models/step-000010001.ckpt,128,246796,,,
05e5150bdfbc45eabf400ef421c5233a,processed,,128,/project/ricky/splatformer-data-new/train-set/objaverse/128/colmap/05e5150bdfbc45eabf400ef421c5233a/images,/project/ricky/splatformer-data-new/train-set/objaverse/128/nerfstudio/05e5150bdfbc45eabf400ef421c5233a/splatfacto/nerfstudio_models/step-000010001.ckpt,128,52032,,,
05e651378e604f3c82a86d6e24b04df9,processed,,512,/project/ricky/splatformer-data-new/train-set/objaverse/512/colmap/05e651378e604f3c82a86d6e24b04df9/images,/project/ricky/splatformer-data-new/train-set/objaverse/512/nerfstudio/05e651378e604f3c82a86d6e24b04df9/splatfacto/nerfstudio_models/step-000010001.ckpt,128,106931,,,
05e651378e604f3c82a86d6e24b04df9,processed,,128,/project/ricky/splatformer-data-new/train-set/objaverse/128/colmap/05e651378e604f3c82a86d6e24b04df9/images,/project/ricky/splatformer-data-new/train-set/objaverse/128/nerfstudio/05e651378e604f3c82a86d6e24b04df9/splatfacto/nerfstudio_models/step-000010001.ckpt,128,91693,,,
05e82319bd344403bd2ddc5faf68de3d,processed,,512,/project/ricky/splatformer-data-new/train-set/objaverse/512/colmap/05e82319bd344403bd2ddc5faf68de3d/images,/project/ricky/splatformer-data-new/train-set/objaverse/512/nerfstudio/05e82319bd344403bd2ddc5faf68de3d/splatfacto/nerfstudio_models/step-000010001.ckpt,128,33248,,,
05e82319bd344403bd2ddc5faf68de3d,processed,,128,/project/ricky/splatformer-data-new/train-set/objaverse/128/colmap/05e82319bd344403bd2ddc5faf68de3d/images,/project/ricky/splatformer-data-new/train-set/objaverse/128/nerfstudio/05e82319bd344403bd2ddc5faf68de3d/splatfacto/nerfstudio_models/step-000010001.ckpt,128,32828,,,
05e9d9341a4642339b32ff751217a839,skipped,missing_ckpt_128,,,,,,,,
05ea33b3a2e74ba789dacef5e3db496e,processed,,512,/project/ricky/splatformer-data-new/train-set/objaverse/512/colmap/05ea33b3a2e74ba789dacef5e3db496e/images,/project/ricky/splatformer-data-new/train-set/objaverse/512/nerfstudio/05ea33b3a2e74ba789dacef5e3db496e/splatfacto/nerfstudio_models/step-000010001.ckpt,128,43099,,,
05ea33b3a2e74ba789dacef5e3db496e,processed,,128,/project/ricky/splatformer-data-new/train-set/objaverse/128/colmap/05ea33b3a2e74ba789dacef5e3db496e/images,/project/ricky/splatformer-data-new/train-set/objaverse/128/nerfstudio/05ea33b3a2e74ba789dacef5e3db496e/splatfacto/nerfstudio_models/step-000010001.ckpt,128,45213,,,
05ee9cde8de1499e8007fcb4681d7649,processed,,512,/project/ricky/splatformer-data-new/train-set/objaverse/512/colmap/05ee9cde8de1499e8007fcb4681d7649/images,/project/ricky/splatformer-data-new/train-set/objaverse/512/nerfstudio/05ee9cde8de1499e8007fcb4681d7649/splatfacto/nerfstudio_models/step-000010001.ckpt,128,32774,,,
05ee9cde8de1499e8007fcb4681d7649,processed,,128,/project/ricky/splatformer-data-new/train-set/objaverse/128/colmap/05ee9cde8de1499e8007fcb4681d7649/images,/project/ricky/splatformer-data-new/train-set/objaverse/128/nerfstudio/05ee9cde8de1499e8007fcb4681d7649/splatfacto/nerfstudio_models/step-000010001.ckpt,128,14899,,,
05eeabb901ec4cf6889a50ea2bf2143c,processed,,512,/project/ricky/splatformer-data-new/train-set/objaverse/512/colmap/05eeabb901ec4cf6889a50ea2bf2143c/images,/project/ricky/splatformer-data-new/train-set/objaverse/512/nerfstudio/05eeabb901ec4cf6889a50ea2bf2143c/splatfacto/nerfstudio_models/step-000010001.ckpt,128,37196,,,
05eeabb901ec4cf6889a50ea2bf2143c,processed,,128,/project/ricky/splatformer-data-new/train-set/objaverse/128/colmap/05eeabb901ec4cf6889a50ea2bf2143c/images,/project/ricky/splatformer-data-new/train-set/objaverse/128/nerfstudio/05eeabb901ec4cf6889a50ea2bf2143c/splatfacto/nerfstudio_models/step-000010001.ckpt,128,28142,,,
05eedd40edd441a0bedb574f7f4a0381,processed,,512,/project/ricky/splatformer-data-new/train-set/objaverse/512/colmap/05eedd40edd441a0bedb574f7f4a0381/images,/project/ricky/splatformer-data-new/train-set/objaverse/512/nerfstudio/05eedd40edd441a0bedb574f7f4a0381/splatfacto/nerfstudio_models/step-000010001.ckpt,128,74379,,,
05eedd40edd441a0bedb574f7f4a0381,processed,,128,/project/ricky/splatformer-data-new/train-set/objaverse/128/colmap/05eedd40edd441a0bedb574f7f4a0381/images,/project/ricky/splatformer-data-new/train-set/objaverse/128/nerfstudio/05eedd40edd441a0bedb574f7f4a0381/splatfacto/nerfstudio_models/step-000010001.ckpt,128,58276,,,
05f36177bbd247c981b6a7cd16dc84cf,processed,,512,/project/ricky/splatformer-data-new/train-set/objaverse/512/colmap/05f36177bbd247c981b6a7cd16dc84cf/images,/project/ricky/splatformer-data-new/train-set/objaverse/512/nerfstudio/05f36177bbd247c981b6a7cd16dc84cf/splatfacto/nerfstudio_models/step-000010001.ckpt,128,44072,,,
05f36177bbd247c981b6a7cd16dc84cf,processed,,128,/project/ricky/splatformer-data-new/train-set/objaverse/128/colmap/05f36177bbd247c981b6a7cd16dc84cf/images,/project/ricky/splatformer-data-new/train-set/objaverse/128/nerfstudio/05f36177bbd247c981b6a7cd16dc84cf/splatfacto/nerfstudio_models/step-000010001.ckpt,128,30487,,,
05f62a317a1447f984e3ddbad7a53f7a,processed,,512,/project/ricky/splatformer-data-new/train-set/objaverse/512/colmap/05f62a317a1447f984e3ddbad7a53f7a/images,/project/ricky/splatformer-data-new/train-set/objaverse/512/nerfstudio/05f62a317a1447f984e3ddbad7a53f7a/splatfacto/nerfstudio_models/step-000010001.ckpt,128,52570,,,
05f62a317a1447f984e3ddbad7a53f7a,processed,,128,/project/ricky/splatformer-data-new/train-set/objaverse/128/colmap/05f62a317a1447f984e3ddbad7a53f7a/images,/project/ricky/splatformer-data-new/train-set/objaverse/128/nerfstudio/05f62a317a1447f984e3ddbad7a53f7a/splatfacto/nerfstudio_models/step-000010001.ckpt,128,53458,,,
05f69fcd4b304477ab382a8f58898bb5,processed,,512,/project/ricky/splatformer-data-new/train-set/objaverse/512/colmap/05f69fcd4b304477ab382a8f58898bb5/images,/project/ricky/splatformer-data-new/train-set/objaverse/512/nerfstudio/05f69fcd4b304477ab382a8f58898bb5/splatfacto/nerfstudio_models/step-000010001.ckpt,128,55186,,,
05f69fcd4b304477ab382a8f58898bb5,processed,,128,/project/ricky/splatformer-data-new/train-set/objaverse/128/colmap/05f69fcd4b304477ab382a8f58898bb5/images,/project/ricky/splatformer-data-new/train-set/objaverse/128/nerfstudio/05f69fcd4b304477ab382a8f58898bb5/splatfacto/nerfstudio_models/step-000010001.ckpt,128,14446,,,
05f930ec7f344d5b894ae50e83fb9907,processed,,512,/project/ricky/splatformer-data-new/train-set/objaverse/512/colmap/05f930ec7f344d5b894ae50e83fb9907/images,/project/ricky/splatformer-data-new/train-set/objaverse/512/nerfstudio/05f930ec7f344d5b894ae50e83fb9907/splatfacto/nerfstudio_models/step-000010001.ckpt,128,48161,,,
05f930ec7f344d5b894ae50e83fb9907,processed,,128,/project/ricky/splatformer-data-new/train-set/objaverse/128/colmap/05f930ec7f344d5b894ae50e83fb9907/images,/project/ricky/splatformer-data-new/train-set/objaverse/128/nerfstudio/05f930ec7f344d5b894ae50e83fb9907/splatfacto/nerfstudio_models/step-000010001.ckpt,128,42192,,,
05fb379466a243519f18107b57f711a6,processed,,512,/project/ricky/splatformer-data-new/train-set/objaverse/512/colmap/05fb379466a243519f18107b57f711a6/images,/project/ricky/splatformer-data-new/train-set/objaverse/512/nerfstudio/05fb379466a243519f18107b57f711a6/splatfacto/nerfstudio_models/step-000010001.ckpt,128,106832,,,
05fb379466a243519f18107b57f711a6,processed,,128,/project/ricky/splatformer-data-new/train-set/objaverse/128/colmap/05fb379466a243519f18107b57f711a6/images,/project/ricky/splatformer-data-new/train-set/objaverse/128/nerfstudio/05fb379466a243519f18107b57f711a6/splatfacto/nerfstudio_models/step-000010001.ckpt,128,85466,,,
05fc70e269aa4e01a9708b3de332c59e,processed,,512,/project/ricky/splatformer-data-new/train-set/objaverse/512/colmap/05fc70e269aa4e01a9708b3de332c59e/images,/project/ricky/splatformer-data-new/train-set/objaverse/512/nerfstudio/05fc70e269aa4e01a9708b3de332c59e/splatfacto/nerfstudio_models/step-000010001.ckpt,128,41778,,,
05fc70e269aa4e01a9708b3de332c59e,processed,,128,/project/ricky/splatformer-data-new/train-set/objaverse/128/colmap/05fc70e269aa4e01a9708b3de332c59e/images,/project/ricky/splatformer-data-new/train-set/objaverse/128/nerfstudio/05fc70e269aa4e01a9708b3de332c59e/splatfacto/nerfstudio_models/step-000010001.ckpt,128,27582,,,
05fdd1da3f5745b0bdc931d22735968a,processed,,512,/project/ricky/splatformer-data-new/train-set/objaverse/512/colmap/05fdd1da3f5745b0bdc931d22735968a/images,/project/ricky/splatformer-data-new/train-set/objaverse/512/nerfstudio/05fdd1da3f5745b0bdc931d22735968a/splatfacto/nerfstudio_models/step-000010001.ckpt,128,71700,,,
05fdd1da3f5745b0bdc931d22735968a,processed,,128,/project/ricky/splatformer-data-new/train-set/objaverse/128/colmap/05fdd1da3f5745b0bdc931d22735968a/images,/project/ricky/splatformer-data-new/train-set/objaverse/128/nerfstudio/05fdd1da3f5745b0bdc931d22735968a/splatfacto/nerfstudio_models/step-000010001.ckpt,128,38253,,,
06043fcca53049f4a06b35a8755ef46f,processed,,512,/project/ricky/splatformer-data-new/train-set/objaverse/512/colmap/06043fcca53049f4a06b35a8755ef46f/images,/project/ricky/splatformer-data-new/train-set/objaverse/512/nerfstudio/06043fcca53049f4a06b35a8755ef46f/splatfacto/nerfstudio_models/step-000010001.ckpt,128,34616,,,
06043fcca53049f4a06b35a8755ef46f,processed,,128,/project/ricky/splatformer-data-new/train-set/objaverse/128/colmap/06043fcca53049f4a06b35a8755ef46f/images,/project/ricky/splatformer-data-new/train-set/objaverse/128/nerfstudio/06043fcca53049f4a06b35a8755ef46f/splatfacto/nerfstudio_models/step-000010001.ckpt,128,29038,,,
0606c416c8834089968192c0115a9a72,processed,,512,/project/ricky/splatformer-data-new/train-set/objaverse/512/colmap/0606c416c8834089968192c0115a9a72/images,/project/ricky/splatformer-data-new/train-set/objaverse/512/nerfstudio/0606c416c8834089968192c0115a9a72/splatfacto/nerfstudio_models/step-000010001.ckpt,128,54404,,,
0606c416c8834089968192c0115a9a72,processed,,128,/project/ricky/splatformer-data-new/train-set/objaverse/128/colmap/0606c416c8834089968192c0115a9a72/images,/project/ricky/splatformer-data-new/train-set/objaverse/128/nerfstudio/0606c416c8834089968192c0115a9a72/splatfacto/nerfstudio_models/step-000010001.ckpt,128,25358,,,
0608677dbfa04c8d9ae65de4466262ab,processed,,512,/project/ricky/splatformer-data-new/train-set/objaverse/512/colmap/0608677dbfa04c8d9ae65de4466262ab/images,/project/ricky/splatformer-data-new/train-set/objaverse/512/nerfstudio/0608677dbfa04c8d9ae65de4466262ab/splatfacto/nerfstudio_models/step-000010001.ckpt,128,76070,,,
0608677dbfa04c8d9ae65de4466262ab,processed,,128,/project/ricky/splatformer-data-new/train-set/objaverse/128/colmap/0608677dbfa04c8d9ae65de4466262ab/images,/project/ricky/splatformer-data-new/train-set/objaverse/128/nerfstudio/0608677dbfa04c8d9ae65de4466262ab/splatfacto/nerfstudio_models/step-000010001.ckpt,128,53817,,,
0608bcab377a480bacf96cf59bf5f37c,processed,,512,/project/ricky/splatformer-data-new/train-set/objaverse/512/colmap/0608bcab377a480bacf96cf59bf5f37c/images,/project/ricky/splatformer-data-new/train-set/objaverse/512/nerfstudio/0608bcab377a480bacf96cf59bf5f37c/splatfacto/nerfstudio_models/step-000010001.ckpt,128,80540,,,
0608bcab377a480bacf96cf59bf5f37c,processed,,128,/project/ricky/splatformer-data-new/train-set/objaverse/128/colmap/0608bcab377a480bacf96cf59bf5f37c/images,/project/ricky/splatformer-data-new/train-set/objaverse/128/nerfstudio/0608bcab377a480bacf96cf59bf5f37c/splatfacto/nerfstudio_models/step-000010001.ckpt,128,71643,,,
060e7ca974824c09a0ba8735f86805a0,processed,,512,/project/ricky/splatformer-data-new/train-set/objaverse/512/colmap/060e7ca974824c09a0ba8735f86805a0/images,/project/ricky/splatformer-data-new/train-set/objaverse/512/nerfstudio/060e7ca974824c09a0ba8735f86805a0/splatfacto/nerfstudio_models/step-000010001.ckpt,128,63301,,,
060e7ca974824c09a0ba8735f86805a0,processed,,128,/project/ricky/splatformer-data-new/train-set/objaverse/128/colmap/060e7ca974824c09a0ba8735f86805a0/images,/project/ricky/splatformer-data-new/train-set/objaverse/128/nerfstudio/060e7ca974824c09a0ba8735f86805a0/splatfacto/nerfstudio_models/step-000010001.ckpt,128,23956,,,
060f8fa894404bddaf26fcc551ee7a57,processed,,512,/project/ricky/splatformer-data-new/train-set/objaverse/512/colmap/060f8fa894404bddaf26fcc551ee7a57/images,/project/ricky/splatformer-data-new/train-set/objaverse/512/nerfstudio/060f8fa894404bddaf26fcc551ee7a57/splatfacto/nerfstudio_models/step-000010001.ckpt,128,129340,,,
060f8fa894404bddaf26fcc551ee7a57,processed,,128,/project/ricky/splatformer-data-new/train-set/objaverse/128/colmap/060f8fa894404bddaf26fcc551ee7a57/images,/project/ricky/splatformer-data-new/train-set/objaverse/128/nerfstudio/060f8fa894404bddaf26fcc551ee7a57/splatfacto/nerfstudio_models/step-000010001.ckpt,128,54157,,,
061004996c974ae89117557591d3cbc0,processed,,512,/project/ricky/splatformer-data-new/train-set/objaverse/512/colmap/061004996c974ae89117557591d3cbc0/images,/project/ricky/splatformer-data-new/train-set/objaverse/512/nerfstudio/061004996c974ae89117557591d3cbc0/splatfacto/nerfstudio_models/step-000010001.ckpt,128,151504,,,
061004996c974ae89117557591d3cbc0,processed,,128,/project/ricky/splatformer-data-new/train-set/objaverse/128/colmap/061004996c974ae89117557591d3cbc0/images,/project/ricky/splatformer-data-new/train-set/objaverse/128/nerfstudio/061004996c974ae89117557591d3cbc0/splatfacto/nerfstudio_models/step-000010001.ckpt,128,74282,,,
0610e600a7ed4199932d296fb37bcf11,processed,,512,/project/ricky/splatformer-data-new/train-set/objaverse/512/colmap/0610e600a7ed4199932d296fb37bcf11/images,/project/ricky/splatformer-data-new/train-set/objaverse/512/nerfstudio/0610e600a7ed4199932d296fb37bcf11/splatfacto/nerfstudio_models/step-000010001.ckpt,128,100697,,,
0610e600a7ed4199932d296fb37bcf11,processed,,128,/project/ricky/splatformer-data-new/train-set/objaverse/128/colmap/0610e600a7ed4199932d296fb37bcf11/images,/project/ricky/splatformer-data-new/train-set/objaverse/128/nerfstudio/0610e600a7ed4199932d296fb37bcf11/splatfacto/nerfstudio_models/step-000010001.ckpt,128,55443,,,
0610fdd5476043f78649c95786373b6d,processed,,512,/project/ricky/splatformer-data-new/train-set/objaverse/512/colmap/0610fdd5476043f78649c95786373b6d/images,/project/ricky/splatformer-data-new/train-set/objaverse/512/nerfstudio/0610fdd5476043f78649c95786373b6d/splatfacto/nerfstudio_models/step-000010001.ckpt,128,111263,,,
0610fdd5476043f78649c95786373b6d,processed,,128,/project/ricky/splatformer-data-new/train-set/objaverse/128/colmap/0610fdd5476043f78649c95786373b6d/images,/project/ricky/splatformer-data-new/train-set/objaverse/128/nerfstudio/0610fdd5476043f78649c95786373b6d/splatfacto/nerfstudio_models/step-000010001.ckpt,128,45514,,,
06169cab274648d1a45429381adcb77e,processed,,512,/project/ricky/splatformer-data-new/train-set/objaverse/512/colmap/06169cab274648d1a45429381adcb77e/images,/project/ricky/splatformer-data-new/train-set/objaverse/512/nerfstudio/06169cab274648d1a45429381adcb77e/splatfacto/nerfstudio_models/step-000010001.ckpt,128,110113,,,
06169cab274648d1a45429381adcb77e,processed,,128,/project/ricky/splatformer-data-new/train-set/objaverse/128/colmap/06169cab274648d1a45429381adcb77e/images,/project/ricky/splatformer-data-new/train-set/objaverse/128/nerfstudio/06169cab274648d1a45429381adcb77e/splatfacto/nerfstudio_models/step-000010001.ckpt,128,65747,,,
061806c715874de988674bc6dba0d7d5,processed,,512,/project/ricky/splatformer-data-new/train-set/objaverse/512/colmap/061806c715874de988674bc6dba0d7d5/images,/project/ricky/splatformer-data-new/train-set/objaverse/512/nerfstudio/061806c715874de988674bc6dba0d7d5/splatfacto/nerfstudio_models/step-000010001.ckpt,128,47366,,,
061806c715874de988674bc6dba0d7d5,processed,,128,/project/ricky/splatformer-data-new/train-set/objaverse/128/colmap/061806c715874de988674bc6dba0d7d5/images,/project/ricky/splatformer-data-new/train-set/objaverse/128/nerfstudio/061806c715874de988674bc6dba0d7d5/splatfacto/nerfstudio_models/step-000010001.ckpt,128,19275,,,
061993d2024f480480a57d810222ebef,processed,,512,/project/ricky/splatformer-data-new/train-set/objaverse/512/colmap/061993d2024f480480a57d810222ebef/images,/project/ricky/splatformer-data-new/train-set/objaverse/512/nerfstudio/061993d2024f480480a57d810222ebef/splatfacto/nerfstudio_models/step-000010001.ckpt,128,21605,,,
061993d2024f480480a57d810222ebef,processed,,128,/project/ricky/splatformer-data-new/train-set/objaverse/128/colmap/061993d2024f480480a57d810222ebef/images,/project/ricky/splatformer-data-new/train-set/objaverse/128/nerfstudio/061993d2024f480480a57d810222ebef/splatfacto/nerfstudio_models/step-000010001.ckpt,128,6504,,,
061d7cd4cb644a3bb6442314ea02357d,processed,,512,/project/ricky/splatformer-data-new/train-set/objaverse/512/colmap/061d7cd4cb644a3bb6442314ea02357d/images,/project/ricky/splatformer-data-new/train-set/objaverse/512/nerfstudio/061d7cd4cb644a3bb6442314ea02357d/splatfacto/nerfstudio_models/step-000010001.ckpt,128,55227,,,
061d7cd4cb644a3bb6442314ea02357d,processed,,128,/project/ricky/splatformer-data-new/train-set/objaverse/128/colmap/061d7cd4cb644a3bb6442314ea02357d/images,/project/ricky/splatformer-data-new/train-set/objaverse/128/nerfstudio/061d7cd4cb644a3bb6442314ea02357d/splatfacto/nerfstudio_models/step-000010001.ckpt,128,43742,,,
06216efb3bbc4358bb06329f4e1810f4,processed,,512,/project/ricky/splatformer-data-new/train-set/objaverse/512/colmap/06216efb3bbc4358bb06329f4e1810f4/images,/project/ricky/splatformer-data-new/train-set/objaverse/512/nerfstudio/06216efb3bbc4358bb06329f4e1810f4/splatfacto/nerfstudio_models/step-000010001.ckpt,128,70138,,,
06216efb3bbc4358bb06329f4e1810f4,processed,,128,/project/ricky/splatformer-data-new/train-set/objaverse/128/colmap/06216efb3bbc4358bb06329f4e1810f4/images,/project/ricky/splatformer-data-new/train-set/objaverse/128/nerfstudio/06216efb3bbc4358bb06329f4e1810f4/splatfacto/nerfstudio_models/step-000010001.ckpt,128,75994,,,
0625374e7eb2489f9ed77d6e55028c59,processed,,512,/project/ricky/splatformer-data-new/train-set/objaverse/512/colmap/0625374e7eb2489f9ed77d6e55028c59/images,/project/ricky/splatformer-data-new/train-set/objaverse/512/nerfstudio/0625374e7eb2489f9ed77d6e55028c59/splatfacto/nerfstudio_models/step-000010001.ckpt,128,15706,,,
0625374e7eb2489f9ed77d6e55028c59,processed,,128,/project/ricky/splatformer-data-new/train-set/objaverse/128/colmap/0625374e7eb2489f9ed77d6e55028c59/images,/project/ricky/splatformer-data-new/train-set/objaverse/128/nerfstudio/0625374e7eb2489f9ed77d6e55028c59/splatfacto/nerfstudio_models/step-000010001.ckpt,128,12720,,,
06256fce2ea74ef6b699266fac13bece,processed,,512,/project/ricky/splatformer-data-new/train-set/objaverse/512/colmap/06256fce2ea74ef6b699266fac13bece/images,/project/ricky/splatformer-data-new/train-set/objaverse/512/nerfstudio/06256fce2ea74ef6b699266fac13bece/splatfacto/nerfstudio_models/step-000010001.ckpt,128,53425,,,
06256fce2ea74ef6b699266fac13bece,processed,,128,/project/ricky/splatformer-data-new/train-set/objaverse/128/colmap/06256fce2ea74ef6b699266fac13bece/images,/project/ricky/splatformer-data-new/train-set/objaverse/128/nerfstudio/06256fce2ea74ef6b699266fac13bece/splatfacto/nerfstudio_models/step-000010001.ckpt,128,26251,,,
0627d8687b1245b0b7a4255071e2a023,processed,,512,/project/ricky/splatformer-data-new/train-set/objaverse/512/colmap/0627d8687b1245b0b7a4255071e2a023/images,/project/ricky/splatformer-data-new/train-set/objaverse/512/nerfstudio/0627d8687b1245b0b7a4255071e2a023/splatfacto/nerfstudio_models/step-000010001.ckpt,128,31406,,,
0627d8687b1245b0b7a4255071e2a023,processed,,128,/project/ricky/splatformer-data-new/train-set/objaverse/128/colmap/0627d8687b1245b0b7a4255071e2a023/images,/project/ricky/splatformer-data-new/train-set/objaverse/128/nerfstudio/0627d8687b1245b0b7a4255071e2a023/splatfacto/nerfstudio_models/step-000010001.ckpt,128,35521,,,
0628b3ca2be14ddcbccb237bc969e67e,processed,,512,/project/ricky/splatformer-data-new/train-set/objaverse/512/colmap/0628b3ca2be14ddcbccb237bc969e67e/images,/project/ricky/splatformer-data-new/train-set/objaverse/512/nerfstudio/0628b3ca2be14ddcbccb237bc969e67e/splatfacto/nerfstudio_models/step-000010001.ckpt,128,75293,,,
0628b3ca2be14ddcbccb237bc969e67e,processed,,128,/project/ricky/splatformer-data-new/train-set/objaverse/128/colmap/0628b3ca2be14ddcbccb237bc969e67e/images,/project/ricky/splatformer-data-new/train-set/objaverse/128/nerfstudio/0628b3ca2be14ddcbccb237bc969e67e/splatfacto/nerfstudio_models/step-000010001.ckpt,128,48079,,,
0628bc6c0c0a4eb19b7d4518ba417589,processed,,512,/project/ricky/splatformer-data-new/train-set/objaverse/512/colmap/0628bc6c0c0a4eb19b7d4518ba417589/images,/project/ricky/splatformer-data-new/train-set/objaverse/512/nerfstudio/0628bc6c0c0a4eb19b7d4518ba417589/splatfacto/nerfstudio_models/step-000010001.ckpt,128,36089,,,
0628bc6c0c0a4eb19b7d4518ba417589,processed,,128,/project/ricky/splatformer-data-new/train-set/objaverse/128/colmap/0628bc6c0c0a4eb19b7d4518ba417589/images,/project/ricky/splatformer-data-new/train-set/objaverse/128/nerfstudio/0628bc6c0c0a4eb19b7d4518ba417589/splatfacto/nerfstudio_models/step-000010001.ckpt,128,22542,,,
062a4f7e45a245c48f2a9909b91f55e4,processed,,512,/project/ricky/splatformer-data-new/train-set/objaverse/512/colmap/062a4f7e45a245c48f2a9909b91f55e4/images,/project/ricky/splatformer-data-new/train-set/objaverse/512/nerfstudio/062a4f7e45a245c48f2a9909b91f55e4/splatfacto/nerfstudio_models/step-000010001.ckpt,128,39244,,,
062a4f7e45a245c48f2a9909b91f55e4,processed,,128,/project/ricky/splatformer-data-new/train-set/objaverse/128/colmap/062a4f7e45a245c48f2a9909b91f55e4/images,/project/ricky/splatformer-data-new/train-set/objaverse/128/nerfstudio/062a4f7e45a245c48f2a9909b91f55e4/splatfacto/nerfstudio_models/step-000010001.ckpt,128,53255,,,
062aebbe2d0e45d7bc96edc77a9763ad,processed,,512,/project/ricky/splatformer-data-new/train-set/objaverse/512/colmap/062aebbe2d0e45d7bc96edc77a9763ad/images,/project/ricky/splatformer-data-new/train-set/objaverse/512/nerfstudio/062aebbe2d0e45d7bc96edc77a9763ad/splatfacto/nerfstudio_models/step-000010001.ckpt,128,30156,,,
062aebbe2d0e45d7bc96edc77a9763ad,processed,,128,/project/ricky/splatformer-data-new/train-set/objaverse/128/colmap/062aebbe2d0e45d7bc96edc77a9763ad/images,/project/ricky/splatformer-data-new/train-set/objaverse/128/nerfstudio/062aebbe2d0e45d7bc96edc77a9763ad/splatfacto/nerfstudio_models/step-000010001.ckpt,128,26963,,,
062cc6aa52e64784b969738d81d4ceff,processed,,512,/project/ricky/splatformer-data-new/train-set/objaverse/512/colmap/062cc6aa52e64784b969738d81d4ceff/images,/project/ricky/splatformer-data-new/train-set/objaverse/512/nerfstudio/062cc6aa52e64784b969738d81d4ceff/splatfacto/nerfstudio_models/step-000010001.ckpt,128,37425,,,
062cc6aa52e64784b969738d81d4ceff,processed,,128,/project/ricky/splatformer-data-new/train-set/objaverse/128/colmap/062cc6aa52e64784b969738d81d4ceff/images,/project/ricky/splatformer-data-new/train-set/objaverse/128/nerfstudio/062cc6aa52e64784b969738d81d4ceff/splatfacto/nerfstudio_models/step-000010001.ckpt,128,39387,,,
0631e4f31a1b4d6081675ec2e0e37ab5,processed,,512,/project/ricky/splatformer-data-new/train-set/objaverse/512/colmap/0631e4f31a1b4d6081675ec2e0e37ab5/images,/project/ricky/splatformer-data-new/train-set/objaverse/512/nerfstudio/0631e4f31a1b4d6081675ec2e0e37ab5/splatfacto/nerfstudio_models/step-000010001.ckpt,128,45934,,,
0631e4f31a1b4d6081675ec2e0e37ab5,processed,,128,/project/ricky/splatformer-data-new/train-set/objaverse/128/colmap/0631e4f31a1b4d6081675ec2e0e37ab5/images,/project/ricky/splatformer-data-new/train-set/objaverse/128/nerfstudio/0631e4f31a1b4d6081675ec2e0e37ab5/splatfacto/nerfstudio_models/step-000010001.ckpt,128,26433,,,
063392fe02764f19bd56a93a2aa0910e,processed,,512,/project/ricky/splatformer-data-new/train-set/objaverse/512/colmap/063392fe02764f19bd56a93a2aa0910e/images,/project/ricky/splatformer-data-new/train-set/objaverse/512/nerfstudio/063392fe02764f19bd56a93a2aa0910e/splatfacto/nerfstudio_models/step-000010001.ckpt,128,98965,,,
063392fe02764f19bd56a93a2aa0910e,processed,,128,/project/ricky/splatformer-data-new/train-set/objaverse/128/colmap/063392fe02764f19bd56a93a2aa0910e/images,/project/ricky/splatformer-data-new/train-set/objaverse/128/nerfstudio/063392fe02764f19bd56a93a2aa0910e/splatfacto/nerfstudio_models/step-000010001.ckpt,128,73181,,,
0633fed5c598431cbeba23d085433ccf,processed,,512,/project/ricky/splatformer-data-new/train-set/objaverse/512/colmap/0633fed5c598431cbeba23d085433ccf/images,/project/ricky/splatformer-data-new/train-set/objaverse/512/nerfstudio/0633fed5c598431cbeba23d085433ccf/splatfacto/nerfstudio_models/step-000010001.ckpt,128,31935,,,
0633fed5c598431cbeba23d085433ccf,processed,,128,/project/ricky/splatformer-data-new/train-set/objaverse/128/colmap/0633fed5c598431cbeba23d085433ccf/images,/project/ricky/splatformer-data-new/train-set/objaverse/128/nerfstudio/0633fed5c598431cbeba23d085433ccf/splatfacto/nerfstudio_models/step-000010001.ckpt,128,26216,,,
06362c43768240c8a5765ee155be8042,processed,,512,/project/ricky/splatformer-data-new/train-set/objaverse/512/colmap/06362c43768240c8a5765ee155be8042/images,/project/ricky/splatformer-data-new/train-set/objaverse/512/nerfstudio/06362c43768240c8a5765ee155be8042/splatfacto/nerfstudio_models/step-000010001.ckpt,128,49113,,,
06362c43768240c8a5765ee155be8042,processed,,128,/project/ricky/splatformer-data-new/train-set/objaverse/128/colmap/06362c43768240c8a5765ee155be8042/images,/project/ricky/splatformer-data-new/train-set/objaverse/128/nerfstudio/06362c43768240c8a5765ee155be8042/splatfacto/nerfstudio_models/step-000010001.ckpt,128,23692,,,
0638a4864bde4c43a2e6917c1381388a,processed,,512,/project/ricky/splatformer-data-new/train-set/objaverse/512/colmap/0638a4864bde4c43a2e6917c1381388a/images,/project/ricky/splatformer-data-new/train-set/objaverse/512/nerfstudio/0638a4864bde4c43a2e6917c1381388a/splatfacto/nerfstudio_models/step-000010001.ckpt,128,65412,,,
0638a4864bde4c43a2e6917c1381388a,processed,,128,/project/ricky/splatformer-data-new/train-set/objaverse/128/colmap/0638a4864bde4c43a2e6917c1381388a/images,/project/ricky/splatformer-data-new/train-set/objaverse/128/nerfstudio/0638a4864bde4c43a2e6917c1381388a/splatfacto/nerfstudio_models/step-000010001.ckpt,128,39655,,,
0638e1302fd24cb9b3f310721554a699,processed,,512,/project/ricky/splatformer-data-new/train-set/objaverse/512/colmap/0638e1302fd24cb9b3f310721554a699/images,/project/ricky/splatformer-data-new/train-set/objaverse/512/nerfstudio/0638e1302fd24cb9b3f310721554a699/splatfacto/nerfstudio_models/step-000010001.ckpt,128,27934,,,
0638e1302fd24cb9b3f310721554a699,processed,,128,/project/ricky/splatformer-data-new/train-set/objaverse/128/colmap/0638e1302fd24cb9b3f310721554a699/images,/project/ricky/splatformer-data-new/train-set/objaverse/128/nerfstudio/0638e1302fd24cb9b3f310721554a699/splatfacto/nerfstudio_models/step-000010001.ckpt,128,34898,,,
063ebed781ad472ca0f55bec32cc08f9,processed,,512,/project/ricky/splatformer-data-new/train-set/objaverse/512/colmap/063ebed781ad472ca0f55bec32cc08f9/images,/project/ricky/splatformer-data-new/train-set/objaverse/512/nerfstudio/063ebed781ad472ca0f55bec32cc08f9/splatfacto/nerfstudio_models/step-000010001.ckpt,128,27451,,,
063ebed781ad472ca0f55bec32cc08f9,processed,,128,/project/ricky/splatformer-data-new/train-set/objaverse/128/colmap/063ebed781ad472ca0f55bec32cc08f9/images,/project/ricky/splatformer-data-new/train-set/objaverse/128/nerfstudio/063ebed781ad472ca0f55bec32cc08f9/splatfacto/nerfstudio_models/step-000010001.ckpt,128,8236,,,
06417230a4c74e4a93b9d659b25970a1,processed,,512,/project/ricky/splatformer-data-new/train-set/objaverse/512/colmap/06417230a4c74e4a93b9d659b25970a1/images,/project/ricky/splatformer-data-new/train-set/objaverse/512/nerfstudio/06417230a4c74e4a93b9d659b25970a1/splatfacto/nerfstudio_models/step-000010001.ckpt,128,56380,,,
06417230a4c74e4a93b9d659b25970a1,processed,,128,/project/ricky/splatformer-data-new/train-set/objaverse/128/colmap/06417230a4c74e4a93b9d659b25970a1/images,/project/ricky/splatformer-data-new/train-set/objaverse/128/nerfstudio/06417230a4c74e4a93b9d659b25970a1/splatfacto/nerfstudio_models/step-000010001.ckpt,128,35083,,,
06466a18765f4fb0b71eb05875cb6e12,processed,,512,/project/ricky/splatformer-data-new/train-set/objaverse/512/colmap/06466a18765f4fb0b71eb05875cb6e12/images,/project/ricky/splatformer-data-new/train-set/objaverse/512/nerfstudio/06466a18765f4fb0b71eb05875cb6e12/splatfacto/nerfstudio_models/step-000010001.ckpt,128,95926,,,
06466a18765f4fb0b71eb05875cb6e12,processed,,128,/project/ricky/splatformer-data-new/train-set/objaverse/128/colmap/06466a18765f4fb0b71eb05875cb6e12/images,/project/ricky/splatformer-data-new/train-set/objaverse/128/nerfstudio/06466a18765f4fb0b71eb05875cb6e12/splatfacto/nerfstudio_models/step-000010001.ckpt,128,39846,,,
0646cb09a5114642957044e721ab703d,processed,,512,/project/ricky/splatformer-data-new/train-set/objaverse/512/colmap/0646cb09a5114642957044e721ab703d/images,/project/ricky/splatformer-data-new/train-set/objaverse/512/nerfstudio/0646cb09a5114642957044e721ab703d/splatfacto/nerfstudio_models/step-000010001.ckpt,128,20744,,,
0646cb09a5114642957044e721ab703d,processed,,128,/project/ricky/splatformer-data-new/train-set/objaverse/128/colmap/0646cb09a5114642957044e721ab703d/images,/project/ricky/splatformer-data-new/train-set/objaverse/128/nerfstudio/0646cb09a5114642957044e721ab703d/splatfacto/nerfstudio_models/step-000010001.ckpt,128,22738,,,
064849621a37427da7b8f83a6abb699e,processed,,512,/project/ricky/splatformer-data-new/train-set/objaverse/512/colmap/064849621a37427da7b8f83a6abb699e/images,/project/ricky/splatformer-data-new/train-set/objaverse/512/nerfstudio/064849621a37427da7b8f83a6abb699e/splatfacto/nerfstudio_models/step-000010001.ckpt,128,20871,,,
064849621a37427da7b8f83a6abb699e,processed,,128,/project/ricky/splatformer-data-new/train-set/objaverse/128/colmap/064849621a37427da7b8f83a6abb699e/images,/project/ricky/splatformer-data-new/train-set/objaverse/128/nerfstudio/064849621a37427da7b8f83a6abb699e/splatfacto/nerfstudio_models/step-000010001.ckpt,128,16713,,,
064a4adc578f46c7939e743dd1ef4a56,processed,,512,/project/ricky/splatformer-data-new/train-set/objaverse/512/colmap/064a4adc578f46c7939e743dd1ef4a56/images,/project/ricky/splatformer-data-new/train-set/objaverse/512/nerfstudio/064a4adc578f46c7939e743dd1ef4a56/splatfacto/nerfstudio_models/step-000010001.ckpt,128,38492,,,
064a4adc578f46c7939e743dd1ef4a56,processed,,128,/project/ricky/splatformer-data-new/train-set/objaverse/128/colmap/064a4adc578f46c7939e743dd1ef4a56/images,/project/ricky/splatformer-data-new/train-set/objaverse/128/nerfstudio/064a4adc578f46c7939e743dd1ef4a56/splatfacto/nerfstudio_models/step-000010001.ckpt,128,23097,,,
0650a58cbd8d48498d7a3ef4a2784aca,processed,,512,/project/ricky/splatformer-data-new/train-set/objaverse/512/colmap/0650a58cbd8d48498d7a3ef4a2784aca/images,/project/ricky/splatformer-data-new/train-set/objaverse/512/nerfstudio/0650a58cbd8d48498d7a3ef4a2784aca/splatfacto/nerfstudio_models/step-000010001.ckpt,128,34457,,,
0650a58cbd8d48498d7a3ef4a2784aca,processed,,128,/project/ricky/splatformer-data-new/train-set/objaverse/128/colmap/0650a58cbd8d48498d7a3ef4a2784aca/images,/project/ricky/splatformer-data-new/train-set/objaverse/128/nerfstudio/0650a58cbd8d48498d7a3ef4a2784aca/splatfacto/nerfstudio_models/step-000010001.ckpt,128,31683,,,
065347b3aeb146489835300d265a7ce5,processed,,512,/project/ricky/splatformer-data-new/train-set/objaverse/512/colmap/065347b3aeb146489835300d265a7ce5/images,/project/ricky/splatformer-data-new/train-set/objaverse/512/nerfstudio/065347b3aeb146489835300d265a7ce5/splatfacto/nerfstudio_models/step-000010001.ckpt,128,88464,,,
065347b3aeb146489835300d265a7ce5,processed,,128,/project/ricky/splatformer-data-new/train-set/objaverse/128/colmap/065347b3aeb146489835300d265a7ce5/images,/project/ricky/splatformer-data-new/train-set/objaverse/128/nerfstudio/065347b3aeb146489835300d265a7ce5/splatfacto/nerfstudio_models/step-000010001.ckpt,128,58800,,,
06559cc5d35f4728a461dbd3d3e88909,processed,,512,/project/ricky/splatformer-data-new/train-set/objaverse/512/colmap/06559cc5d35f4728a461dbd3d3e88909/images,/project/ricky/splatformer-data-new/train-set/objaverse/512/nerfstudio/06559cc5d35f4728a461dbd3d3e88909/splatfacto/nerfstudio_models/step-000010001.ckpt,128,134415,,,
06559cc5d35f4728a461dbd3d3e88909,processed,,128,/project/ricky/splatformer-data-new/train-set/objaverse/128/colmap/06559cc5d35f4728a461dbd3d3e88909/images,/project/ricky/splatformer-data-new/train-set/objaverse/128/nerfstudio/06559cc5d35f4728a461dbd3d3e88909/splatfacto/nerfstudio_models/step-000010001.ckpt,128,105515,,,
0655ee21855042e3a49d4049ebdc281b,processed,,512,/project/ricky/splatformer-data-new/train-set/objaverse/512/colmap/0655ee21855042e3a49d4049ebdc281b/images,/project/ricky/splatformer-data-new/train-set/objaverse/512/nerfstudio/0655ee21855042e3a49d4049ebdc281b/splatfacto/nerfstudio_models/step-000010001.ckpt,128,78255,,,
0655ee21855042e3a49d4049ebdc281b,processed,,128,/project/ricky/splatformer-data-new/train-set/objaverse/128/colmap/0655ee21855042e3a49d4049ebdc281b/images,/project/ricky/splatformer-data-new/train-set/objaverse/128/nerfstudio/0655ee21855042e3a49d4049ebdc281b/splatfacto/nerfstudio_models/step-000010001.ckpt,128,70065,,,
06592f8a392a471b8f18baa7791eb2e2,processed,,512,/project/ricky/splatformer-data-new/train-set/objaverse/512/colmap/06592f8a392a471b8f18baa7791eb2e2/images,/project/ricky/splatformer-data-new/train-set/objaverse/512/nerfstudio/06592f8a392a471b8f18baa7791eb2e2/splatfacto/nerfstudio_models/step-000010001.ckpt,128,249134,,,
06592f8a392a471b8f18baa7791eb2e2,processed,,128,/project/ricky/splatformer-data-new/train-set/objaverse/128/colmap/06592f8a392a471b8f18baa7791eb2e2/images,/project/ricky/splatformer-data-new/train-set/objaverse/128/nerfstudio/06592f8a392a471b8f18baa7791eb2e2/splatfacto/nerfstudio_models/step-000010001.ckpt,128,70942,,,
0659c55b82f641db891bf40682c651f7,processed,,512,/project/ricky/splatformer-data-new/train-set/objaverse/512/colmap/0659c55b82f641db891bf40682c651f7/images,/project/ricky/splatformer-data-new/train-set/objaverse/512/nerfstudio/0659c55b82f641db891bf40682c651f7/splatfacto/nerfstudio_models/step-000010001.ckpt,128,16904,,,
0659c55b82f641db891bf40682c651f7,processed,,128,/project/ricky/splatformer-data-new/train-set/objaverse/128/colmap/0659c55b82f641db891bf40682c651f7/images,/project/ricky/splatformer-data-new/train-set/objaverse/128/nerfstudio/0659c55b82f641db891bf40682c651f7/splatfacto/nerfstudio_models/step-000010001.ckpt,128,14159,,,
065b0f7e00054abd90600acf3ca19236,processed,,512,/project/ricky/splatformer-data-new/train-set/objaverse/512/colmap/065b0f7e00054abd90600acf3ca19236/images,/project/ricky/splatformer-data-new/train-set/objaverse/512/nerfstudio/065b0f7e00054abd90600acf3ca19236/splatfacto/nerfstudio_models/step-000010001.ckpt,128,36617,,,
065b0f7e00054abd90600acf3ca19236,processed,,128,/project/ricky/splatformer-data-new/train-set/objaverse/128/colmap/065b0f7e00054abd90600acf3ca19236/images,/project/ricky/splatformer-data-new/train-set/objaverse/128/nerfstudio/065b0f7e00054abd90600acf3ca19236/splatfacto/nerfstudio_models/step-000010001.ckpt,128,30239,,,
065f18e6cc2d49a9be1501385b45d4e8,processed,,512,/project/ricky/splatformer-data-new/train-set/objaverse/512/colmap/065f18e6cc2d49a9be1501385b45d4e8/images,/project/ricky/splatformer-data-new/train-set/objaverse/512/nerfstudio/065f18e6cc2d49a9be1501385b45d4e8/splatfacto/nerfstudio_models/step-000010001.ckpt,128,34763,,,
065f18e6cc2d49a9be1501385b45d4e8,processed,,128,/project/ricky/splatformer-data-new/train-set/objaverse/128/colmap/065f18e6cc2d49a9be1501385b45d4e8/images,/project/ricky/splatformer-data-new/train-set/objaverse/128/nerfstudio/065f18e6cc2d49a9be1501385b45d4e8/splatfacto/nerfstudio_models/step-000010001.ckpt,128,43033,,,
065ff4f951964b93beeb44952c963f77,processed,,512,/project/ricky/splatformer-data-new/train-set/objaverse/512/colmap/065ff4f951964b93beeb44952c963f77/images,/project/ricky/splatformer-data-new/train-set/objaverse/512/nerfstudio/065ff4f951964b93beeb44952c963f77/splatfacto/nerfstudio_models/step-000010001.ckpt,128,79777,,,
065ff4f951964b93beeb44952c963f77,processed,,128,/project/ricky/splatformer-data-new/train-set/objaverse/128/colmap/065ff4f951964b93beeb44952c963f77/images,/project/ricky/splatformer-data-new/train-set/objaverse/128/nerfstudio/065ff4f951964b93beeb44952c963f77/splatfacto/nerfstudio_models/step-000010001.ckpt,128,47864,,,
066756b356cc496e9f460a9310f8a32e,processed,,512,/project/ricky/splatformer-data-new/train-set/objaverse/512/colmap/066756b356cc496e9f460a9310f8a32e/images,/project/ricky/splatformer-data-new/train-set/objaverse/512/nerfstudio/066756b356cc496e9f460a9310f8a32e/splatfacto/nerfstudio_models/step-000010001.ckpt,128,116329,,,
066756b356cc496e9f460a9310f8a32e,processed,,128,/project/ricky/splatformer-data-new/train-set/objaverse/128/colmap/066756b356cc496e9f460a9310f8a32e/images,/project/ricky/splatformer-data-new/train-set/objaverse/128/nerfstudio/066756b356cc496e9f460a9310f8a32e/splatfacto/nerfstudio_models/step-000010001.ckpt,128,59553,,,
06683def9ce945989f50a70f5f42109a,processed,,512,/project/ricky/splatformer-data-new/train-set/objaverse/512/colmap/06683def9ce945989f50a70f5f42109a/images,/project/ricky/splatformer-data-new/train-set/objaverse/512/nerfstudio/06683def9ce945989f50a70f5f42109a/splatfacto/nerfstudio_models/step-000010001.ckpt,128,36922,,,
06683def9ce945989f50a70f5f42109a,processed,,128,/project/ricky/splatformer-data-new/train-set/objaverse/128/colmap/06683def9ce945989f50a70f5f42109a/images,/project/ricky/splatformer-data-new/train-set/objaverse/128/nerfstudio/06683def9ce945989f50a70f5f42109a/splatfacto/nerfstudio_models/step-000010001.ckpt,128,18942,,,
066a07b9daac43eab98c5ccf7641d99d,processed,,512,/project/ricky/splatformer-data-new/train-set/objaverse/512/colmap/066a07b9daac43eab98c5ccf7641d99d/images,/project/ricky/splatformer-data-new/train-set/objaverse/512/nerfstudio/066a07b9daac43eab98c5ccf7641d99d/splatfacto/nerfstudio_models/step-000010001.ckpt,128,25814,,,
066a07b9daac43eab98c5ccf7641d99d,processed,,128,/project/ricky/splatformer-data-new/train-set/objaverse/128/colmap/066a07b9daac43eab98c5ccf7641d99d/images,/project/ricky/splatformer-data-new/train-set/objaverse/128/nerfstudio/066a07b9daac43eab98c5ccf7641d99d/splatfacto/nerfstudio_models/step-000010001.ckpt,128,6523,,,
066b23879af248cfb710fcf67a503ca5,processed,,512,/project/ricky/splatformer-data-new/train-set/objaverse/512/colmap/066b23879af248cfb710fcf67a503ca5/images,/project/ricky/splatformer-data-new/train-set/objaverse/512/nerfstudio/066b23879af248cfb710fcf67a503ca5/splatfacto/nerfstudio_models/step-000010001.ckpt,128,29260,,,
066b23879af248cfb710fcf67a503ca5,processed,,128,/project/ricky/splatformer-data-new/train-set/objaverse/128/colmap/066b23879af248cfb710fcf67a503ca5/images,/project/ricky/splatformer-data-new/train-set/objaverse/128/nerfstudio/066b23879af248cfb710fcf67a503ca5/splatfacto/nerfstudio_models/step-000010001.ckpt,128,13724,,,
066e00d4d34d41fe80dd928223d2c4a6,processed,,512,/project/ricky/splatformer-data-new/train-set/objaverse/512/colmap/066e00d4d34d41fe80dd928223d2c4a6/images,/project/ricky/splatformer-data-new/train-set/objaverse/512/nerfstudio/066e00d4d34d41fe80dd928223d2c4a6/splatfacto/nerfstudio_models/step-000010001.ckpt,128,32516,,,
066e00d4d34d41fe80dd928223d2c4a6,processed,,128,/project/ricky/splatformer-data-new/train-set/objaverse/128/colmap/066e00d4d34d41fe80dd928223d2c4a6/images,/project/ricky/splatformer-data-new/train-set/objaverse/128/nerfstudio/066e00d4d34d41fe80dd928223d2c4a6/splatfacto/nerfstudio_models/step-000010001.ckpt,128,34159,,,
06704cc6e1544fbe89e4fa0dee22a17f,processed,,512,/project/ricky/splatformer-data-new/train-set/objaverse/512/colmap/06704cc6e1544fbe89e4fa0dee22a17f/images,/project/ricky/splatformer-data-new/train-set/objaverse/512/nerfstudio/06704cc6e1544fbe89e4fa0dee22a17f/splatfacto/nerfstudio_models/step-000010001.ckpt,128,57195,,,
06704cc6e1544fbe89e4fa0dee22a17f,processed,,128,/project/ricky/splatformer-data-new/train-set/objaverse/128/colmap/06704cc6e1544fbe89e4fa0dee22a17f/images,/project/ricky/splatformer-data-new/train-set/objaverse/128/nerfstudio/06704cc6e1544fbe89e4fa0dee22a17f/splatfacto/nerfstudio_models/step-000010001.ckpt,128,38158,,,
06798268546f40878be52d53546333ab,processed,,512,/project/ricky/splatformer-data-new/train-set/objaverse/512/colmap/06798268546f40878be52d53546333ab/images,/project/ricky/splatformer-data-new/train-set/objaverse/512/nerfstudio/06798268546f40878be52d53546333ab/splatfacto/nerfstudio_models/step-000010001.ckpt,128,70433,,,
06798268546f40878be52d53546333ab,processed,,128,/project/ricky/splatformer-data-new/train-set/objaverse/128/colmap/06798268546f40878be52d53546333ab/images,/project/ricky/splatformer-data-new/train-set/objaverse/128/nerfstudio/06798268546f40878be52d53546333ab/splatfacto/nerfstudio_models/step-000010001.ckpt,128,38007,,,
067feb21a38a4b8cbb3aab3c642976c7,processed,,512,/project/ricky/splatformer-data-new/train-set/objaverse/512/colmap/067feb21a38a4b8cbb3aab3c642976c7/images,/project/ricky/splatformer-data-new/train-set/objaverse/512/nerfstudio/067feb21a38a4b8cbb3aab3c642976c7/splatfacto/nerfstudio_models/step-000010001.ckpt,128,41889,,,
067feb21a38a4b8cbb3aab3c642976c7,processed,,128,/project/ricky/splatformer-data-new/train-set/objaverse/128/colmap/067feb21a38a4b8cbb3aab3c642976c7/images,/project/ricky/splatformer-data-new/train-set/objaverse/128/nerfstudio/067feb21a38a4b8cbb3aab3c642976c7/splatfacto/nerfstudio_models/step-000010001.ckpt,128,19740,,,
06844c8051ee4198a15154d593056b8f,processed,,512,/project/ricky/splatformer-data-new/train-set/objaverse/512/colmap/06844c8051ee4198a15154d593056b8f/images,/project/ricky/splatformer-data-new/train-set/objaverse/512/nerfstudio/06844c8051ee4198a15154d593056b8f/splatfacto/nerfstudio_models/step-000010001.ckpt,128,115955,,,
06844c8051ee4198a15154d593056b8f,processed,,128,/project/ricky/splatformer-data-new/train-set/objaverse/128/colmap/06844c8051ee4198a15154d593056b8f/images,/project/ricky/splatformer-data-new/train-set/objaverse/128/nerfstudio/06844c8051ee4198a15154d593056b8f/splatfacto/nerfstudio_models/step-000010001.ckpt,128,51778,,,
0684598b93d8446895ededd583fdc89c,processed,,512,/project/ricky/splatformer-data-new/train-set/objaverse/512/colmap/0684598b93d8446895ededd583fdc89c/images,/project/ricky/splatformer-data-new/train-set/objaverse/512/nerfstudio/0684598b93d8446895ededd583fdc89c/splatfacto/nerfstudio_models/step-000010001.ckpt,128,30580,,,
0684598b93d8446895ededd583fdc89c,processed,,128,/project/ricky/splatformer-data-new/train-set/objaverse/128/colmap/0684598b93d8446895ededd583fdc89c/images,/project/ricky/splatformer-data-new/train-set/objaverse/128/nerfstudio/0684598b93d8446895ededd583fdc89c/splatfacto/nerfstudio_models/step-000010001.ckpt,128,30256,,,
0684c26405834969afd4f8cb5d6fea77,processed,,512,/project/ricky/splatformer-data-new/train-set/objaverse/512/colmap/0684c26405834969afd4f8cb5d6fea77/images,/project/ricky/splatformer-data-new/train-set/objaverse/512/nerfstudio/0684c26405834969afd4f8cb5d6fea77/splatfacto/nerfstudio_models/step-000010001.ckpt,128,88455,,,
0684c26405834969afd4f8cb5d6fea77,processed,,128,/project/ricky/splatformer-data-new/train-set/objaverse/128/colmap/0684c26405834969afd4f8cb5d6fea77/images,/project/ricky/splatformer-data-new/train-set/objaverse/128/nerfstudio/0684c26405834969afd4f8cb5d6fea77/splatfacto/nerfstudio_models/step-000010001.ckpt,128,64852,,,
06854cdddb2a4e3bb0bb95a7aec26082,processed,,512,/project/ricky/splatformer-data-new/train-set/objaverse/512/colmap/06854cdddb2a4e3bb0bb95a7aec26082/images,/project/ricky/splatformer-data-new/train-set/objaverse/512/nerfstudio/06854cdddb2a4e3bb0bb95a7aec26082/splatfacto/nerfstudio_models/step-000010001.ckpt,128,67496,,,
06854cdddb2a4e3bb0bb95a7aec26082,processed,,128,/project/ricky/splatformer-data-new/train-set/objaverse/128/colmap/06854cdddb2a4e3bb0bb95a7aec26082/images,/project/ricky/splatformer-data-new/train-set/objaverse/128/nerfstudio/06854cdddb2a4e3bb0bb95a7aec26082/splatfacto/nerfstudio_models/step-000010001.ckpt,128,1751,,,
068c79edea004cafa1ac4c1e501be333,processed,,512,/project/ricky/splatformer-data-new/train-set/objaverse/512/colmap/068c79edea004cafa1ac4c1e501be333/images,/project/ricky/splatformer-data-new/train-set/objaverse/512/nerfstudio/068c79edea004cafa1ac4c1e501be333/splatfacto/nerfstudio_models/step-000010001.ckpt,128,67716,,,
068c79edea004cafa1ac4c1e501be333,processed,,128,/project/ricky/splatformer-data-new/train-set/objaverse/128/colmap/068c79edea004cafa1ac4c1e501be333/images,/project/ricky/splatformer-data-new/train-set/objaverse/128/nerfstudio/068c79edea004cafa1ac4c1e501be333/splatfacto/nerfstudio_models/step-000010001.ckpt,128,68801,,,
068d5955a5cd40d1a95a2001cb013f92,processed,,512,/project/ricky/splatformer-data-new/train-set/objaverse/512/colmap/068d5955a5cd40d1a95a2001cb013f92/images,/project/ricky/splatformer-data-new/train-set/objaverse/512/nerfstudio/068d5955a5cd40d1a95a2001cb013f92/splatfacto/nerfstudio_models/step-000010001.ckpt,128,25102,,,
068d5955a5cd40d1a95a2001cb013f92,processed,,128,/project/ricky/splatformer-data-new/train-set/objaverse/128/colmap/068d5955a5cd40d1a95a2001cb013f92/images,/project/ricky/splatformer-data-new/train-set/objaverse/128/nerfstudio/068d5955a5cd40d1a95a2001cb013f92/splatfacto/nerfstudio_models/step-000010001.ckpt,128,18924,,,
069044476a7f49b9b83f6364654c85c3,processed,,512,/project/ricky/splatformer-data-new/train-set/objaverse/512/colmap/069044476a7f49b9b83f6364654c85c3/images,/project/ricky/splatformer-data-new/train-set/objaverse/512/nerfstudio/069044476a7f49b9b83f6364654c85c3/splatfacto/nerfstudio_models/step-000010001.ckpt,128,50496,,,
069044476a7f49b9b83f6364654c85c3,processed,,128,/project/ricky/splatformer-data-new/train-set/objaverse/128/colmap/069044476a7f49b9b83f6364654c85c3/images,/project/ricky/splatformer-data-new/train-set/objaverse/128/nerfstudio/069044476a7f49b9b83f6364654c85c3/splatfacto/nerfstudio_models/step-000010001.ckpt,128,34919,,,
0690ba7dd82d4cc59f491873ff308d15,processed,,512,/project/ricky/splatformer-data-new/train-set/objaverse/512/colmap/0690ba7dd82d4cc59f491873ff308d15/images,/project/ricky/splatformer-data-new/train-set/objaverse/512/nerfstudio/0690ba7dd82d4cc59f491873ff308d15/splatfacto/nerfstudio_models/step-000010001.ckpt,128,46759,,,
0690ba7dd82d4cc59f491873ff308d15,processed,,128,/project/ricky/splatformer-data-new/train-set/objaverse/128/colmap/0690ba7dd82d4cc59f491873ff308d15/images,/project/ricky/splatformer-data-new/train-set/objaverse/128/nerfstudio/0690ba7dd82d4cc59f491873ff308d15/splatfacto/nerfstudio_models/step-000010001.ckpt,128,30441,,,
069513098e724685b3f3dbacc5158497,processed,,512,/project/ricky/splatformer-data-new/train-set/objaverse/512/colmap/069513098e724685b3f3dbacc5158497/images,/project/ricky/splatformer-data-new/train-set/objaverse/512/nerfstudio/069513098e724685b3f3dbacc5158497/splatfacto/nerfstudio_models/step-000010001.ckpt,128,60078,,,
069513098e724685b3f3dbacc5158497,processed,,128,/project/ricky/splatformer-data-new/train-set/objaverse/128/colmap/069513098e724685b3f3dbacc5158497/images,/project/ricky/splatformer-data-new/train-set/objaverse/128/nerfstudio/069513098e724685b3f3dbacc5158497/splatfacto/nerfstudio_models/step-000010001.ckpt,128,26309,,,
0695ed36d4aa47c2b13c8adb9999e0df,processed,,512,/project/ricky/splatformer-data-new/train-set/objaverse/512/colmap/0695ed36d4aa47c2b13c8adb9999e0df/images,/project/ricky/splatformer-data-new/train-set/objaverse/512/nerfstudio/0695ed36d4aa47c2b13c8adb9999e0df/splatfacto/nerfstudio_models/step-000010001.ckpt,128,57046,,,
0695ed36d4aa47c2b13c8adb9999e0df,processed,,128,/project/ricky/splatformer-data-new/train-set/objaverse/128/colmap/0695ed36d4aa47c2b13c8adb9999e0df/images,/project/ricky/splatformer-data-new/train-set/objaverse/128/nerfstudio/0695ed36d4aa47c2b13c8adb9999e0df/splatfacto/nerfstudio_models/step-000010001.ckpt,128,54494,,,
069b4c111dc74338aa5429b1b10094fd,processed,,512,/project/ricky/splatformer-data-new/train-set/objaverse/512/colmap/069b4c111dc74338aa5429b1b10094fd/images,/project/ricky/splatformer-data-new/train-set/objaverse/512/nerfstudio/069b4c111dc74338aa5429b1b10094fd/splatfacto/nerfstudio_models/step-000010001.ckpt,128,30618,,,
069b4c111dc74338aa5429b1b10094fd,processed,,128,/project/ricky/splatformer-data-new/train-set/objaverse/128/colmap/069b4c111dc74338aa5429b1b10094fd/images,/project/ricky/splatformer-data-new/train-set/objaverse/128/nerfstudio/069b4c111dc74338aa5429b1b10094fd/splatfacto/nerfstudio_models/step-000010001.ckpt,128,9721,,,
069d2bc318ed4b469c3a5400db8c0b41,processed,,512,/project/ricky/splatformer-data-new/train-set/objaverse/512/colmap/069d2bc318ed4b469c3a5400db8c0b41/images,/project/ricky/splatformer-data-new/train-set/objaverse/512/nerfstudio/069d2bc318ed4b469c3a5400db8c0b41/splatfacto/nerfstudio_models/step-000010001.ckpt,128,87318,,,
069d2bc318ed4b469c3a5400db8c0b41,processed,,128,/project/ricky/splatformer-data-new/train-set/objaverse/128/colmap/069d2bc318ed4b469c3a5400db8c0b41/images,/project/ricky/splatformer-data-new/train-set/objaverse/128/nerfstudio/069d2bc318ed4b469c3a5400db8c0b41/splatfacto/nerfstudio_models/step-000010001.ckpt,128,53884,,,
069e696eaae14d2fb62915f37ab21602,processed,,512,/project/ricky/splatformer-data-new/train-set/objaverse/512/colmap/069e696eaae14d2fb62915f37ab21602/images,/project/ricky/splatformer-data-new/train-set/objaverse/512/nerfstudio/069e696eaae14d2fb62915f37ab21602/splatfacto/nerfstudio_models/step-000010001.ckpt,128,144582,,,
069e696eaae14d2fb62915f37ab21602,processed,,128,/project/ricky/splatformer-data-new/train-set/objaverse/128/colmap/069e696eaae14d2fb62915f37ab21602/images,/project/ricky/splatformer-data-new/train-set/objaverse/128/nerfstudio/069e696eaae14d2fb62915f37ab21602/splatfacto/nerfstudio_models/step-000010001.ckpt,128,89632,,,
06a1ea6129db498fa9638b6b0221ffce,processed,,512,/project/ricky/splatformer-data-new/train-set/objaverse/512/colmap/06a1ea6129db498fa9638b6b0221ffce/images,/project/ricky/splatformer-data-new/train-set/objaverse/512/nerfstudio/06a1ea6129db498fa9638b6b0221ffce/splatfacto/nerfstudio_models/step-000010001.ckpt,128,197252,,,
06a1ea6129db498fa9638b6b0221ffce,processed,,128,/project/ricky/splatformer-data-new/train-set/objaverse/128/colmap/06a1ea6129db498fa9638b6b0221ffce/images,/project/ricky/splatformer-data-new/train-set/objaverse/128/nerfstudio/06a1ea6129db498fa9638b6b0221ffce/splatfacto/nerfstudio_models/step-000010001.ckpt,128,90729,,,
06acb5d2dcf4407f88e4b0df67010e30,processed,,512,/project/ricky/splatformer-data-new/train-set/objaverse/512/colmap/06acb5d2dcf4407f88e4b0df67010e30/images,/project/ricky/splatformer-data-new/train-set/objaverse/512/nerfstudio/06acb5d2dcf4407f88e4b0df67010e30/splatfacto/nerfstudio_models/step-000010001.ckpt,128,54744,,,
06acb5d2dcf4407f88e4b0df67010e30,processed,,128,/project/ricky/splatformer-data-new/train-set/objaverse/128/colmap/06acb5d2dcf4407f88e4b0df67010e30/images,/project/ricky/splatformer-data-new/train-set/objaverse/128/nerfstudio/06acb5d2dcf4407f88e4b0df67010e30/splatfacto/nerfstudio_models/step-000010001.ckpt,128,45290,,,
06af8c7e909744bc9248cf254e3427bf,processed,,512,/project/ricky/splatformer-data-new/train-set/objaverse/512/colmap/06af8c7e909744bc9248cf254e3427bf/images,/project/ricky/splatformer-data-new/train-set/objaverse/512/nerfstudio/06af8c7e909744bc9248cf254e3427bf/splatfacto/nerfstudio_models/step-000010001.ckpt,128,20211,,,
06af8c7e909744bc9248cf254e3427bf,processed,,128,/project/ricky/splatformer-data-new/train-set/objaverse/128/colmap/06af8c7e909744bc9248cf254e3427bf/images,/project/ricky/splatformer-data-new/train-set/objaverse/128/nerfstudio/06af8c7e909744bc9248cf254e3427bf/splatfacto/nerfstudio_models/step-000010001.ckpt,128,21411,,,
06bb7e5acaa849fb9f921398ad09a3bc,processed,,512,/project/ricky/splatformer-data-new/train-set/objaverse/512/colmap/06bb7e5acaa849fb9f921398ad09a3bc/images,/project/ricky/splatformer-data-new/train-set/objaverse/512/nerfstudio/06bb7e5acaa849fb9f921398ad09a3bc/splatfacto/nerfstudio_models/step-000010001.ckpt,128,140649,,,
06bb7e5acaa849fb9f921398ad09a3bc,processed,,128,/project/ricky/splatformer-data-new/train-set/objaverse/128/colmap/06bb7e5acaa849fb9f921398ad09a3bc/images,/project/ricky/splatformer-data-new/train-set/objaverse/128/nerfstudio/06bb7e5acaa849fb9f921398ad09a3bc/splatfacto/nerfstudio_models/step-000010001.ckpt,128,91337,,,
06bc41653d7b47d6819c4e0c0b594184,processed,,512,/project/ricky/splatformer-data-new/train-set/objaverse/512/colmap/06bc41653d7b47d6819c4e0c0b594184/images,/project/ricky/splatformer-data-new/train-set/objaverse/512/nerfstudio/06bc41653d7b47d6819c4e0c0b594184/splatfacto/nerfstudio_models/step-000010001.ckpt,128,32029,,,
06bc41653d7b47d6819c4e0c0b594184,processed,,128,/project/ricky/splatformer-data-new/train-set/objaverse/128/colmap/06bc41653d7b47d6819c4e0c0b594184/images,/project/ricky/splatformer-data-new/train-set/objaverse/128/nerfstudio/06bc41653d7b47d6819c4e0c0b594184/splatfacto/nerfstudio_models/step-000010001.ckpt,128,27149,,,
06c2dfc04a0a465594b685a9bdcaf3df,skipped,missing_ckpt_128,,,,,,,,
06c3378a6c504b69844f504d7ec095c8,processed,,512,/project/ricky/splatformer-data-new/train-set/objaverse/512/colmap/06c3378a6c504b69844f504d7ec095c8/images,/project/ricky/splatformer-data-new/train-set/objaverse/512/nerfstudio/06c3378a6c504b69844f504d7ec095c8/splatfacto/nerfstudio_models/step-000010001.ckpt,128,31444,,,
06c3378a6c504b69844f504d7ec095c8,processed,,128,/project/ricky/splatformer-data-new/train-set/objaverse/128/colmap/06c3378a6c504b69844f504d7ec095c8/images,/project/ricky/splatformer-data-new/train-set/objaverse/128/nerfstudio/06c3378a6c504b69844f504d7ec095c8/splatfacto/nerfstudio_models/step-000010001.ckpt,128,12066,,,
06c670b79e254374aa6563742c26c195,processed,,512,/project/ricky/splatformer-data-new/train-set/objaverse/512/colmap/06c670b79e254374aa6563742c26c195/images,/project/ricky/splatformer-data-new/train-set/objaverse/512/nerfstudio/06c670b79e254374aa6563742c26c195/splatfacto/nerfstudio_models/step-000010001.ckpt,128,20199,,,
06c670b79e254374aa6563742c26c195,processed,,128,/project/ricky/splatformer-data-new/train-set/objaverse/128/colmap/06c670b79e254374aa6563742c26c195/images,/project/ricky/splatformer-data-new/train-set/objaverse/128/nerfstudio/06c670b79e254374aa6563742c26c195/splatfacto/nerfstudio_models/step-000010001.ckpt,128,10352,,,
06ca3a3b38554737914d1b1c0215a11d,processed,,512,/project/ricky/splatformer-data-new/train-set/objaverse/512/colmap/06ca3a3b38554737914d1b1c0215a11d/images,/project/ricky/splatformer-data-new/train-set/objaverse/512/nerfstudio/06ca3a3b38554737914d1b1c0215a11d/splatfacto/nerfstudio_models/step-000010001.ckpt,128,43839,,,
06ca3a3b38554737914d1b1c0215a11d,processed,,128,/project/ricky/splatformer-data-new/train-set/objaverse/128/colmap/06ca3a3b38554737914d1b1c0215a11d/images,/project/ricky/splatformer-data-new/train-set/objaverse/128/nerfstudio/06ca3a3b38554737914d1b1c0215a11d/splatfacto/nerfstudio_models/step-000010001.ckpt,128,32147,,,
06cab2fc751f4049a2c386aaa05b9a8d,processed,,512,/project/ricky/splatformer-data-new/train-set/objaverse/512/colmap/06cab2fc751f4049a2c386aaa05b9a8d/images,/project/ricky/splatformer-data-new/train-set/objaverse/512/nerfstudio/06cab2fc751f4049a2c386aaa05b9a8d/splatfacto/nerfstudio_models/step-000010001.ckpt,128,131139,,,
06cab2fc751f4049a2c386aaa05b9a8d,processed,,128,/project/ricky/splatformer-data-new/train-set/objaverse/128/colmap/06cab2fc751f4049a2c386aaa05b9a8d/images,/project/ricky/splatformer-data-new/train-set/objaverse/128/nerfstudio/06cab2fc751f4049a2c386aaa05b9a8d/splatfacto/nerfstudio_models/step-000010001.ckpt,128,73627,,,
06cb60d520cf4373ac44df482faabeb5,processed,,512,/project/ricky/splatformer-data-new/train-set/objaverse/512/colmap/06cb60d520cf4373ac44df482faabeb5/images,/project/ricky/splatformer-data-new/train-set/objaverse/512/nerfstudio/06cb60d520cf4373ac44df482faabeb5/splatfacto/nerfstudio_models/step-000010001.ckpt,128,40058,,,
06cb60d520cf4373ac44df482faabeb5,processed,,128,/project/ricky/splatformer-data-new/train-set/objaverse/128/colmap/06cb60d520cf4373ac44df482faabeb5/images,/project/ricky/splatformer-data-new/train-set/objaverse/128/nerfstudio/06cb60d520cf4373ac44df482faabeb5/splatfacto/nerfstudio_models/step-000010001.ckpt,128,52646,,,
06ce6ecb226247a582a5eed756d9fd95,processed,,512,/project/ricky/splatformer-data-new/train-set/objaverse/512/colmap/06ce6ecb226247a582a5eed756d9fd95/images,/project/ricky/splatformer-data-new/train-set/objaverse/512/nerfstudio/06ce6ecb226247a582a5eed756d9fd95/splatfacto/nerfstudio_models/step-000010001.ckpt,128,100794,,,
06ce6ecb226247a582a5eed756d9fd95,processed,,128,/project/ricky/splatformer-data-new/train-set/objaverse/128/colmap/06ce6ecb226247a582a5eed756d9fd95/images,/project/ricky/splatformer-data-new/train-set/objaverse/128/nerfstudio/06ce6ecb226247a582a5eed756d9fd95/splatfacto/nerfstudio_models/step-000010001.ckpt,128,79877,,,
06cec0c0510f4e668ea337dc50c7202c,skipped,missing_ckpt_512,,,,,,,,
06d0d59b25274d36a005941368d65d08,processed,,512,/project/ricky/splatformer-data-new/train-set/objaverse/512/colmap/06d0d59b25274d36a005941368d65d08/images,/project/ricky/splatformer-data-new/train-set/objaverse/512/nerfstudio/06d0d59b25274d36a005941368d65d08/splatfacto/nerfstudio_models/step-000010001.ckpt,128,119978,,,
06d0d59b25274d36a005941368d65d08,processed,,128,/project/ricky/splatformer-data-new/train-set/objaverse/128/colmap/06d0d59b25274d36a005941368d65d08/images,/project/ricky/splatformer-data-new/train-set/objaverse/128/nerfstudio/06d0d59b25274d36a005941368d65d08/splatfacto/nerfstudio_models/step-000010001.ckpt,128,31090,,,
06d16451ea7a4fa29cdbb956966928b1,processed,,512,/project/ricky/splatformer-data-new/train-set/objaverse/512/colmap/06d16451ea7a4fa29cdbb956966928b1/images,/project/ricky/splatformer-data-new/train-set/objaverse/512/nerfstudio/06d16451ea7a4fa29cdbb956966928b1/splatfacto/nerfstudio_models/step-000010001.ckpt,128,47011,,,
06d16451ea7a4fa29cdbb956966928b1,processed,,128,/project/ricky/splatformer-data-new/train-set/objaverse/128/colmap/06d16451ea7a4fa29cdbb956966928b1/images,/project/ricky/splatformer-data-new/train-set/objaverse/128/nerfstudio/06d16451ea7a4fa29cdbb956966928b1/splatfacto/nerfstudio_models/step-000010001.ckpt,128,39382,,,
06d2c785e0214e0d89771e559c10862e,processed,,512,/project/ricky/splatformer-data-new/train-set/objaverse/512/colmap/06d2c785e0214e0d89771e559c10862e/images,/project/ricky/splatformer-data-new/train-set/objaverse/512/nerfstudio/06d2c785e0214e0d89771e559c10862e/splatfacto/nerfstudio_models/step-000010001.ckpt,128,65173,,,
06d2c785e0214e0d89771e559c10862e,processed,,128,/project/ricky/splatformer-data-new/train-set/objaverse/128/colmap/06d2c785e0214e0d89771e559c10862e/images,/project/ricky/splatformer-data-new/train-set/objaverse/128/nerfstudio/06d2c785e0214e0d89771e559c10862e/splatfacto/nerfstudio_models/step-000010001.ckpt,128,28336,,,
06d3fe253db241d69c0179e2f1f933b3,processed,,512,/project/ricky/splatformer-data-new/train-set/objaverse/512/colmap/06d3fe253db241d69c0179e2f1f933b3/images,/project/ricky/splatformer-data-new/train-set/objaverse/512/nerfstudio/06d3fe253db241d69c0179e2f1f933b3/splatfacto/nerfstudio_models/step-000010001.ckpt,128,34555,,,
06d3fe253db241d69c0179e2f1f933b3,processed,,128,/project/ricky/splatformer-data-new/train-set/objaverse/128/colmap/06d3fe253db241d69c0179e2f1f933b3/images,/project/ricky/splatformer-data-new/train-set/objaverse/128/nerfstudio/06d3fe253db241d69c0179e2f1f933b3/splatfacto/nerfstudio_models/step-000010001.ckpt,128,20232,,,
06d6353675c64311860195a98a9655ab,processed,,512,/project/ricky/splatformer-data-new/train-set/objaverse/512/colmap/06d6353675c64311860195a98a9655ab/images,/project/ricky/splatformer-data-new/train-set/objaverse/512/nerfstudio/06d6353675c64311860195a98a9655ab/splatfacto/nerfstudio_models/step-000010001.ckpt,128,24999,,,
06d6353675c64311860195a98a9655ab,processed,,128,/project/ricky/splatformer-data-new/train-set/objaverse/128/colmap/06d6353675c64311860195a98a9655ab/images,/project/ricky/splatformer-data-new/train-set/objaverse/128/nerfstudio/06d6353675c64311860195a98a9655ab/splatfacto/nerfstudio_models/step-000010001.ckpt,128,12709,,,
06dcc13018f24ebb81c5dea0a240c0d1,processed,,512,/project/ricky/splatformer-data-new/train-set/objaverse/512/colmap/06dcc13018f24ebb81c5dea0a240c0d1/images,/project/ricky/splatformer-data-new/train-set/objaverse/512/nerfstudio/06dcc13018f24ebb81c5dea0a240c0d1/splatfacto/nerfstudio_models/step-000010001.ckpt,128,95362,,,
06dcc13018f24ebb81c5dea0a240c0d1,processed,,128,/project/ricky/splatformer-data-new/train-set/objaverse/128/colmap/06dcc13018f24ebb81c5dea0a240c0d1/images,/project/ricky/splatformer-data-new/train-set/objaverse/128/nerfstudio/06dcc13018f24ebb81c5dea0a240c0d1/splatfacto/nerfstudio_models/step-000010001.ckpt,128,70550,,,
06dd0877eb584e569d1bc9070e42baa2,processed,,512,/project/ricky/splatformer-data-new/train-set/objaverse/512/colmap/06dd0877eb584e569d1bc9070e42baa2/images,/project/ricky/splatformer-data-new/train-set/objaverse/512/nerfstudio/06dd0877eb584e569d1bc9070e42baa2/splatfacto/nerfstudio_models/step-000010001.ckpt,128,74980,,,
06dd0877eb584e569d1bc9070e42baa2,processed,,128,/project/ricky/splatformer-data-new/train-set/objaverse/128/colmap/06dd0877eb584e569d1bc9070e42baa2/images,/project/ricky/splatformer-data-new/train-set/objaverse/128/nerfstudio/06dd0877eb584e569d1bc9070e42baa2/splatfacto/nerfstudio_models/step-000010001.ckpt,128,49043,,,
06de7613c31c416c954e077c8f0d3994,processed,,512,/project/ricky/splatformer-data-new/train-set/objaverse/512/colmap/06de7613c31c416c954e077c8f0d3994/images,/project/ricky/splatformer-data-new/train-set/objaverse/512/nerfstudio/06de7613c31c416c954e077c8f0d3994/splatfacto/nerfstudio_models/step-000010001.ckpt,128,22205,,,
06de7613c31c416c954e077c8f0d3994,processed,,128,/project/ricky/splatformer-data-new/train-set/objaverse/128/colmap/06de7613c31c416c954e077c8f0d3994/images,/project/ricky/splatformer-data-new/train-set/objaverse/128/nerfstudio/06de7613c31c416c954e077c8f0d3994/splatfacto/nerfstudio_models/step-000010001.ckpt,128,23167,,,
06ede3edda8a43e4a4df5b4a46542b69,processed,,512,/project/ricky/splatformer-data-new/train-set/objaverse/512/colmap/06ede3edda8a43e4a4df5b4a46542b69/images,/project/ricky/splatformer-data-new/train-set/objaverse/512/nerfstudio/06ede3edda8a43e4a4df5b4a46542b69/splatfacto/nerfstudio_models/step-000010001.ckpt,128,67633,,,
06ede3edda8a43e4a4df5b4a46542b69,processed,,128,/project/ricky/splatformer-data-new/train-set/objaverse/128/colmap/06ede3edda8a43e4a4df5b4a46542b69/images,/project/ricky/splatformer-data-new/train-set/objaverse/128/nerfstudio/06ede3edda8a43e4a4df5b4a46542b69/splatfacto/nerfstudio_models/step-000010001.ckpt,128,77999,,,
06efbdcb52974ab6bec6608419f19211,skipped,missing_ckpt_512,,,,,,,,
06f05c51a4994704a3959742a7e8be0e,processed,,512,/project/ricky/splatformer-data-new/train-set/objaverse/512/colmap/06f05c51a4994704a3959742a7e8be0e/images,/project/ricky/splatformer-data-new/train-set/objaverse/512/nerfstudio/06f05c51a4994704a3959742a7e8be0e/splatfacto/nerfstudio_models/step-000010001.ckpt,128,50933,,,
06f05c51a4994704a3959742a7e8be0e,processed,,128,/project/ricky/splatformer-data-new/train-set/objaverse/128/colmap/06f05c51a4994704a3959742a7e8be0e/images,/project/ricky/splatformer-data-new/train-set/objaverse/128/nerfstudio/06f05c51a4994704a3959742a7e8be0e/splatfacto/nerfstudio_models/step-000010001.ckpt,128,43402,,,
06f11427b0854dc1933d883df488f975,processed,,512,/project/ricky/splatformer-data-new/train-set/objaverse/512/colmap/06f11427b0854dc1933d883df488f975/images,/project/ricky/splatformer-data-new/train-set/objaverse/512/nerfstudio/06f11427b0854dc1933d883df488f975/splatfacto/nerfstudio_models/step-000010001.ckpt,128,58456,,,
06f11427b0854dc1933d883df488f975,processed,,128,/project/ricky/splatformer-data-new/train-set/objaverse/128/colmap/06f11427b0854dc1933d883df488f975/images,/project/ricky/splatformer-data-new/train-set/objaverse/128/nerfstudio/06f11427b0854dc1933d883df488f975/splatfacto/nerfstudio_models/step-000010001.ckpt,128,19946,,,
06f7ef5f3ea84492a5de2f187c860627,processed,,512,/project/ricky/splatformer-data-new/train-set/objaverse/512/colmap/06f7ef5f3ea84492a5de2f187c860627/images,/project/ricky/splatformer-data-new/train-set/objaverse/512/nerfstudio/06f7ef5f3ea84492a5de2f187c860627/splatfacto/nerfstudio_models/step-000010001.ckpt,128,222918,,,
06f7ef5f3ea84492a5de2f187c860627,processed,,128,/project/ricky/splatformer-data-new/train-set/objaverse/128/colmap/06f7ef5f3ea84492a5de2f187c860627/images,/project/ricky/splatformer-data-new/train-set/objaverse/128/nerfstudio/06f7ef5f3ea84492a5de2f187c860627/splatfacto/nerfstudio_models/step-000010001.ckpt,128,111333,,,
06f83d4a37b5432cb999bf1732fab2ba,skipped,missing_ckpt_512,,,,,,,,
06fb0f35f1d74ab48247dba26591bccb,processed,,512,/project/ricky/splatformer-data-new/train-set/objaverse/512/colmap/06fb0f35f1d74ab48247dba26591bccb/images,/project/ricky/splatformer-data-new/train-set/objaverse/512/nerfstudio/06fb0f35f1d74ab48247dba26591bccb/splatfacto/nerfstudio_models/step-000010001.ckpt,128,107328,,,
06fb0f35f1d74ab48247dba26591bccb,processed,,128,/project/ricky/splatformer-data-new/train-set/objaverse/128/colmap/06fb0f35f1d74ab48247dba26591bccb/images,/project/ricky/splatformer-data-new/train-set/objaverse/128/nerfstudio/06fb0f35f1d74ab48247dba26591bccb/splatfacto/nerfstudio_models/step-000010001.ckpt,128,39974,,,
07060d7247774dfbaeb5154501b04f7a,processed,,512,/project/ricky/splatformer-data-new/train-set/objaverse/512/colmap/07060d7247774dfbaeb5154501b04f7a/images,/project/ricky/splatformer-data-new/train-set/objaverse/512/nerfstudio/07060d7247774dfbaeb5154501b04f7a/splatfacto/nerfstudio_models/step-000010001.ckpt,128,26439,,,
07060d7247774dfbaeb5154501b04f7a,processed,,128,/project/ricky/splatformer-data-new/train-set/objaverse/128/colmap/07060d7247774dfbaeb5154501b04f7a/images,/project/ricky/splatformer-data-new/train-set/objaverse/128/nerfstudio/07060d7247774dfbaeb5154501b04f7a/splatfacto/nerfstudio_models/step-000010001.ckpt,128,37002,,,
0707c9c50eb54c95aca0aa473497549c,processed,,512,/project/ricky/splatformer-data-new/train-set/objaverse/512/colmap/0707c9c50eb54c95aca0aa473497549c/images,/project/ricky/splatformer-data-new/train-set/objaverse/512/nerfstudio/0707c9c50eb54c95aca0aa473497549c/splatfacto/nerfstudio_models/step-000010001.ckpt,128,56265,,,
0707c9c50eb54c95aca0aa473497549c,processed,,128,/project/ricky/splatformer-data-new/train-set/objaverse/128/colmap/0707c9c50eb54c95aca0aa473497549c/images,/project/ricky/splatformer-data-new/train-set/objaverse/128/nerfstudio/0707c9c50eb54c95aca0aa473497549c/splatfacto/nerfstudio_models/step-000010001.ckpt,128,47516,,,
070b4bbe7a91448abdaee47f16240d79,skipped,missing_ckpt_128,,,,,,,,
070cac6e82a94b07857a28d9bf0c65de,processed,,512,/project/ricky/splatformer-data-new/train-set/objaverse/512/colmap/070cac6e82a94b07857a28d9bf0c65de/images,/project/ricky/splatformer-data-new/train-set/objaverse/512/nerfstudio/070cac6e82a94b07857a28d9bf0c65de/splatfacto/nerfstudio_models/step-000010001.ckpt,128,31855,,,
070cac6e82a94b07857a28d9bf0c65de,processed,,128,/project/ricky/splatformer-data-new/train-set/objaverse/128/colmap/070cac6e82a94b07857a28d9bf0c65de/images,/project/ricky/splatformer-data-new/train-set/objaverse/128/nerfstudio/070cac6e82a94b07857a28d9bf0c65de/splatfacto/nerfstudio_models/step-000010001.ckpt,128,10160,,,
070f0b64d4e24afda08c990ec965641f,skipped,missing_nerfstudio_scene_128,,,,,,,,
0715b186cb2642c38ca17a97aa73c8b0,processed,,512,/project/ricky/splatformer-data-new/train-set/objaverse/512/colmap/0715b186cb2642c38ca17a97aa73c8b0/images,/project/ricky/splatformer-data-new/train-set/objaverse/512/nerfstudio/0715b186cb2642c38ca17a97aa73c8b0/splatfacto/nerfstudio_models/step-000010001.ckpt,128,65510,,,
0715b186cb2642c38ca17a97aa73c8b0,processed,,128,/project/ricky/splatformer-data-new/train-set/objaverse/128/colmap/0715b186cb2642c38ca17a97aa73c8b0/images,/project/ricky/splatformer-data-new/train-set/objaverse/128/nerfstudio/0715b186cb2642c38ca17a97aa73c8b0/splatfacto/nerfstudio_models/step-000010001.ckpt,128,54142,,,
07239106049142078b4fe3fd2d861dd8,processed,,512,/project/ricky/splatformer-data-new/train-set/objaverse/512/colmap/07239106049142078b4fe3fd2d861dd8/images,/project/ricky/splatformer-data-new/train-set/objaverse/512/nerfstudio/07239106049142078b4fe3fd2d861dd8/splatfacto/nerfstudio_models/step-000010001.ckpt,128,148553,,,
07239106049142078b4fe3fd2d861dd8,processed,,128,/project/ricky/splatformer-data-new/train-set/objaverse/128/colmap/07239106049142078b4fe3fd2d861dd8/images,/project/ricky/splatformer-data-new/train-set/objaverse/128/nerfstudio/07239106049142078b4fe3fd2d861dd8/splatfacto/nerfstudio_models/step-000010001.ckpt,128,60147,,,
0725f1ef42e242f0aa81722171cb9e8c,processed,,512,/project/ricky/splatformer-data-new/train-set/objaverse/512/colmap/0725f1ef42e242f0aa81722171cb9e8c/images,/project/ricky/splatformer-data-new/train-set/objaverse/512/nerfstudio/0725f1ef42e242f0aa81722171cb9e8c/splatfacto/nerfstudio_models/step-000010001.ckpt,128,63454,,,
0725f1ef42e242f0aa81722171cb9e8c,processed,,128,/project/ricky/splatformer-data-new/train-set/objaverse/128/colmap/0725f1ef42e242f0aa81722171cb9e8c/images,/project/ricky/splatformer-data-new/train-set/objaverse/128/nerfstudio/0725f1ef42e242f0aa81722171cb9e8c/splatfacto/nerfstudio_models/step-000010001.ckpt,128,29389,,,
07277111839d442f89b93deb206c8f9f,skipped,missing_ckpt_512,,,,,,,,
072a4d7aa900472d9c4d20f27308661b,processed,,512,/project/ricky/splatformer-data-new/train-set/objaverse/512/colmap/072a4d7aa900472d9c4d20f27308661b/images,/project/ricky/splatformer-data-new/train-set/objaverse/512/nerfstudio/072a4d7aa900472d9c4d20f27308661b/splatfacto/nerfstudio_models/step-000010001.ckpt,128,36835,,,
072a4d7aa900472d9c4d20f27308661b,processed,,128,/project/ricky/splatformer-data-new/train-set/objaverse/128/colmap/072a4d7aa900472d9c4d20f27308661b/images,/project/ricky/splatformer-data-new/train-set/objaverse/128/nerfstudio/072a4d7aa900472d9c4d20f27308661b/splatfacto/nerfstudio_models/step-000010001.ckpt,128,27522,,,
073481e8bc554090a7590cbfd5125392,skipped,missing_ckpt_512,,,,,,,,
073678bc10c94691a71ec1931c243caf,skipped,missing_ckpt_512,,,,,,,,
074441d713c6479ba6dcb09822e017f2,skipped,missing_ckpt_512,,,,,,,,
0744f4eaa2bd49ac959ca5d1964315fe,processed,,512,/project/ricky/splatformer-data-new/train-set/objaverse/512/colmap/0744f4eaa2bd49ac959ca5d1964315fe/images,/project/ricky/splatformer-data-new/train-set/objaverse/512/nerfstudio/0744f4eaa2bd49ac959ca5d1964315fe/splatfacto/nerfstudio_models/step-000010001.ckpt,128,85499,,,
0744f4eaa2bd49ac959ca5d1964315fe,processed,,128,/project/ricky/splatformer-data-new/train-set/objaverse/128/colmap/0744f4eaa2bd49ac959ca5d1964315fe/images,/project/ricky/splatformer-data-new/train-set/objaverse/128/nerfstudio/0744f4eaa2bd49ac959ca5d1964315fe/splatfacto/nerfstudio_models/step-000010001.ckpt,128,53432,,,
07455b23f21f409c94966464b00aace8,skipped,missing_ckpt_512,,,,,,,,
074d39cae38c464fb89e5932ffa0bc9c,processed,,512,/project/ricky/splatformer-data-new/train-set/objaverse/512/colmap/074d39cae38c464fb89e5932ffa0bc9c/images,/project/ricky/splatformer-data-new/train-set/objaverse/512/nerfstudio/074d39cae38c464fb89e5932ffa0bc9c/splatfacto/nerfstudio_models/step-000010001.ckpt,128,60238,,,
074d39cae38c464fb89e5932ffa0bc9c,processed,,128,/project/ricky/splatformer-data-new/train-set/objaverse/128/colmap/074d39cae38c464fb89e5932ffa0bc9c/images,/project/ricky/splatformer-data-new/train-set/objaverse/128/nerfstudio/074d39cae38c464fb89e5932ffa0bc9c/splatfacto/nerfstudio_models/step-000010001.ckpt,128,45508,,,
07500b735814435092a12277f971718d,skipped,missing_ckpt_512,,,,,,,,
0750dca71f8a407093864ba24d1bdea7,processed,,512,/project/ricky/splatformer-data-new/train-set/objaverse/512/colmap/0750dca71f8a407093864ba24d1bdea7/images,/project/ricky/splatformer-data-new/train-set/objaverse/512/nerfstudio/0750dca71f8a407093864ba24d1bdea7/splatfacto/nerfstudio_models/step-000010001.ckpt,128,32448,,,
0750dca71f8a407093864ba24d1bdea7,processed,,128,/project/ricky/splatformer-data-new/train-set/objaverse/128/colmap/0750dca71f8a407093864ba24d1bdea7/images,/project/ricky/splatformer-data-new/train-set/objaverse/128/nerfstudio/0750dca71f8a407093864ba24d1bdea7/splatfacto/nerfstudio_models/step-000010001.ckpt,128,36427,,,
075a5441baf540da92224329e4dbf416,skipped,missing_ckpt_512,,,,,,,,
075c1851282d42ee8b362a5f9a4d0c12,skipped,missing_ckpt_512,,,,,,,,
0765466577754c25947190d212e4e927,skipped,missing_ckpt_512,,,,,,,,
07674a5e313f4734b40ffafb6de45dae,processed,,512,/project/ricky/splatformer-data-new/train-set/objaverse/512/colmap/07674a5e313f4734b40ffafb6de45dae/images,/project/ricky/splatformer-data-new/train-set/objaverse/512/nerfstudio/07674a5e313f4734b40ffafb6de45dae/splatfacto/nerfstudio_models/step-000010001.ckpt,128,145941,,,
07674a5e313f4734b40ffafb6de45dae,processed,,128,/project/ricky/splatformer-data-new/train-set/objaverse/128/colmap/07674a5e313f4734b40ffafb6de45dae/images,/project/ricky/splatformer-data-new/train-set/objaverse/128/nerfstudio/07674a5e313f4734b40ffafb6de45dae/splatfacto/nerfstudio_models/step-000010001.ckpt,128,42503,,,
076ad032388447bdb0b8ef96856e2c9b,skipped,missing_ckpt_512,,,,,,,,
076b5b497cc94b40bfe177148e254e7c,skipped,missing_ckpt_512,,,,,,,,
0772b3532b5f4831a9fddedcff8b9925,skipped,missing_ckpt_512,,,,,,,,
07779c4daa6440bfb9869880e1b7c56f,skipped,missing_ckpt_512,,,,,,,,
0787cd78f7b64ede997bebf7c7df90da,processed,,512,/project/ricky/splatformer-data-new/train-set/objaverse/512/colmap/0787cd78f7b64ede997bebf7c7df90da/images,/project/ricky/splatformer-data-new/train-set/objaverse/512/nerfstudio/0787cd78f7b64ede997bebf7c7df90da/splatfacto/nerfstudio_models/step-000010001.ckpt,128,47778,,,
0787cd78f7b64ede997bebf7c7df90da,processed,,128,/project/ricky/splatformer-data-new/train-set/objaverse/128/colmap/0787cd78f7b64ede997bebf7c7df90da/images,/project/ricky/splatformer-data-new/train-set/objaverse/128/nerfstudio/0787cd78f7b64ede997bebf7c7df90da/splatfacto/nerfstudio_models/step-000010001.ckpt,128,17948,,,
07886b21a3594297add46fecc96d2375,processed,,512,/project/ricky/splatformer-data-new/train-set/objaverse/512/colmap/07886b21a3594297add46fecc96d2375/images,/project/ricky/splatformer-data-new/train-set/objaverse/512/nerfstudio/07886b21a3594297add46fecc96d2375/splatfacto/nerfstudio_models/step-000010001.ckpt,128,137818,,,
07886b21a3594297add46fecc96d2375,processed,,128,/project/ricky/splatformer-data-new/train-set/objaverse/128/colmap/07886b21a3594297add46fecc96d2375/images,/project/ricky/splatformer-data-new/train-set/objaverse/128/nerfstudio/07886b21a3594297add46fecc96d2375/splatfacto/nerfstudio_models/step-000010001.ckpt,128,53322,,,
078b7a070d7c43b8963938b1b14a20e3,processed,,512,/project/ricky/splatformer-data-new/train-set/objaverse/512/colmap/078b7a070d7c43b8963938b1b14a20e3/images,/project/ricky/splatformer-data-new/train-set/objaverse/512/nerfstudio/078b7a070d7c43b8963938b1b14a20e3/splatfacto/nerfstudio_models/step-000010001.ckpt,128,96602,,,
078b7a070d7c43b8963938b1b14a20e3,processed,,128,/project/ricky/splatformer-data-new/train-set/objaverse/128/colmap/078b7a070d7c43b8963938b1b14a20e3/images,/project/ricky/splatformer-data-new/train-set/objaverse/128/nerfstudio/078b7a070d7c43b8963938b1b14a20e3/splatfacto/nerfstudio_models/step-000010001.ckpt,128,66843,,,
07942dc88a34493ba843654a7641e41a,skipped,missing_ckpt_512,,,,,,,,
0798d998de2a4851b668363dde3897c5,skipped,missing_ckpt_512,,,,,,,,
079a2de65e8647f9a4075d7098d38a31,skipped,missing_ckpt_512,,,,,,,,
07a091b54400494db5aa0f8c66fa5822,skipped,missing_ckpt_512,,,,,,,,
07aa5f57ff324d4e8785ded90d2e5c52,skipped,missing_ckpt_512,,,,,,,,
07abc94bddd24242ab1435ab356b6c05,skipped,missing_ckpt_512,,,,,,,,
07b10956418d49aba2981b0af74cff6c,processed,,512,/project/ricky/splatformer-data-new/train-set/objaverse/512/colmap/07b10956418d49aba2981b0af74cff6c/images,/project/ricky/splatformer-data-new/train-set/objaverse/512/nerfstudio/07b10956418d49aba2981b0af74cff6c/splatfacto/nerfstudio_models/step-000010001.ckpt,128,49043,,,
07b10956418d49aba2981b0af74cff6c,processed,,128,/project/ricky/splatformer-data-new/train-set/objaverse/128/colmap/07b10956418d49aba2981b0af74cff6c/images,/project/ricky/splatformer-data-new/train-set/objaverse/128/nerfstudio/07b10956418d49aba2981b0af74cff6c/splatfacto/nerfstudio_models/step-000010001.ckpt,128,30291,,,
07b497a29bc3435ba2dd559eb68d345a,skipped,missing_ckpt_512,,,,,,,,
07b5c7d2b62844cd9016cae63040b15c,skipped,missing_ckpt_512,,,,,,,,
07bacddd8d38466bbe18e6cf83ff4fa1,processed,,512,/project/ricky/splatformer-data-new/train-set/objaverse/512/colmap/07bacddd8d38466bbe18e6cf83ff4fa1/images,/project/ricky/splatformer-data-new/train-set/objaverse/512/nerfstudio/07bacddd8d38466bbe18e6cf83ff4fa1/splatfacto/nerfstudio_models/step-000010001.ckpt,128,64771,,,
07bacddd8d38466bbe18e6cf83ff4fa1,processed,,128,/project/ricky/splatformer-data-new/train-set/objaverse/128/colmap/07bacddd8d38466bbe18e6cf83ff4fa1/images,/project/ricky/splatformer-data-new/train-set/objaverse/128/nerfstudio/07bacddd8d38466bbe18e6cf83ff4fa1/splatfacto/nerfstudio_models/step-000010001.ckpt,128,74911,,,
07bdda9a456e4a22959f942f70f7ea35,processed,,512,/project/ricky/splatformer-data-new/train-set/objaverse/512/colmap/07bdda9a456e4a22959f942f70f7ea35/images,/project/ricky/splatformer-data-new/train-set/objaverse/512/nerfstudio/07bdda9a456e4a22959f942f70f7ea35/splatfacto/nerfstudio_models/step-000010001.ckpt,128,43898,,,
07bdda9a456e4a22959f942f70f7ea35,processed,,128,/project/ricky/splatformer-data-new/train-set/objaverse/128/colmap/07bdda9a456e4a22959f942f70f7ea35/images,/project/ricky/splatformer-data-new/train-set/objaverse/128/nerfstudio/07bdda9a456e4a22959f942f70f7ea35/splatfacto/nerfstudio_models/step-000010001.ckpt,128,37080,,,
07bf3101804747d4a5211c4c39b18a2c,skipped,missing_ckpt_512,,,,,,,,
07c2b0d0904f4301a94e1ff7b92d413f,skipped,missing_ckpt_512,,,,,,,,
07c2b2fa9b224edda6653c589015fbb2,skipped,missing_ckpt_512,,,,,,,,
07c6b932ded349b39e45e0e8de48f4e6,processed,,512,/project/ricky/splatformer-data-new/train-set/objaverse/512/colmap/07c6b932ded349b39e45e0e8de48f4e6/images,/project/ricky/splatformer-data-new/train-set/objaverse/512/nerfstudio/07c6b932ded349b39e45e0e8de48f4e6/splatfacto/nerfstudio_models/step-000010001.ckpt,128,66966,,,
07c6b932ded349b39e45e0e8de48f4e6,processed,,128,/project/ricky/splatformer-data-new/train-set/objaverse/128/colmap/07c6b932ded349b39e45e0e8de48f4e6/images,/project/ricky/splatformer-data-new/train-set/objaverse/128/nerfstudio/07c6b932ded349b39e45e0e8de48f4e6/splatfacto/nerfstudio_models/step-000010001.ckpt,128,42015,,,
07c8f53197944b20912def005b1d3dad,skipped,missing_ckpt_512,,,,,,,,
07ccc46b180a4a13831155d6400394b1,skipped,missing_ckpt_512,,,,,,,,
07cec33da295472b8c078f20ab03808d,skipped,missing_ckpt_512,,,,,,,,
07d9c41bd2a6461ba348ae8da924af7b,skipped,missing_ckpt_512,,,,,,,,
07e27e7ae4a64ba4bffb8245944e838d,skipped,missing_ckpt_512,,,,,,,,
07f46e6bb3454458855fde751a1e4bee,skipped,missing_ckpt_512,,,,,,,,
07f81c9533134c088d1cca97d09aa35b,skipped,missing_ckpt_512,,,,,,,,
07f8455c300e4a17821e6762541f4390,skipped,missing_ckpt_512,,,,,,,,
07fc164f28e9449aa012ad8729c6d809,skipped,missing_ckpt_512,,,,,,,,
07ffa4c1987a4d9d9992d76294d5120c,processed,,512,/project/ricky/splatformer-data-new/train-set/objaverse/512/colmap/07ffa4c1987a4d9d9992d76294d5120c/images,/project/ricky/splatformer-data-new/train-set/objaverse/512/nerfstudio/07ffa4c1987a4d9d9992d76294d5120c/splatfacto/nerfstudio_models/step-000010001.ckpt,128,50258,,,
07ffa4c1987a4d9d9992d76294d5120c,processed,,128,/project/ricky/splatformer-data-new/train-set/objaverse/128/colmap/07ffa4c1987a4d9d9992d76294d5120c/images,/project/ricky/splatformer-data-new/train-set/objaverse/128/nerfstudio/07ffa4c1987a4d9d9992d76294d5120c/splatfacto/nerfstudio_models/step-000010001.ckpt,128,18022,,,
0809d448b44b465d83cb4ffef2dccca2,processed,,512,/project/ricky/splatformer-data-new/train-set/objaverse/512/colmap/0809d448b44b465d83cb4ffef2dccca2/images,/project/ricky/splatformer-data-new/train-set/objaverse/512/nerfstudio/0809d448b44b465d83cb4ffef2dccca2/splatfacto/nerfstudio_models/step-000010001.ckpt,128,89007,,,
0809d448b44b465d83cb4ffef2dccca2,processed,,128,/project/ricky/splatformer-data-new/train-set/objaverse/128/colmap/0809d448b44b465d83cb4ffef2dccca2/images,/project/ricky/splatformer-data-new/train-set/objaverse/128/nerfstudio/0809d448b44b465d83cb4ffef2dccca2/splatfacto/nerfstudio_models/step-000010001.ckpt,128,45917,,,
080a75d499ad424e9fe18b998316599c,processed,,512,/project/ricky/splatformer-data-new/train-set/objaverse/512/colmap/080a75d499ad424e9fe18b998316599c/images,/project/ricky/splatformer-data-new/train-set/objaverse/512/nerfstudio/080a75d499ad424e9fe18b998316599c/splatfacto/nerfstudio_models/step-000010001.ckpt,128,57782,,,
080a75d499ad424e9fe18b998316599c,processed,,128,/project/ricky/splatformer-data-new/train-set/objaverse/128/colmap/080a75d499ad424e9fe18b998316599c/images,/project/ricky/splatformer-data-new/train-set/objaverse/128/nerfstudio/080a75d499ad424e9fe18b998316599c/splatfacto/nerfstudio_models/step-000010001.ckpt,128,42829,,,
080b470094e745c0bb27257d21425630,skipped,missing_ckpt_512,,,,,,,,
080c2a0e41d3472c8ca18a26c6955129,skipped,missing_ckpt_512,,,,,,,,
0814edaf225b4e11a307bd7a6da61689,skipped,missing_ckpt_512,,,,,,,,
081da6bf5f0f43809d82b507e392f3fd,skipped,missing_ckpt_512,,,,,,,,
081f588b9ca24a0ea5ed79ee3d7bed47,processed,,512,/project/ricky/splatformer-data-new/train-set/objaverse/512/colmap/081f588b9ca24a0ea5ed79ee3d7bed47/images,/project/ricky/splatformer-data-new/train-set/objaverse/512/nerfstudio/081f588b9ca24a0ea5ed79ee3d7bed47/splatfacto/nerfstudio_models/step-000010001.ckpt,128,87974,,,
081f588b9ca24a0ea5ed79ee3d7bed47,processed,,128,/project/ricky/splatformer-data-new/train-set/objaverse/128/colmap/081f588b9ca24a0ea5ed79ee3d7bed47/images,/project/ricky/splatformer-data-new/train-set/objaverse/128/nerfstudio/081f588b9ca24a0ea5ed79ee3d7bed47/splatfacto/nerfstudio_models/step-000010001.ckpt,128,84818,,,
08258f612a3649fb868ec87200e5d024,skipped,missing_ckpt_512,,,,,,,,
082e081ecea94a6aaa8c7bb72ec9136b,skipped,missing_ckpt_512,,,,,,,,
082e56f6b89d4677a48059baaf604364,skipped,missing_ckpt_512,,,,,,,,
0836376147324affa6245759de96f189,skipped,missing_ckpt_512,,,,,,,,
0836af0bceab4fa3aa71357d37ae09e2,skipped,missing_ckpt_512,,,,,,,,
083aed88bf6e4ed3a3c8cabb00a4f8d6,skipped,missing_ckpt_512,,,,,,,,
083c4ea138724653857a900e147b7974,processed,,512,/project/ricky/splatformer-data-new/train-set/objaverse/512/colmap/083c4ea138724653857a900e147b7974/images,/project/ricky/splatformer-data-new/train-set/objaverse/512/nerfstudio/083c4ea138724653857a900e147b7974/splatfacto/nerfstudio_models/step-000010001.ckpt,128,108224,,,
083c4ea138724653857a900e147b7974,processed,,128,/project/ricky/splatformer-data-new/train-set/objaverse/128/colmap/083c4ea138724653857a900e147b7974/images,/project/ricky/splatformer-data-new/train-set/objaverse/128/nerfstudio/083c4ea138724653857a900e147b7974/splatfacto/nerfstudio_models/step-000010001.ckpt,128,104033,,,
083ee792e5704b16b429ac8fcda98f5f,skipped,missing_ckpt_512,,,,,,,,
083f5d79447e40beaa43ed97e35ef394,skipped,missing_ckpt_512,,,,,,,,
08431b71514149c4970529ef35d88511,skipped,missing_ckpt_512,,,,,,,,
0845f2dde500468883575cf530fa11d2,skipped,missing_ckpt_512,,,,,,,,
0850ce9786084be49784f6334a2cb20f,processed,,512,/project/ricky/splatformer-data-new/train-set/objaverse/512/colmap/0850ce9786084be49784f6334a2cb20f/images,/project/ricky/splatformer-data-new/train-set/objaverse/512/nerfstudio/0850ce9786084be49784f6334a2cb20f/splatfacto/nerfstudio_models/step-000010001.ckpt,128,31672,,,
0850ce9786084be49784f6334a2cb20f,processed,,128,/project/ricky/splatformer-data-new/train-set/objaverse/128/colmap/0850ce9786084be49784f6334a2cb20f/images,/project/ricky/splatformer-data-new/train-set/objaverse/128/nerfstudio/0850ce9786084be49784f6334a2cb20f/splatfacto/nerfstudio_models/step-000010001.ckpt,128,20184,,,
085409126f26498b94c6606316d2701a,processed,,512,/project/ricky/splatformer-data-new/train-set/objaverse/512/colmap/085409126f26498b94c6606316d2701a/images,/project/ricky/splatformer-data-new/train-set/objaverse/512/nerfstudio/085409126f26498b94c6606316d2701a/splatfacto/nerfstudio_models/step-000010001.ckpt,128,141827,,,
085409126f26498b94c6606316d2701a,processed,,128,/project/ricky/splatformer-data-new/train-set/objaverse/128/colmap/085409126f26498b94c6606316d2701a/images,/project/ricky/splatformer-data-new/train-set/objaverse/128/nerfstudio/085409126f26498b94c6606316d2701a/splatfacto/nerfstudio_models/step-000010001.ckpt,128,18144,,,
0858e2e66d264bc4b2341ce8e5678115,skipped,missing_ckpt_512,,,,,,,,
085bdbb44f524aac91f673aceb1a0b1d,skipped,missing_ckpt_512,,,,,,,,
0869d17e587048dfb50619a27d1afa45,processed,,512,/project/ricky/splatformer-data-new/train-set/objaverse/512/colmap/0869d17e587048dfb50619a27d1afa45/images,/project/ricky/splatformer-data-new/train-set/objaverse/512/nerfstudio/0869d17e587048dfb50619a27d1afa45/splatfacto/nerfstudio_models/step-000010001.ckpt,128,29299,,,
0869d17e587048dfb50619a27d1afa45,processed,,128,/project/ricky/splatformer-data-new/train-set/objaverse/128/colmap/0869d17e587048dfb50619a27d1afa45/images,/project/ricky/splatformer-data-new/train-set/objaverse/128/nerfstudio/0869d17e587048dfb50619a27d1afa45/splatfacto/nerfstudio_models/step-000010001.ckpt,128,34501,,,
086be698bca14d7791d9032884909954,processed,,512,/project/ricky/splatformer-data-new/train-set/objaverse/512/colmap/086be698bca14d7791d9032884909954/images,/project/ricky/splatformer-data-new/train-set/objaverse/512/nerfstudio/086be698bca14d7791d9032884909954/splatfacto/nerfstudio_models/step-000010001.ckpt,128,64591,,,
086be698bca14d7791d9032884909954,processed,,128,/project/ricky/splatformer-data-new/train-set/objaverse/128/colmap/086be698bca14d7791d9032884909954/images,/project/ricky/splatformer-data-new/train-set/objaverse/128/nerfstudio/086be698bca14d7791d9032884909954/splatfacto/nerfstudio_models/step-000010001.ckpt,128,55446,,,
086ff0af5de14490895affa0bcf93cfa,skipped,missing_ckpt_512,,,,,,,,
0875eee52ed64c6fb6fb53660773a334,skipped,missing_ckpt_512,,,,,,,,
0876f44c6a8d4e5bbb2905dd15b65c20,skipped,missing_ckpt_512,,,,,,,,
0877611d6edd401ebbffcd89b8cf3dba,skipped,missing_ckpt_512,,,,,,,,
087912062d654bfdae1a4757ad94eeb7,processed,,512,/project/ricky/splatformer-data-new/train-set/objaverse/512/colmap/087912062d654bfdae1a4757ad94eeb7/images,/project/ricky/splatformer-data-new/train-set/objaverse/512/nerfstudio/087912062d654bfdae1a4757ad94eeb7/splatfacto/nerfstudio_models/step-000010001.ckpt,128,166605,,,
087912062d654bfdae1a4757ad94eeb7,processed,,128,/project/ricky/splatformer-data-new/train-set/objaverse/128/colmap/087912062d654bfdae1a4757ad94eeb7/images,/project/ricky/splatformer-data-new/train-set/objaverse/128/nerfstudio/087912062d654bfdae1a4757ad94eeb7/splatfacto/nerfstudio_models/step-000010001.ckpt,128,144617,,,
087a7de71b2749a89eb747618caa2d0a,skipped,missing_ckpt_512,,,,,,,,
0880d20747434cdba01e2577cbb7e09f,skipped,missing_ckpt_512,,,,,,,,
0889a98529b1436bbe5b354bbb27f457,processed,,512,/project/ricky/splatformer-data-new/train-set/objaverse/512/colmap/0889a98529b1436bbe5b354bbb27f457/images,/project/ricky/splatformer-data-new/train-set/objaverse/512/nerfstudio/0889a98529b1436bbe5b354bbb27f457/splatfacto/nerfstudio_models/step-000010001.ckpt,128,24996,,,
0889a98529b1436bbe5b354bbb27f457,processed,,128,/project/ricky/splatformer-data-new/train-set/objaverse/128/colmap/0889a98529b1436bbe5b354bbb27f457/images,/project/ricky/splatformer-data-new/train-set/objaverse/128/nerfstudio/0889a98529b1436bbe5b354bbb27f457/splatfacto/nerfstudio_models/step-000010001.ckpt,128,5070,,,
088c4ef12c114a8190aefb1177d60cf5,skipped,missing_ckpt_512,,,,,,,,
088e381d12814fa591777743a52c1cd5,skipped,missing_ckpt_512,,,,,,,,
089301f168c943cb9ae7583bd8babe4e,skipped,missing_ckpt_512,,,,,,,,
0898b0370b2f4befb413571b5dce4ccd,skipped,missing_ckpt_512,,,,,,,,
08a3585fa23e4e42a003b662f2df4252,processed,,512,/project/ricky/splatformer-data-new/train-set/objaverse/512/colmap/08a3585fa23e4e42a003b662f2df4252/images,/project/ricky/splatformer-data-new/train-set/objaverse/512/nerfstudio/08a3585fa23e4e42a003b662f2df4252/splatfacto/nerfstudio_models/step-000010001.ckpt,128,117218,,,
08a3585fa23e4e42a003b662f2df4252,processed,,128,/project/ricky/splatformer-data-new/train-set/objaverse/128/colmap/08a3585fa23e4e42a003b662f2df4252/images,/project/ricky/splatformer-data-new/train-set/objaverse/128/nerfstudio/08a3585fa23e4e42a003b662f2df4252/splatfacto/nerfstudio_models/step-000010001.ckpt,128,83132,,,
08aa8c9b10fb4ba189a030582b942b13,skipped,missing_ckpt_512,,,,,,,,
08ac9412a14c42cf842b02542ba751a9,skipped,missing_ckpt_512,,,,,,,,
08b6d10747ae4319a5d6fb1c2a47be92,processed,,512,/project/ricky/splatformer-data-new/train-set/objaverse/512/colmap/08b6d10747ae4319a5d6fb1c2a47be92/images,/project/ricky/splatformer-data-new/train-set/objaverse/512/nerfstudio/08b6d10747ae4319a5d6fb1c2a47be92/splatfacto/nerfstudio_models/step-000010001.ckpt,128,26102,,,
08b6d10747ae4319a5d6fb1c2a47be92,processed,,128,/project/ricky/splatformer-data-new/train-set/objaverse/128/colmap/08b6d10747ae4319a5d6fb1c2a47be92/images,/project/ricky/splatformer-data-new/train-set/objaverse/128/nerfstudio/08b6d10747ae4319a5d6fb1c2a47be92/splatfacto/nerfstudio_models/step-000010001.ckpt,128,10954,,,
08bb78e6d7344a5cbf339123bd138966,processed,,512,/project/ricky/splatformer-data-new/train-set/objaverse/512/colmap/08bb78e6d7344a5cbf339123bd138966/images,/project/ricky/splatformer-data-new/train-set/objaverse/512/nerfstudio/08bb78e6d7344a5cbf339123bd138966/splatfacto/nerfstudio_models/step-000010001.ckpt,128,30301,,,
08bb78e6d7344a5cbf339123bd138966,processed,,128,/project/ricky/splatformer-data-new/train-set/objaverse/128/colmap/08bb78e6d7344a5cbf339123bd138966/images,/project/ricky/splatformer-data-new/train-set/objaverse/128/nerfstudio/08bb78e6d7344a5cbf339123bd138966/splatfacto/nerfstudio_models/step-000010001.ckpt,128,37886,,,
08bc8f56df1b4d72bfb8f8f96bfbd7a0,skipped,missing_ckpt_512,,,,,,,,
08bdffde7ae240c1bc1765edb25ae9f7,skipped,missing_ckpt_512,,,,,,,,
08c469c62c4e4a2794fd6135ff674b30,skipped,missing_ckpt_512,,,,,,,,
08c6a05ccb3548968d4eb3b071c06309,skipped,missing_ckpt_512,,,,,,,,
08c7e68166e245fc8d1f3bfe0a70a005,processed,,512,/project/ricky/splatformer-data-new/train-set/objaverse/512/colmap/08c7e68166e245fc8d1f3bfe0a70a005/images,/project/ricky/splatformer-data-new/train-set/objaverse/512/nerfstudio/08c7e68166e245fc8d1f3bfe0a70a005/splatfacto/nerfstudio_models/step-000010001.ckpt,128,52205,,,
08c7e68166e245fc8d1f3bfe0a70a005,processed,,128,/project/ricky/splatformer-data-new/train-set/objaverse/128/colmap/08c7e68166e245fc8d1f3bfe0a70a005/images,/project/ricky/splatformer-data-new/train-set/objaverse/128/nerfstudio/08c7e68166e245fc8d1f3bfe0a70a005/splatfacto/nerfstudio_models/step-000010001.ckpt,128,42433,,,
08c80898b961403598bb0c467b799b63,skipped,missing_ckpt_512,,,,,,,,
08c8cae3cf2648cab03f2d7695248e23,processed,,512,/project/ricky/splatformer-data-new/train-set/objaverse/512/colmap/08c8cae3cf2648cab03f2d7695248e23/images,/project/ricky/splatformer-data-new/train-set/objaverse/512/nerfstudio/08c8cae3cf2648cab03f2d7695248e23/splatfacto/nerfstudio_models/step-000010001.ckpt,128,119323,,,
08c8cae3cf2648cab03f2d7695248e23,processed,,128,/project/ricky/splatformer-data-new/train-set/objaverse/128/colmap/08c8cae3cf2648cab03f2d7695248e23/images,/project/ricky/splatformer-data-new/train-set/objaverse/128/nerfstudio/08c8cae3cf2648cab03f2d7695248e23/splatfacto/nerfstudio_models/step-000010001.ckpt,128,86567,,,
08cb518ef2d140a0b065f006a9ae915d,skipped,missing_ckpt_512,,,,,,,,
08cb92aca7eb4ca1ab9a3efaed50f020,processed,,512,/project/ricky/splatformer-data-new/train-set/objaverse/512/colmap/08cb92aca7eb4ca1ab9a3efaed50f020/images,/project/ricky/splatformer-data-new/train-set/objaverse/512/nerfstudio/08cb92aca7eb4ca1ab9a3efaed50f020/splatfacto/nerfstudio_models/step-000010001.ckpt,128,78982,,,
08cb92aca7eb4ca1ab9a3efaed50f020,processed,,128,/project/ricky/splatformer-data-new/train-set/objaverse/128/colmap/08cb92aca7eb4ca1ab9a3efaed50f020/images,/project/ricky/splatformer-data-new/train-set/objaverse/128/nerfstudio/08cb92aca7eb4ca1ab9a3efaed50f020/splatfacto/nerfstudio_models/step-000010001.ckpt,128,44582,,,
08ce815786dd4bd5abbd616cefee1feb,processed,,512,/project/ricky/splatformer-data-new/train-set/objaverse/512/colmap/08ce815786dd4bd5abbd616cefee1feb/images,/project/ricky/splatformer-data-new/train-set/objaverse/512/nerfstudio/08ce815786dd4bd5abbd616cefee1feb/splatfacto/nerfstudio_models/step-000010001.ckpt,128,110552,,,
08ce815786dd4bd5abbd616cefee1feb,processed,,128,/project/ricky/splatformer-data-new/train-set/objaverse/128/colmap/08ce815786dd4bd5abbd616cefee1feb/images,/project/ricky/splatformer-data-new/train-set/objaverse/128/nerfstudio/08ce815786dd4bd5abbd616cefee1feb/splatfacto/nerfstudio_models/step-000010001.ckpt,128,32291,,,
08d05c698df34c0f88875a38757c637b,skipped,missing_ckpt_512,,,,,,,,
08d45f6bd6674068a91bf42690228f20,skipped,missing_ckpt_512,,,,,,,,
08df63ad7aaf4249821d304c8f367528,skipped,missing_ckpt_512,,,,,,,,
08e37408666e40f68b632d6a208ed649,skipped,missing_ckpt_512,,,,,,,,
08e3966520d44f0ab0355596d54c6e3d,skipped,missing_ckpt_512,,,,,,,,
08e7e48e409c4d2d92e4ac98acb30ad6,skipped,missing_ckpt_512,,,,,,,,
08f1f275997646d1906fd045ba7576c0,skipped,missing_ckpt_512,,,,,,,,
08f3b009543e4bc0a862bd30b3736643,skipped,missing_ckpt_512,,,,,,,,
08f50c5736da4837b0bacb74fef0ab08,skipped,missing_ckpt_512,,,,,,,,
08f5bff1a7f248ef84cbb26db9e372d1,skipped,missing_ckpt_512,,,,,,,,
09021da84be24b82ada19e6031ee43ca,processed,,512,/project/ricky/splatformer-data-new/train-set/objaverse/512/colmap/09021da84be24b82ada19e6031ee43ca/images,/project/ricky/splatformer-data-new/train-set/objaverse/512/nerfstudio/09021da84be24b82ada19e6031ee43ca/splatfacto/nerfstudio_models/step-000010001.ckpt,128,119979,,,
09021da84be24b82ada19e6031ee43ca,processed,,128,/project/ricky/splatformer-data-new/train-set/objaverse/128/colmap/09021da84be24b82ada19e6031ee43ca/images,/project/ricky/splatformer-data-new/train-set/objaverse/128/nerfstudio/09021da84be24b82ada19e6031ee43ca/splatfacto/nerfstudio_models/step-000010001.ckpt,128,82271,,,
0909e1c0499c4034975fcb9ecaeaeb7e,skipped,missing_ckpt_512,,,,,,,,
090ab7df8756444083672befac5bdcda,processed,,512,/project/ricky/splatformer-data-new/train-set/objaverse/512/colmap/090ab7df8756444083672befac5bdcda/images,/project/ricky/splatformer-data-new/train-set/objaverse/512/nerfstudio/090ab7df8756444083672befac5bdcda/splatfacto/nerfstudio_models/step-000010001.ckpt,128,73982,,,
090ab7df8756444083672befac5bdcda,processed,,128,/project/ricky/splatformer-data-new/train-set/objaverse/128/colmap/090ab7df8756444083672befac5bdcda/images,/project/ricky/splatformer-data-new/train-set/objaverse/128/nerfstudio/090ab7df8756444083672befac5bdcda/splatfacto/nerfstudio_models/step-000010001.ckpt,128,49615,,,
090fd40493154e6e9cbffcb4a9e298be,skipped,missing_ckpt_512,,,,,,,,
091de1e5940144d9a5222ea29a37a303,skipped,missing_ckpt_512,,,,,,,,
091ea190a95c4751bcfa7691d2dfec6a,skipped,missing_ckpt_512,,,,,,,,
0921f267541c4dbe971f33c122101d48,skipped,missing_ckpt_512,,,,,,,,
0922b4e6b2b84c41873387df1a141394,skipped,missing_ckpt_512,,,,,,,,
092468408a2f4753a3b5db4bc88668fd,skipped,missing_ckpt_512,,,,,,,,
092765f47b954c0bb4215d74c03565e9,processed,,512,/project/ricky/splatformer-data-new/train-set/objaverse/512/colmap/092765f47b954c0bb4215d74c03565e9/images,/project/ricky/splatformer-data-new/train-set/objaverse/512/nerfstudio/092765f47b954c0bb4215d74c03565e9/splatfacto/nerfstudio_models/step-000010001.ckpt,128,201520,,,
092765f47b954c0bb4215d74c03565e9,processed,,128,/project/ricky/splatformer-data-new/train-set/objaverse/128/colmap/092765f47b954c0bb4215d74c03565e9/images,/project/ricky/splatformer-data-new/train-set/objaverse/128/nerfstudio/092765f47b954c0bb4215d74c03565e9/splatfacto/nerfstudio_models/step-000010001.ckpt,128,303645,,,
0929b0c14eed450cb2620b30955ff923,processed,,512,/project/ricky/splatformer-data-new/train-set/objaverse/512/colmap/0929b0c14eed450cb2620b30955ff923/images,/project/ricky/splatformer-data-new/train-set/objaverse/512/nerfstudio/0929b0c14eed450cb2620b30955ff923/splatfacto/nerfstudio_models/step-000010001.ckpt,128,20231,,,
0929b0c14eed450cb2620b30955ff923,processed,,128,/project/ricky/splatformer-data-new/train-set/objaverse/128/colmap/0929b0c14eed450cb2620b30955ff923/images,/project/ricky/splatformer-data-new/train-set/objaverse/128/nerfstudio/0929b0c14eed450cb2620b30955ff923/splatfacto/nerfstudio_models/step-000010001.ckpt,128,11146,,,
0929ffb7078347db81a4ec57cf17cb96,processed,,512,/project/ricky/splatformer-data-new/train-set/objaverse/512/colmap/0929ffb7078347db81a4ec57cf17cb96/images,/project/ricky/splatformer-data-new/train-set/objaverse/512/nerfstudio/0929ffb7078347db81a4ec57cf17cb96/splatfacto/nerfstudio_models/step-000010001.ckpt,128,87534,,,
0929ffb7078347db81a4ec57cf17cb96,processed,,128,/project/ricky/splatformer-data-new/train-set/objaverse/128/colmap/0929ffb7078347db81a4ec57cf17cb96/images,/project/ricky/splatformer-data-new/train-set/objaverse/128/nerfstudio/0929ffb7078347db81a4ec57cf17cb96/splatfacto/nerfstudio_models/step-000010001.ckpt,128,55168,,,
092a2a4eb45b429fa1e8f2352aceb0d3,skipped,missing_ckpt_512,,,,,,,,
09318a381a8c4ba2954f89344ef1ed49,skipped,missing_ckpt_512,,,,,,,,
09318ef6974a45f8ba0e226402daf721,skipped,missing_ckpt_512,,,,,,,,
0931c32bfad84b22a91711f3168a9a45,skipped,missing_ckpt_512,,,,,,,,
093830c396d348918a62b41fd8d3051f,skipped,missing_ckpt_512,,,,,,,,
093e93399528434e9735539e25e51f8d,processed,,512,/project/ricky/splatformer-data-new/train-set/objaverse/512/colmap/093e93399528434e9735539e25e51f8d/images,/project/ricky/splatformer-data-new/train-set/objaverse/512/nerfstudio/093e93399528434e9735539e25e51f8d/splatfacto/nerfstudio_models/step-000010001.ckpt,128,61767,,,
093e93399528434e9735539e25e51f8d,processed,,128,/project/ricky/splatformer-data-new/train-set/objaverse/128/colmap/093e93399528434e9735539e25e51f8d/images,/project/ricky/splatformer-data-new/train-set/objaverse/128/nerfstudio/093e93399528434e9735539e25e51f8d/splatfacto/nerfstudio_models/step-000010001.ckpt,128,31935,,,
094bcd84c2134372b430a0850c497c1b,processed,,512,/project/ricky/splatformer-data-new/train-set/objaverse/512/colmap/094bcd84c2134372b430a0850c497c1b/images,/project/ricky/splatformer-data-new/train-set/objaverse/512/nerfstudio/094bcd84c2134372b430a0850c497c1b/splatfacto/nerfstudio_models/step-000010001.ckpt,128,193709,,,
094bcd84c2134372b430a0850c497c1b,processed,,128,/project/ricky/splatformer-data-new/train-set/objaverse/128/colmap/094bcd84c2134372b430a0850c497c1b/images,/project/ricky/splatformer-data-new/train-set/objaverse/128/nerfstudio/094bcd84c2134372b430a0850c497c1b/splatfacto/nerfstudio_models/step-000010001.ckpt,128,113624,,,
0952010e297c46e4b6d9df75984e57a7,skipped,missing_ckpt_512,,,,,,,,
095e399b7b4c4d7db0676e029314e9b3,processed,,512,/project/ricky/splatformer-data-new/train-set/objaverse/512/colmap/095e399b7b4c4d7db0676e029314e9b3/images,/project/ricky/splatformer-data-new/train-set/objaverse/512/nerfstudio/095e399b7b4c4d7db0676e029314e9b3/splatfacto/nerfstudio_models/step-000010001.ckpt,128,63995,,,
095e399b7b4c4d7db0676e029314e9b3,processed,,128,/project/ricky/splatformer-data-new/train-set/objaverse/128/colmap/095e399b7b4c4d7db0676e029314e9b3/images,/project/ricky/splatformer-data-new/train-set/objaverse/128/nerfstudio/095e399b7b4c4d7db0676e029314e9b3/splatfacto/nerfstudio_models/step-000010001.ckpt,128,22991,,,
095eca82420d433cb5f689415d7fe89c,skipped,missing_ckpt_512,,,,,,,,
0961d1130c014e848e69b010932ae885,processed,,512,/project/ricky/splatformer-data-new/train-set/objaverse/512/colmap/0961d1130c014e848e69b010932ae885/images,/project/ricky/splatformer-data-new/train-set/objaverse/512/nerfstudio/0961d1130c014e848e69b010932ae885/splatfacto/nerfstudio_models/step-000010001.ckpt,128,48215,,,
0961d1130c014e848e69b010932ae885,processed,,128,/project/ricky/splatformer-data-new/train-set/objaverse/128/colmap/0961d1130c014e848e69b010932ae885/images,/project/ricky/splatformer-data-new/train-set/objaverse/128/nerfstudio/0961d1130c014e848e69b010932ae885/splatfacto/nerfstudio_models/step-000010001.ckpt,128,41558,,,
0964f0059786440696a4e9edf0268cb4,skipped,missing_ckpt_512,,,,,,,,
096be7bcd47c41edb09257f6b6e96f1f,skipped,missing_ckpt_512,,,,,,,,
096c791e7c30404aa75cae29f14773c9,processed,,512,/project/ricky/splatformer-data-new/train-set/objaverse/512/colmap/096c791e7c30404aa75cae29f14773c9/images,/project/ricky/splatformer-data-new/train-set/objaverse/512/nerfstudio/096c791e7c30404aa75cae29f14773c9/splatfacto/nerfstudio_models/step-000010001.ckpt,128,38770,,,
096c791e7c30404aa75cae29f14773c9,processed,,128,/project/ricky/splatformer-data-new/train-set/objaverse/128/colmap/096c791e7c30404aa75cae29f14773c9/images,/project/ricky/splatformer-data-new/train-set/objaverse/128/nerfstudio/096c791e7c30404aa75cae29f14773c9/splatfacto/nerfstudio_models/step-000010001.ckpt,128,26952,,,
096ce766869347e8b4988933f4271e77,skipped,missing_ckpt_512,,,,,,,,
097490f14e3c40ed872d2c03da999917,skipped,missing_ckpt_512,,,,,,,,
0975b659cad848d2a38209103899f56a,processed,,512,/project/ricky/splatformer-data-new/train-set/objaverse/512/colmap/0975b659cad848d2a38209103899f56a/images,/project/ricky/splatformer-data-new/train-set/objaverse/512/nerfstudio/0975b659cad848d2a38209103899f56a/splatfacto/nerfstudio_models/step-000010001.ckpt,128,151443,,,
0975b659cad848d2a38209103899f56a,processed,,128,/project/ricky/splatformer-data-new/train-set/objaverse/128/colmap/0975b659cad848d2a38209103899f56a/images,/project/ricky/splatformer-data-new/train-set/objaverse/128/nerfstudio/0975b659cad848d2a38209103899f56a/splatfacto/nerfstudio_models/step-000010001.ckpt,128,82687,,,
097962a45208450a84570b008ffaddd0,processed,,512,/project/ricky/splatformer-data-new/train-set/objaverse/512/colmap/097962a45208450a84570b008ffaddd0/images,/project/ricky/splatformer-data-new/train-set/objaverse/512/nerfstudio/097962a45208450a84570b008ffaddd0/splatfacto/nerfstudio_models/step-000010001.ckpt,128,80053,,,
097962a45208450a84570b008ffaddd0,processed,,128,/project/ricky/splatformer-data-new/train-set/objaverse/128/colmap/097962a45208450a84570b008ffaddd0/images,/project/ricky/splatformer-data-new/train-set/objaverse/128/nerfstudio/097962a45208450a84570b008ffaddd0/splatfacto/nerfstudio_models/step-000010001.ckpt,128,19895,,,
0981a5c30fdf4416ab03bd6e32a77d08,skipped,missing_ckpt_512,,,,,,,,
09864d35875b414ab85d7d7ca80a4e72,skipped,missing_ckpt_512,,,,,,,,
098668af6688449896bc9fc1ef119e36,skipped,missing_ckpt_512,,,,,,,,
098739becacb41fd836e1b39d7ce1744,skipped,missing_ckpt_512,,,,,,,,
098bceb56e0b46b6af797dc4ab9f4825,skipped,missing_ckpt_512,,,,,,,,
099450527f614a3e81baf1fe4fe087ab,skipped,missing_ckpt_512,,,,,,,,
0994815e0a994ee69c2e408860d17cee,skipped,missing_ckpt_512,,,,,,,,
099bef78983b411c8366a90b52960a42,skipped,missing_ckpt_512,,,,,,,,
09a35421bd6d450a8d601b676b72b335,skipped,missing_ckpt_512,,,,,,,,
09ac07867d894a85b88c88f6fda198f9,skipped,missing_ckpt_512,,,,,,,,
09b62660c67e49bb96c406ed055c64ca,skipped,missing_ckpt_512,,,,,,,,
09b809494e574a0490a2ea1aa29e2540,skipped,missing_ckpt_512,,,,,,,,
09ba87ac105a40dca7968cce8c46b26f,skipped,missing_ckpt_512,,,,,,,,
09bbccde6c5a420497c3d5141a66789d,skipped,missing_ckpt_512,,,,,,,,
09c34c4f5a7547878fa85661cfa04402,skipped,missing_ckpt_512,,,,,,,,
09c57f417a594431af4cf22e9cd767e3,skipped,missing_ckpt_512,,,,,,,,
09c66735ef6e4307918911670b0a7794,skipped,missing_ckpt_512,,,,,,,,
09c9a93d0ae84502a60b760a01355fde,skipped,missing_ckpt_512,,,,,,,,
09cab4a727cf4a979c7491445d110bff,skipped,missing_ckpt_512,,,,,,,,
09cbd3ccc71f4804add9487f681e5e27,skipped,missing_ckpt_512,,,,,,,,
09d1cbb988a649f5b3dfd323f3b6b59d,skipped,missing_ckpt_512,,,,,,,,
09d39268c2944f11aa7867afd9745976,skipped,missing_ckpt_512,,,,,,,,
09d4bd5057af40d196506e26977ffdec,skipped,missing_ckpt_512,,,,,,,,
09da684e8b774a13a3cfdef99961407f,skipped,missing_ckpt_512,,,,,,,,
09da80a67f0a422fb0c6a6f639f0620a,skipped,missing_ckpt_512,,,,,,,,
09e733772f1e4d69aa8cb7c4bf728a09,skipped,missing_ckpt_512,,,,,,,,
09e9b8e63c074c549eb2573136ab148d,skipped,missing_ckpt_512,,,,,,,,
09ebd4a63b744e76994499c6d891936c,skipped,missing_ckpt_512,,,,,,,,
09eccb7448a24c8b80cc2c657ce1cc00,skipped,missing_ckpt_512,,,,,,,,
09ee5a4ef9794db4ab637ba89286b8d3,skipped,missing_ckpt_512,,,,,,,,
09f1cef0a3334e69b4ffa9595fcd5aec,skipped,missing_ckpt_512,,,,,,,,
09f2a3232167484282ffb720adbfb193,skipped,missing_ckpt_512,,,,,,,,
0a00957849e347da939d7502722216d9,skipped,missing_ckpt_512,,,,,,,,
0a022ca22b684b86afc800b5e1b56d0a,skipped,missing_ckpt_512,,,,,,,,
0a081c97e1aa42ef9178653e7ce8a922,skipped,missing_ckpt_512,,,,,,,,
0a113ac28fda4c40aa2234400d8c20c0,skipped,missing_ckpt_512,,,,,,,,
0a1538247d8e46d6bdd68b4767c31aae,skipped,missing_ckpt_512,,,,,,,,
0a1933d5aba84d1a83683e8d55adcf7a,skipped,missing_ckpt_512,,,,,,,,
0a19854892fd4099b67157e7e2432f80,skipped,missing_ckpt_512,,,,,,,,
0a1fb4eac5fe4ac396e0053693cdd104,skipped,missing_ckpt_512,,,,,,,,
0a22d47562924ebab74208b68a26a48b,skipped,missing_ckpt_512,,,,,,,,
0a269c37244d4227b828949d3af80cc3,skipped,missing_ckpt_512,,,,,,,,
0a2c73fe3d464dacb6d40d34a2790e1e,skipped,missing_ckpt_512,,,,,,,,
0a2e77d28970460cbc891ab3d31f396b,skipped,missing_ckpt_512,,,,,,,,
0a35e19868634027b8353d19768f5f55,skipped,missing_ckpt_512,,,,,,,,
0a38a22ed2d34257bfcd5108e693a715,skipped,missing_ckpt_512,,,,,,,,
0a3b3e52dea4420cba15c3a558f8d8d5,skipped,missing_ckpt_512,,,,,,,,
0a3fa07a6c244500941b2a747d290046,skipped,missing_ckpt_512,,,,,,,,
0a41a02708de45c8882529f444e7d279,skipped,missing_ckpt_512,,,,,,,,
0a51db978635499cbce9cc57c434ffdf,skipped,missing_ckpt_512,,,,,,,,
0a53a5444a1f4bb3b9aedea824414cf9,skipped,missing_ckpt_512,,,,,,,,
0a5a0a073ffb42c78d04cb56f8ad4b99,skipped,missing_ckpt_512,,,,,,,,
0a5c822aa06b4b4e819eca2a5053eaac,skipped,missing_ckpt_512,,,,,,,,
0a66f06e6eed476e8404badcc187e13f,skipped,missing_ckpt_512,,,,,,,,
0a784e2c27fa4ddc8f7960fc6199fd12,skipped,missing_ckpt_512,,,,,,,,
0a7e5e5d77c747d5a5d448fd52a2f2a0,skipped,missing_ckpt_512,,,,,,,,
0a814511b21942d297745cff34980ff8,skipped,missing_ckpt_512,,,,,,,,
0a8517e1f8024e25980e10d95ae309f8,skipped,missing_ckpt_512,,,,,,,,
0a8ee97eb1dc48dcb5b493bff47673a2,skipped,missing_ckpt_512,,,,,,,,
0a990c32752247a8a64d9e1d98c20220,skipped,missing_ckpt_512,,,,,,,,
0a99782096f44106a3c180ff94b52ff4,skipped,missing_ckpt_512,,,,,,,,
0aa0ac5152f045509aeff9e6a2ed0b5b,skipped,missing_ckpt_512,,,,,,,,
0aa1b22de6544befad852665fa21b02e,skipped,missing_ckpt_512,,,,,,,,
0aa27e612ebb440eac45f3f569ee6d37,skipped,missing_ckpt_512,,,,,,,,
0aaef753122c48f7b2f383f456fc4304,skipped,missing_ckpt_512,,,,,,,,
0ab1c90bfc87428e8391f2c101e262df,skipped,missing_ckpt_512,,,,,,,,
0abbc2f03b554333bd43f4455970908d,skipped,missing_ckpt_512,,,,,,,,
0abed0d05bfa4fac91c87537643f9aca,skipped,missing_ckpt_512,,,,,,,,
0acbaed43ae14e06b150ccfb4397ebc5,skipped,missing_ckpt_512,,,,,,,,
0acc87e1e43f4fe4b3ecaa084bf64485,skipped,missing_ckpt_512,,,,,,,,
0ad22e1cab6e422e804e9190e370ef64,skipped,missing_ckpt_512,,,,,,,,
0ad3d5e1c18c4fa1ab096893b39f251e,skipped,missing_ckpt_512,,,,,,,,
0adc3a148dc84279867ad3f19e51913c,skipped,missing_ckpt_512,,,,,,,,
0adf7acbca714d2eaf2359ef0d24c6e0,skipped,missing_ckpt_512,,,,,,,,
0aeaa109e7bd49e19a6bd4963cd08aad,skipped,missing_ckpt_512,,,,,,,,
0aef58a7aa5a4a6f9b9a3022cc010d4d,skipped,missing_ckpt_512,,,,,,,,
0aefbb1e330f42b2b2410ecc5e8a1128,skipped,missing_ckpt_512,,,,,,,,
0af1aeefef7a4fab855030e7652b8cd1,skipped,missing_ckpt_512,,,,,,,,
0af65052ff51455dbae6d120b26739b8,skipped,missing_ckpt_512,,,,,,,,
0b0299e4d4454db493ed12c2dc8c8197,skipped,missing_ckpt_512,,,,,,,,
0b0b32949c754e58988f1c26023e1077,skipped,missing_ckpt_512,,,,,,,,
0b0b4e96764c43b4a397747a33cb61f3,skipped,missing_ckpt_512,,,,,,,,
0b10460faab8474595e8b459a35ceb01,skipped,missing_ckpt_512,,,,,,,,
0b164255b9a943ac9a10fe831d0a2d91,skipped,missing_ckpt_512,,,,,,,,
0b17a267c26440ddbdefa0be3a2a0eff,skipped,missing_ckpt_512,,,,,,,,
0b1a66c61e154c98aca62eb29e7a69be,skipped,missing_ckpt_512,,,,,,,,
0b1be111580f4af7a4696094b6be0537,skipped,missing_ckpt_512,,,,,,,,
0b24da649eaf43d981ef9cad6519601b,skipped,missing_ckpt_512,,,,,,,,
0b25cbe54bca45938ce7114702ef94b4,skipped,missing_ckpt_512,,,,,,,,
0b32ef05c9094f198d40cb3277eaa2a4,skipped,missing_ckpt_512,,,,,,,,
0b3541412df04d509e4f4fbd104bfba0,skipped,missing_ckpt_512,,,,,,,,
0b4f9fe1545e4271b4a19564b59f0ef6,skipped,missing_ckpt_512,,,,,,,,
0b4ff6c47ea44f238b4e32a96e992ba2,skipped,missing_ckpt_512,,,,,,,,
0b5375f091cc4b7e943b7c7415bc9670,skipped,missing_ckpt_512,,,,,,,,
0b58d1ffde894697bc6fb207cac2cb55,skipped,missing_ckpt_512,,,,,,,,
0b5b372e56de4999997750275da64b17,skipped,missing_ckpt_512,,,,,,,,
0b5e4ca006784554b79913363eab30fb,skipped,missing_ckpt_512,,,,,,,,
0b5fa266d8434c668de8295a82dea878,skipped,missing_ckpt_512,,,,,,,,
0b68b019f23748229868cd06d15ba370,skipped,missing_ckpt_512,,,,,,,,
0b6d53e3b2d048b38af4e27d74210a6c,skipped,missing_ckpt_512,,,,,,,,
0b6ed4911fb84160bcc99b78c59a2f2b,skipped,missing_ckpt_512,,,,,,,,
0b709b035f8f4ef3a8423bc0ce0341cb,skipped,missing_ckpt_512,,,,,,,,
0b78ce0694f04750b1420d1929be6bcf,skipped,missing_ckpt_512,,,,,,,,
0b7c0a3fa11d4f3ab3c7d180946d7f97,skipped,missing_ckpt_512,,,,,,,,
0b89363972794e9a998913949e878042,skipped,missing_ckpt_512,,,,,,,,
0b9597d6959343409017ed7c96533f4a,skipped,missing_ckpt_512,,,,,,,,
0b97b86eea0748bc8edcf7c0bf2d2a43,skipped,missing_ckpt_512,,,,,,,,
0b9ddf2ddd07479284cf21c95a047701,skipped,missing_ckpt_512,,,,,,,,
0ba00f42ed5a46278e02bcc02cc4ce34,skipped,missing_ckpt_512,,,,,,,,
0bac5a596dfc462fbe05fdd2b7bec995,skipped,missing_ckpt_512,,,,,,,,
0bada39806e247579389ae80cc8976d3,skipped,missing_ckpt_512,,,,,,,,
0baddd92d49e46599902422b797e4654,skipped,missing_ckpt_512,,,,,,,,
0bb25b329e114160b58527281b0a8088,skipped,missing_ckpt_512,,,,,,,,
0bc5482b661e41ae9bee7f925e48414a,skipped,missing_ckpt_512,,,,,,,,
0bc710cf7bf541bf82ac8e6e8e9dc43c,skipped,missing_ckpt_512,,,,,,,,
0bcb70546a3946c58407e9f30c570af2,skipped,missing_ckpt_512,,,,,,,,
0bcdc7eedf59474fb40dedd25fa15451,skipped,missing_ckpt_512,,,,,,,,
0bcf6f1bf6ca449a9bc8b5269c897c81,skipped,missing_ckpt_512,,,,,,,,
0bd02fa55e2e48a2aaa4ea83d5ba8468,skipped,missing_ckpt_512,,,,,,,,
0bd15b3d37114738809416b839f6f190,skipped,missing_ckpt_512,,,,,,,,
0bd85b44a55b4c8e84ac103e3fd5855a,skipped,missing_ckpt_512,,,,,,,,
0bdafb2342ee4f67a13f5eb361e9ab6d,skipped,missing_ckpt_512,,,,,,,,
0bdd071fe1034a54b4bdb68f418f7d73,skipped,missing_ckpt_512,,,,,,,,
0bdd9c18b39b4702bf9b31aec5f4a058,skipped,missing_ckpt_512,,,,,,,,
0bdf254e93714b1cb0ecbaeeb7f5471d,skipped,missing_ckpt_512,,,,,,,,
0beafcea49cb48bebd05473176ab4bdb,skipped,missing_ckpt_512,,,,,,,,
0beed9100aff4fd89a9d6a1ecbf74b4c,skipped,missing_ckpt_512,,,,,,,,
0bf0b01af4154733b974256b41771dae,skipped,missing_ckpt_512,,,,,,,,
0bf7985bf5f94236b8b5c2965270e08b,skipped,missing_ckpt_512,,,,,,,,
0c0419bdac9c4f6c9aea8adb3e8e6acc,skipped,missing_ckpt_512,,,,,,,,
0c0dd3b7451d4794b9e2e6216f1681a8,skipped,missing_ckpt_512,,,,,,,,
0c0fdfaaba9249e88c63c65ce950286a,skipped,missing_ckpt_512,,,,,,,,
0c1dc0942a244e77929c367e564ab8e4,skipped,missing_ckpt_512,,,,,,,,
0c215332ebe1437f86eb25ce62fd3bf8,skipped,missing_ckpt_512,,,,,,,,
0c2a249147234ea9b2cd3a398d590c70,skipped,missing_ckpt_512,,,,,,,,
0c2ba0fe558d4ec294c6af6771fd0e7a,skipped,missing_ckpt_512,,,,,,,,
0c390a85420a444babd21aedf963be9a,skipped,missing_ckpt_512,,,,,,,,
0c447a9d2bb74f118255e59e47dd635b,skipped,missing_ckpt_512,,,,,,,,
0c487597691b46a18b95c91207e331d5,skipped,missing_ckpt_512,,,,,,,,
0c4cfa3cc6b0412496117603b3596842,skipped,missing_ckpt_512,,,,,,,,
0c52c6b91ce84bcb9476698501da2688,skipped,missing_ckpt_512,,,,,,,,
0c5335c6bac247c398def83400c4c42e,skipped,missing_ckpt_512,,,,,,,,
0c53c3b1bc2a4e5daef796f9f5eee57b,skipped,missing_ckpt_512,,,,,,,,
0c599296000042c489688710f92dddb8,skipped,missing_ckpt_512,,,,,,,,
0c5b59950480435c939a4f2937f658d0,skipped,missing_ckpt_512,,,,,,,,
0c5f1e26baea47a3bedf7fee4de231da,skipped,missing_ckpt_512,,,,,,,,
0c5f8437ce344ba28f6e65d8932c0f52,skipped,missing_ckpt_512,,,,,,,,
0c69b068181e44b1b229df9537fb5505,skipped,missing_ckpt_512,,,,,,,,
0c6cb9bbf0bb4c13ab67271d51141fc0,skipped,missing_ckpt_512,,,,,,,,
0c70677d2c1f4089b9c72eae7f53ba2d,skipped,missing_ckpt_512,,,,,,,,
0c7f08d3c02d4df8b7c5169a1d2b6354,skipped,missing_ckpt_512,,,,,,,,
0c86316c4a604d01bc866e91d7811445,skipped,missing_ckpt_512,,,,,,,,
0c8c51512168471e8d36cd22c0bfd059,skipped,missing_ckpt_512,,,,,,,,
0c9362ae4518425e905659d4ac32fddf,skipped,missing_ckpt_512,,,,,,,,
0c940fde2ec44c40b2db81ca3324cda4,skipped,missing_ckpt_512,,,,,,,,
0ca28c069b7c4dae9c2a424397149523,skipped,missing_ckpt_512,,,,,,,,
0ca2b9973a68420dadafbfddbe9ca6ad,skipped,missing_ckpt_512,,,,,,,,
0ca901c8bb594f029575c13efd700cd6,skipped,missing_ckpt_512,,,,,,,,
0cb042f00803426cae7c18975d323e37,skipped,missing_ckpt_512,,,,,,,,
0cc070fe89eb4487aa937518689ed2d6,skipped,missing_ckpt_512,,,,,,,,
0ccd9de548c147a390088f0860649da4,skipped,missing_ckpt_512,,,,,,,,
0cce453080f5479db366ada9e520d34d,skipped,missing_ckpt_512,,,,,,,,
0ce38e5e3aa94a65bb79c60e0535f225,skipped,missing_ckpt_512,,,,,,,,
0ceb0634c89349b6bec27d19228835e9,skipped,missing_ckpt_512,,,,,,,,
0cf155b0aef3423b941a5e07e9df1e5d,skipped,missing_ckpt_512,,,,,,,,
0cf674cf816b47c1afb7665ec92e35a3,skipped,missing_ckpt_512,,,,,,,,
0cfa3d36ccda49169b0affef4a5bf9f9,skipped,missing_ckpt_512,,,,,,,,
0d00e486e08c4d8db8c4f5bc5f714969,skipped,missing_ckpt_512,,,,,,,,
0d0a17af261848899e1d5a4621691ff6,skipped,missing_ckpt_512,,,,,,,,
0d0e0c46869741d89b8fe3c09e9c3988,skipped,missing_ckpt_512,,,,,,,,
0d118b86c9f84117b32e2e85133e0847,skipped,missing_ckpt_512,,,,,,,,
0d11b95dba564e75b269641e57c8f3cd,skipped,missing_ckpt_512,,,,,,,,
0d1351d98871470d832616938668989e,skipped,missing_ckpt_512,,,,,,,,
0d1850f4b9864ec8b267d8c4f7bc3466,skipped,missing_ckpt_512,,,,,,,,
0d2310bf8e2c4d608e5fb6e2c108ccbe,skipped,missing_ckpt_512,,,,,,,,
0d2a8a3b1e1644dda47786a01bc36955,skipped,missing_ckpt_512,,,,,,,,
0d2b3750b020414fb97ce615562385e6,skipped,missing_ckpt_512,,,,,,,,
0d2c58e379ff47c7847c5f05e8439db7,skipped,missing_ckpt_512,,,,,,,,
0d3b4123c7a54bbf9bb594075a0c5fc9,skipped,missing_ckpt_512,,,,,,,,
0d425f857113401ea36031a293d98a1c,skipped,missing_ckpt_512,,,,,,,,
0d4777450b8448acaa882fd3284cfe61,skipped,missing_ckpt_512,,,,,,,,
0d525c601c9145ceb2dc6f8b424486d5,skipped,missing_ckpt_512,,,,,,,,
0d52b3a5d8f5448497c4fb7346ea7c86,skipped,missing_ckpt_512,,,,,,,,
0d5973980abf4ac98952d40f011d93bb,skipped,missing_ckpt_512,,,,,,,,
0d5a74e125ae4ed2ab2834d78680c21a,skipped,missing_ckpt_512,,,,,,,,
0d5aa58e7234492ca17598a90f4383e1,skipped,missing_ckpt_512,,,,,,,,
0d6120d8cbff42b88323e9178ad87793,skipped,missing_ckpt_512,,,,,,,,
0d62819f24044cfcbfc214af4f1680c2,skipped,missing_ckpt_512,,,,,,,,
0d67fd87d28c420a91a4d02cd2aab4fc,skipped,missing_ckpt_512,,,,,,,,
0d6e391387284713b4f163696c38e96f,skipped,missing_ckpt_512,,,,,,,,
0d7a4ca805354ba8bb2d9f637e4f0ad4,skipped,missing_ckpt_512,,,,,,,,
0d82cea8c3854df2a23bae55220965f9,skipped,missing_ckpt_512,,,,,,,,
0d87b8ede4584f95a5d7b076a80bcbac,skipped,missing_ckpt_512,,,,,,,,
0d9bd470fb664d1f803475aae76fd6eb,skipped,missing_ckpt_512,,,,,,,,
0d9fbec6a8bb40bd981239183491b42a,skipped,missing_ckpt_512,,,,,,,,
0da9989223424d4d80137c0bbf4979fa,skipped,missing_ckpt_512,,,,,,,,
0daac693b4014bf492d151d41f176b35,skipped,missing_ckpt_512,,,,,,,,
0dab18461043409397ba80ccf3772416,skipped,missing_ckpt_512,,,,,,,,
0dad0475745c4ef5930811886743302f,skipped,missing_ckpt_512,,,,,,,,
0db040c63f334b878ee49aac819ab951,skipped,missing_ckpt_512,,,,,,,,
0dbcb01b6fda4016b589d81e171c1389,skipped,missing_ckpt_512,,,,,,,,
0dc09df5de8a41a0a574d3d91f9aacfc,skipped,missing_ckpt_512,,,,,,,,
0dc6f643c5aa4a22a8a81f0cbf3ac05b,skipped,missing_ckpt_512,,,,,,,,
0dd19bad929f4ed5b8ef0bba508a4a1a,skipped,missing_ckpt_512,,,,,,,,
0dd5aff72add499aa27b6cf57eeb2e7b,skipped,missing_ckpt_512,,,,,,,,
0dda79f320134c7fb11b8c714d5a544a,skipped,missing_ckpt_512,,,,,,,,
0dda948c68894eab915275407411f751,skipped,missing_ckpt_512,,,,,,,,
0dde25b1b7024a68aa4c6c68261e991b,skipped,missing_ckpt_512,,,,,,,,
0de01f797c1941c19b4b8147523d2b78,skipped,missing_ckpt_512,,,,,,,,
0de0219a9d114947ae5626bd8a2abc75,skipped,missing_ckpt_512,,,,,,,,
0deb8460248a4809b360c2dafe28cc18,skipped,missing_ckpt_512,,,,,,,,
0dec3d46d07c43ab9e76bd2f6091262a,skipped,missing_ckpt_512,,,,,,,,
0df5968d1c32431c8b2ff6eb10ee3fa2,skipped,missing_ckpt_512,,,,,,,,
0dfefc7b703948789ac5452d058961fc,skipped,missing_ckpt_512,,,,,,,,
0e06c42ecaa24f73859a85256189522e,skipped,missing_ckpt_512,,,,,,,,
0e0a38f2d5424c00b7ce9a121a4d4017,skipped,missing_ckpt_512,,,,,,,,
0e0b88c0baf8434fbd236ee93dc8d107,skipped,missing_ckpt_512,,,,,,,,
0e1e730d5193431aafa83e6fcb29f5e4,skipped,missing_ckpt_512,,,,,,,,
0e25af9da9484afdb0faf6311fb76cfe,skipped,missing_ckpt_512,,,,,,,,
0e27d6baf5944f71b1b15b2f9f44e7c4,skipped,missing_ckpt_512,,,,,,,,
0e2b8358fb374ce3b962ec846935219f,skipped,missing_ckpt_512,,,,,,,,
0e2b86141f6b48bf95cd47ff3548e37b,skipped,missing_ckpt_512,,,,,,,,
0e2c5e7486ef4b6c8c7af0304f616576,skipped,missing_ckpt_512,,,,,,,,
0e3042c9911d4a3f9e544e3798b45940,skipped,missing_ckpt_512,,,,,,,,
0e3454577eb14ee7a9ea8e88748948cc,skipped,missing_ckpt_512,,,,,,,,
0e3895d67d9041908274b121e10b7760,skipped,missing_ckpt_512,,,,,,,,
0e3e4bed657a41a2bca66017cfea6ec7,skipped,missing_ckpt_512,,,,,,,,
0e3ecc82429049c89c252a8f4a714fdb,skipped,missing_ckpt_512,,,,,,,,
0e44b2adeb974830804c3ec68c0920f0,skipped,missing_ckpt_512,,,,,,,,
0e4879242c934924800c1638cc58d473,skipped,missing_ckpt_512,,,,,,,,
0e5db42e21524cde928499751cb3fab0,skipped,missing_ckpt_512,,,,,,,,
0e5ff0c5c14e42a2a0f157f4ce760343,skipped,missing_ckpt_512,,,,,,,,
0e627e9516664ee6aa91ac7d19486efc,skipped,missing_ckpt_512,,,,,,,,
0e6a827c72d74a33a0942d108793bf89,skipped,missing_ckpt_512,,,,,,,,
0e7844c5576d41a89bcc64e5d408d4d9,skipped,missing_ckpt_512,,,,,,,,
0e7a8491440449e6ad3d826464f0e104,skipped,missing_ckpt_512,,,,,,,,
0e7b8690fd9f41979ef6f8c35876ef16,skipped,missing_ckpt_512,,,,,,,,
0e7c82a3e1de4cab920609a89e3db4e5,skipped,missing_ckpt_512,,,,,,,,
0e7db92cbd794068871fcf805b8353a9,skipped,missing_ckpt_512,,,,,,,,
0e84a55ab79a44ecaa693675408aa252,skipped,missing_ckpt_512,,,,,,,,
0e888f5de6534b4682e1c848fb918d14,skipped,missing_ckpt_512,,,,,,,,
0e8a39e446694259995a9baeb6323eb4,skipped,missing_ckpt_512,,,,,,,,
0e91420298c44deab6c2936e4c41b2ca,skipped,missing_ckpt_512,,,,,,,,
0e96b88a9e4e4747936a5cb523c1f32a,skipped,missing_ckpt_512,,,,,,,,
0e975999e41a49a283f4951e735eac7d,skipped,missing_ckpt_512,,,,,,,,
0e9893166cf34f8d9c6b26d8fa89fb19,skipped,missing_ckpt_512,,,,,,,,
0e9f4028322d4f80ab6644df1c3be02e,skipped,missing_ckpt_512,,,,,,,,
0eab2b283afa43978227083d173b8f0e,skipped,missing_ckpt_512,,,,,,,,
0ead25fa72a9435abec6d8a6b33e086e,skipped,missing_ckpt_512,,,,,,,,
0eb1f1757349489eab05a0f03cff5b46,skipped,missing_ckpt_512,,,,,,,,
0ebaf29d7b404dcabbc3e45f5f127d34,skipped,missing_ckpt_512,,,,,,,,
0ebc70b74dd84ef78dd6f57b0cc2fe17,skipped,missing_ckpt_512,,,,,,,,
0ebeef677f2d40298d0809c4f92035a4,skipped,missing_ckpt_512,,,,,,,,
0ec24e716718465ba7f50e1c52f3f255,skipped,missing_ckpt_512,,,,,,,,
0ec72288dd15471495ab203eb49ff596,skipped,missing_ckpt_512,,,,,,,,
0ec96e3bec3643cea455bb0a6be448d6,skipped,missing_ckpt_512,,,,,,,,
0ecb13121987489ebfa326075f9ad493,skipped,missing_ckpt_512,,,,,,,,
0ecb1941ad3f4aee8a18c06267638749,skipped,missing_ckpt_512,,,,,,,,
0ece0160a2824e67a0666fc93a734901,skipped,missing_ckpt_512,,,,,,,,
0ecef4994211479899eebce804e5f4ff,skipped,missing_ckpt_512,,,,,,,,
0edd63f6d2554d4daf1372785ab9ec53,skipped,missing_ckpt_512,,,,,,,,
0ee66cfcebd44c75aa88a57339250e94,skipped,missing_ckpt_512,,,,,,,,
0eedcb2e297c4fe6adb788a13e5febda,skipped,missing_ckpt_512,,,,,,,,
0eee8f2718c34330992db793b5dd4018,skipped,missing_ckpt_512,,,,,,,,
0ef075a7dc1b40f583a2d7c0e676fdea,skipped,missing_ckpt_512,,,,,,,,
0ef35e5ac7fe4d108e94d626343b2d2e,skipped,missing_ckpt_512,,,,,,,,
0efbcdaa62df497c9eba112476804ec1,skipped,missing_ckpt_512,,,,,,,,
0efe6fecb92d4357a203ce8c632ceada,skipped,missing_ckpt_512,,,,,,,,
0f0095ccc34d42e0ab681b108e12ab48,skipped,missing_ckpt_512,,,,,,,,
0f0be61e95f84c439bc41ae0a11033bc,skipped,missing_ckpt_512,,,,,,,,
0f1373f62a2043cfa76239c16c407280,skipped,missing_ckpt_512,,,,,,,,
0f16f44cfb024750afa2175fad2ea504,skipped,missing_ckpt_512,,,,,,,,
0f19c992136f4f028810b1b8756ffb7c,skipped,missing_ckpt_512,,,,,,,,
0f1fcadf8fc64d87bb9041b4cf9e7115,skipped,missing_ckpt_512,,,,,,,,
0f213ea073e745e6b014cb7c6a26880c,skipped,missing_ckpt_512,,,,,,,,
0f236b1b83524689b1901ccadfbbe468,skipped,missing_ckpt_512,,,,,,,,
0f243ce24d93458cab5266838d4c1f80,skipped,missing_ckpt_512,,,,,,,,
0f24ed14ecbd4d939bc612abe8d54c3d,skipped,missing_ckpt_512,,,,,,,,
0f2701811d3a4c41a610400960329906,skipped,missing_ckpt_512,,,,,,,,
0f28ce2e4b954378a9cb18225eef8e02,skipped,missing_ckpt_512,,,,,,,,
0f2a165d32934ef898e8070a33670b98,skipped,missing_ckpt_512,,,,,,,,
0f31d361aebb44dc8792f9023717f237,skipped,missing_ckpt_512,,,,,,,,
0f35d10355194afca1262ef7fad142bb,skipped,missing_ckpt_512,,,,,,,,
0f378da38bb14b3c8661238d49783ec8,skipped,missing_ckpt_512,,,,,,,,
0f39e4bb43e546de8ddf37bcc21e8727,skipped,missing_ckpt_512,,,,,,,,
0f422e6fbe8344daab522b639efa6844,skipped,missing_ckpt_512,,,,,,,,
0f435ae3e1514849a9adb12e96117e01,skipped,missing_ckpt_512,,,,,,,,
0f4365d11621400a9f975d313ed9e4b0,skipped,missing_ckpt_512,,,,,,,,
0f474d770cc44ee08f4c3153e1d6e396,skipped,missing_ckpt_512,,,,,,,,
0f4a967090a34a14b49dc2772e06eb16,skipped,missing_ckpt_512,,,,,,,,
0f4e2b1d115341d08bb1195fd04fc15a,skipped,missing_ckpt_512,,,,,,,,
0f4ebc027bc24b589394d17b3af04260,skipped,missing_ckpt_512,,,,,,,,
0f52cbcc50c4478a91851e402063bbd7,skipped,missing_ckpt_512,,,,,,,,
0f541f15b4114bc3b8a85bb3919aeb33,skipped,missing_ckpt_512,,,,,,,,
0f55cbd19c0649d3b0cb11f45a5b2f89,skipped,missing_ckpt_512,,,,,,,,
0f5c48a6471e47aabd42e83e24d9102b,skipped,missing_ckpt_512,,,,,,,,
0f5e6d507126472a888cfa3eb8e40286,skipped,missing_ckpt_512,,,,,,,,
0f5ffcce8fb04e4ca0c9b93d62a3cd1c,skipped,missing_ckpt_512,,,,,,,,
0f6195c7a6d24fdc889a7177283ebe6f,skipped,missing_ckpt_512,,,,,,,,
0f62f54a666845618d894d35344d7af2,skipped,missing_ckpt_512,,,,,,,,
0f64e9fd042e4036a806cb1a4beb3690,skipped,missing_ckpt_512,,,,,,,,
0f65422e992e4e29ba509cdc5f76bbc2,skipped,missing_ckpt_512,,,,,,,,
0f73cd1a0e4f4b01bdd312861758d559,skipped,missing_ckpt_512,,,,,,,,
0f7535dc9dd1492e842cd6b2d23f4885,skipped,missing_ckpt_512,,,,,,,,
0f7d19a5b54a49d88c8efab4d320d032,skipped,missing_ckpt_512,,,,,,,,
0f7df744e4e44aeabe273b374c9c47c3,skipped,missing_ckpt_512,,,,,,,,
0f7f7e46addc4210814955ced78eeb22,skipped,missing_ckpt_512,,,,,,,,
0f81db5ae9884077a4004bcbabd384ae,skipped,missing_ckpt_512,,,,,,,,
0f863f701dc241fdbf1a0ae96d9d86d2,skipped,missing_ckpt_512,,,,,,,,
0f8bc2f1df624281a1adc666d4436811,skipped,missing_ckpt_512,,,,,,,,
0f9a1fcf259c4a0caa98b38739021bb7,skipped,missing_ckpt_512,,,,,,,,
0f9c7ea28485422e9a07168d5c476422,skipped,missing_ckpt_512,,,,,,,,
0f9d494636694e9986d03bbc9e4ae6ae,skipped,missing_ckpt_512,,,,,,,,
0fa08a8ff0074234b5d49eab306a4d69,skipped,missing_ckpt_512,,,,,,,,
0fa433eb800e4a6caff9b41cbc0e27f5,skipped,missing_ckpt_512,,,,,,,,
0fa68527be1944f599147a467bc56ec6,skipped,missing_ckpt_512,,,,,,,,
0fa95976f7134f519351d7c141bb10ae,skipped,missing_ckpt_512,,,,,,,,
0fac6ad8883c4cc387541e157256d35b,skipped,missing_ckpt_512,,,,,,,,
0faefd1ff8bc4bd2ad7e4118a89f7299,skipped,missing_ckpt_512,,,,,,,,
0fb125e3ab95404e915c1ae7b514a855,skipped,missing_ckpt_512,,,,,,,,
0fb18dc4a0154ddba983db0053a47b39,skipped,missing_ckpt_512,,,,,,,,
0fc5abffbd1e4098bb6eb8fcafb2efc4,skipped,missing_ckpt_512,,,,,,,,
0fc62039590b4474bfda25e50b9a8f3f,skipped,missing_ckpt_512,,,,,,,,
0fc75790d15e456b8442c53264d3068d,skipped,missing_ckpt_512,,,,,,,,
0fc7bc3d3de6490b8d3497fd97c2150e,skipped,missing_ckpt_512,,,,,,,,
0fcfbce508fe40909b545bd3b6923de0,skipped,missing_ckpt_512,,,,,,,,
0fd1dcdfaa594bcb937a0e9a11c6f419,skipped,missing_ckpt_512,,,,,,,,
0fd3316e52a54c9a9f817a77d25fe618,skipped,missing_ckpt_512,,,,,,,,
0fd6cebdf9484f0b84ce1bb3a415513a,skipped,missing_ckpt_512,,,,,,,,
0fda9e42732843fc8091ff0f7f3d6588,skipped,missing_ckpt_512,,,,,,,,
0fde88b910734e40840ae1418ea9200a,skipped,missing_ckpt_512,,,,,,,,
0fde8faa63dc452582ca522c0e376c91,skipped,missing_ckpt_512,,,,,,,,
0fdeb003fe274582a27b88dc9a1f7866,skipped,missing_ckpt_512,,,,,,,,
0fe138e3342f4acf9958085977750e0d,skipped,missing_ckpt_512,,,,,,,,
0fe534b467374f04b290cc3a6451c408,skipped,missing_ckpt_512,,,,,,,,
0feb0ffcfa9a47ba84ea7d3ac0ce5d70,skipped,missing_ckpt_512,,,,,,,,
0febb680d3644fe682d777f5235fe53f,skipped,missing_ckpt_512,,,,,,,,
0ff3cdcfeffd4941ac23ec095dd0bf8a,skipped,missing_ckpt_512,,,,,,,,
0ff5c0c534484fd4b561b7be97bb5446,skipped,missing_ckpt_512,,,,,,,,
0ff5c75381bb41b49341aa714168bf0c,skipped,missing_ckpt_512,,,,,,,,
0ff7174e865649d8a547156bcac85e37,skipped,missing_ckpt_512,,,,,,,,
0ff790a2f64f42d1a636964c99bfb955,skipped,missing_ckpt_512,,,,,,,,
0ff8cb6eaac84df0ac57917a5285f783,skipped,missing_ckpt_512,,,,,,,,
0ffb4db124fd48a2a03c4598c31ecc51,skipped,missing_ckpt_512,,,,,,,,
0ffd76a281e94bd198e48ef10451137a,skipped,missing_ckpt_512,,,,,,,,
0ffe5b4c2419409cac2c6a5c97ab6301,skipped,missing_ckpt_512,,,,,,,,
100a13915fd243d0bf35b0c64468984b,skipped,missing_ckpt_512,,,,,,,,
100d57b091d1436285152ee2a1dd5389,skipped,missing_ckpt_512,,,,,,,,
100de2d5f0b14cb0b371295d07308e1c,skipped,missing_ckpt_512,,,,,,,,
101a1dbe0d8e4f8289f91dbd82e1f05b,skipped,missing_ckpt_512,,,,,,,,
10219fa96ec643359b946924a6e3f59a,skipped,missing_ckpt_512,,,,,,,,
1022c60206544da59e709254871b33ff,skipped,missing_ckpt_512,,,,,,,,
102435038b1241af9c8f493e93d04e69,skipped,missing_ckpt_512,,,,,,,,
102d20371e254a769ee0040d74edb4dd,skipped,missing_ckpt_512,,,,,,,,
1033383e0a7e4beca7b56e5d068f2385,skipped,missing_ckpt_512,,,,,,,,
10390d6e865744768de7b1ee8eead9a2,skipped,missing_ckpt_512,,,,,,,,
103c2e6837194277ae6529a4f4f4aa01,skipped,missing_ckpt_512,,,,,,,,
104796ec64554ba28b31c9cae709cfb2,skipped,missing_ckpt_512,,,,,,,,
1064a4a4efb14317acffad3e0cfb46c5,skipped,missing_ckpt_512,,,,,,,,
10686f20bed5414f81b3ac9cf48da146,skipped,missing_ckpt_512,,,,,,,,
106ba24d93784611b37ece3494a9955c,skipped,missing_ckpt_512,,,,,,,,
1075715db3814c6292d31602743126d5,skipped,missing_ckpt_512,,,,,,,,
1090f98359934e59899dbf1a3fe031a6,skipped,missing_ckpt_512,,,,,,,,
10991e02cb9845e9b94fca403dfb6063,skipped,missing_ckpt_512,,,,,,,,
109ea8a3c8984f81a463248c369ba1b7,skipped,missing_ckpt_512,,,,,,,,
10a7bb96c7af47f58a003b8da3771ad8,skipped,missing_ckpt_512,,,,,,,,
10a884baa3494c7ab9ca652f4578f2b9,skipped,missing_ckpt_512,,,,,,,,
10ae326e269148a394a799df7b09e2f2,skipped,missing_ckpt_512,,,,,,,,
10b6cce66b714b618c497e04711d4cad,skipped,missing_ckpt_512,,,,,,,,
10c43bda00414ecfbc5cd0aa83cd5439,skipped,missing_ckpt_512,,,,,,,,
10c94accf73f417e92eae6421a85b36d,skipped,missing_ckpt_512,,,,,,,,
10cdb1a987aa4ddfa835341a5b0e2e78,skipped,missing_ckpt_512,,,,,,,,
10ce52582b7c4d1a9bca98fca4ec0afd,skipped,missing_ckpt_512,,,,,,,,
10d3fb2280dd4908a2e29d990dc33ac4,skipped,missing_ckpt_512,,,,,,,,
10d4606b34b342889a5b6c2cd4ed8c35,skipped,missing_ckpt_512,,,,,,,,
10d9c81b5fe3440ab9f51b54e9c28569,skipped,missing_ckpt_512,,,,,,,,
10e01f661ba94855b435e82260369fdd,skipped,missing_ckpt_512,,,,,,,,
10e403e55f384bc0b3f5ffa479b743ff,skipped,missing_ckpt_512,,,,,,,,
10f21720b14744a69566ee9be44e4943,skipped,missing_ckpt_512,,,,,,,,
10f3da39a7164020bf9eee78a2355613,skipped,missing_ckpt_512,,,,,,,,
10f42bc71b5f4784bdf304c66123ad49,skipped,missing_ckpt_512,,,,,,,,
10f5556bff524699babe0deb12354194,skipped,missing_ckpt_512,,,,,,,,
10fac55cd6c64e6c83d06575d72cd07f,skipped,missing_ckpt_512,,,,,,,,
10ffc9d9005d4befb5ab92d8a380b71d,skipped,missing_ckpt_512,,,,,,,,
1117a26ec08c4f95a958187c9ca2d3ac,skipped,missing_ckpt_512,,,,,,,,
111b6313d2b74c91b45db858fdeb2841,skipped,missing_ckpt_512,,,,,,,,
112092b8d48a44ee84a1d8d5adab0de3,skipped,missing_ckpt_512,,,,,,,,
11213e4de7ea467cb67cffb0fb66a2db,skipped,missing_ckpt_512,,,,,,,,
1122a0942f91410ba38bea0b4efb7b7f,skipped,missing_ckpt_512,,,,,,,,
112d67b59bcb4589a506ad77923583d1,skipped,missing_ckpt_512,,,,,,,,
112dc6bca9aa4958ba965d05e36c3d7a,skipped,missing_ckpt_512,,,,,,,,
11307d06bb254318b95021d68c6fa12f,skipped,missing_ckpt_512,,,,,,,,
1132c9897e2045db91fa82c2d3409ca4,skipped,missing_ckpt_512,,,,,,,,
113ac4cc513742e1bb87115220e528f0,skipped,missing_ckpt_512,,,,,,,,
1142458e488c40e7ab70f179ba40cc38,skipped,missing_ckpt_512,,,,,,,,
1144f0ecd10146b6b14d94f1321719f1,skipped,missing_ckpt_512,,,,,,,,
1145fb105e3642fab0e79a52110844e7,skipped,missing_ckpt_512,,,,,,,,
1147df9bf5dd4dc2b0567c3b6540e7b1,skipped,missing_ckpt_512,,,,,,,,
114ea8803b8a4036871fb06a6565820f,skipped,missing_ckpt_512,,,,,,,,
1151527d494f404e82409628ce4f6ab7,skipped,missing_ckpt_512,,,,,,,,
11610527aea94bd59323966be9ea600d,skipped,missing_ckpt_512,,,,,,,,
116cff3950b64ec089a07ca26f54c9d2,skipped,missing_ckpt_512,,,,,,,,
116de1a7f077457b9933f08a472ee8ab,skipped,missing_ckpt_512,,,,,,,,
116f16dbe60d44869b9ba94419cc5717,skipped,missing_ckpt_512,,,,,,,,
117392ebfa0f4549b3e364b5c0c62324,skipped,missing_ckpt_512,,,,,,,,
118d9d28b6f04563bc9e0b289c1da969,skipped,missing_ckpt_512,,,,,,,,
118f0648bae148ea94177d25ba16da8e,skipped,missing_ckpt_512,,,,,,,,
118f2109a1ac45a0a217d23ee6ed80a0,skipped,missing_ckpt_512,,,,,,,,
118f8740043f43c1bd9c4505be676196,skipped,missing_ckpt_512,,,,,,,,
1194ac7e7ef045e59b26304e0473fff2,skipped,missing_ckpt_512,,,,,,,,
11ac3c9fa69b4b669d496ef6dba9522b,skipped,missing_ckpt_512,,,,,,,,
11ae52e23b4f4772b60adba5f736b5bb,skipped,missing_ckpt_512,,,,,,,,
11b2cf1c39424f30ab3613c44b882b5b,skipped,missing_ckpt_512,,,,,,,,
11b975c08b5a4d9baa497dd734d93166,skipped,missing_ckpt_512,,,,,,,,
11c5e85b815e4554873a29960e2f0dcd,skipped,missing_ckpt_512,,,,,,,,
11ce46a079bb49ebb00d784c018587f5,skipped,missing_ckpt_512,,,,,,,,
11d203c372d841be9af509613082984f,skipped,missing_ckpt_512,,,,,,,,
11d5d2c5bcf24f0f89b5ea404796f2c4,skipped,missing_ckpt_512,,,,,,,,
11d9fe9107794ace8c8c14e7360dcb88,skipped,missing_ckpt_512,,,,,,,,
11db231a6dea46529a1104c0f149267d,skipped,missing_ckpt_512,,,,,,,,
11dd00152a0145db88c9ea45effc6fbe,skipped,missing_ckpt_512,,,,,,,,
11e151fe31dc4f198b8bbae6b49baa91,skipped,missing_ckpt_512,,,,,,,,
11f3569c8a1047138900ec498d072f3c,skipped,missing_ckpt_512,,,,,,,,
11fb9adf9d734f8ab714510cf390dbf9,skipped,missing_ckpt_512,,,,,,,,
1209a1d259d34d2a9743b7b4dc37bad8,skipped,missing_ckpt_512,,,,,,,,
12190f0692074473927130ae15e3f2f8,skipped,missing_ckpt_512,,,,,,,,
121ba40510234467950e61731d421b3a,skipped,missing_ckpt_512,,,,,,,,
121e1f848b4c44539518278dd0883df1,skipped,missing_ckpt_512,,,,,,,,
122763ff06794a6489c46ba5d8023785,skipped,missing_ckpt_512,,,,,,,,
1230d9f2086e42479bad0043fb0a89a9,skipped,missing_ckpt_512,,,,,,,,
12445b0f794c49e0b0c87a72deda3549,skipped,missing_ckpt_512,,,,,,,,
1255271d57154bab893a79a55ef1f460,skipped,missing_ckpt_512,,,,,,,,
1256b615842d4cc28e80a9fb0430c7aa,skipped,missing_ckpt_512,,,,,,,,
1260b644e6ad4af6844feb2fabc9304a,skipped,missing_ckpt_512,,,,,,,,
126574e84ac243e0a91dc169fd02ec48,skipped,missing_ckpt_512,,,,,,,,
126f912979fc4ce28b6a436197e508a6,skipped,missing_ckpt_512,,,,,,,,
1275313b90ea437aac397cef1164aa24,skipped,missing_ckpt_512,,,,,,,,
1275da911dc44531b37c6edc4055ff52,skipped,missing_ckpt_512,,,,,,,,
1280c65e595b4ba495df345aaeceb958,skipped,missing_ckpt_512,,,,,,,,
128e0d913bee420e916b517526164138,skipped,missing_ckpt_512,,,,,,,,
1290146cece34b3fad21e12b5018bbeb,skipped,missing_ckpt_512,,,,,,,,
12939108b22a4d42823f85dc95c2a20d,skipped,missing_ckpt_512,,,,,,,,
1293ac9741584de59c4d533fdc117485,skipped,missing_ckpt_512,,,,,,,,
129f53a1b7c94661a37be1dbb01d13e5,skipped,missing_ckpt_512,,,,,,,,
12ae9be3fb3c42cc8e8d272d9a153c8c,skipped,missing_ckpt_512,,,,,,,,
12b85c967f5249e7a163c0a93ed80bdd,skipped,missing_ckpt_512,,,,,,,,
12bd88e00ee8435bb73f93b87c987f54,skipped,missing_ckpt_512,,,,,,,,
12c83e9f00d0498b85ef1bb8218b5d36,skipped,missing_ckpt_512,,,,,,,,
12cf5bf827c94744883103c5d25eb80b,skipped,missing_ckpt_512,,,,,,,,
12d37b7cd2404ab8b176a841dddb8e75,skipped,missing_ckpt_512,,,,,,,,
12dae70316694b5c9ae92bdb30f38f82,skipped,missing_ckpt_512,,,,,,,,
12e0873aa1fa45c88a6640419d3da99a,skipped,missing_ckpt_512,,,,,,,,
12ebbc33fe94418ca20fab96a09b5e64,skipped,missing_ckpt_512,,,,,,,,
12fd357dbb2046968145ad3f7a93a1c7,skipped,missing_ckpt_512,,,,,,,,
130098a24dba4aecaa2902e72c2b6260,skipped,missing_ckpt_512,,,,,,,,
1303534ba22448849f54881e9e3a7b9a,skipped,missing_ckpt_512,,,,,,,,
130363f070ad4e0bb8863d965b7f2574,skipped,missing_ckpt_512,,,,,,,,
1304e275d94a4c8d87ec324f40d2812a,skipped,missing_ckpt_512,,,,,,,,
1305a9039a764eee8bbd3267f72a6827,skipped,missing_ckpt_512,,,,,,,,
1306b66dadc54a69adc4834c82db642a,skipped,missing_ckpt_512,,,,,,,,
130f87bb269a4587a22b22d33ebd0c41,skipped,missing_ckpt_512,,,,,,,,
131524647abd444885091bae6be4900a,skipped,missing_ckpt_512,,,,,,,,
131831fafcfc4964b2b05e18a789ea6a,skipped,missing_ckpt_512,,,,,,,,
1321d8ccdf234ad1a7875002f365add4,skipped,missing_ckpt_512,,,,,,,,
133217a2f9b74b5ea5444795ac7a8b4a,skipped,missing_ckpt_512,,,,,,,,
13344b97ad9d4bc29f68dfdc94e3a604,skipped,missing_ckpt_512,,,,,,,,
133f4abeafbc4e36bb08f31dd8dcc758,skipped,missing_ckpt_512,,,,,,,,
134dfe75cf0a45f7b47ccb562487dee0,skipped,missing_ckpt_512,,,,,,,,
13562771cdd94ee9bf74b0e8dbd7b582,skipped,missing_ckpt_512,,,,,,,,
1357966bbbd14b8982bc443625852506,skipped,missing_ckpt_512,,,,,,,,
1358dc28ffe749dd96f942ca9340b137,skipped,missing_nerfstudio_scene_512,,,,,,,,
1369674b243f4c478a6a84bb7e9f24e5,skipped,missing_ckpt_512,,,,,,,,
1373d97a2c5b4a08be517a8a527d7534,skipped,missing_ckpt_512,,,,,,,,
138975fd4a8c4600ae9391462f407755,skipped,missing_ckpt_512,,,,,,,,
139c4d0869cd492595f3f04681451845,skipped,missing_ckpt_512,,,,,,,,
13a11279c5c948d3adfe4febe607bb6a,skipped,missing_ckpt_512,,,,,,,,
13ab20a697284f6ebf52be7d3935bea5,skipped,missing_ckpt_512,,,,,,,,
13b1effed12b44978b39ae395b60d35c,skipped,missing_ckpt_512,,,,,,,,
13c5b11df5fd40839b0d57cc9b01dda7,skipped,missing_ckpt_512,,,,,,,,
13faab171412423d88bba5fa16202fd2,skipped,missing_ckpt_512,,,,,,,,
1439159ca9234a96a766563257d7edcf,skipped,missing_ckpt_512,,,,,,,,
143d685127f14e5d9663ebcb820f3f6a,skipped,missing_ckpt_512,,,,,,,,
143f1589d9424554978c2387d080ed47,skipped,missing_ckpt_512,,,,,,,,
144eb43062d24402903c0636fc7d44c5,skipped,missing_ckpt_512,,,,,,,,
14518f0077674a2cb677841b00dfd54d,skipped,missing_ckpt_512,,,,,,,,
1456c7d99b4249269a623ab04da7e3dd,skipped,missing_ckpt_512,,,,,,,,
145bd565a0d345a5bb7048a8c25c5616,skipped,missing_ckpt_512,,,,,,,,
145cb0b388384ff48845320486129a03,skipped,missing_ckpt_512,,,,,,,,
148067c86c654663bea3b3774c8bb44c,skipped,missing_ckpt_512,,,,,,,,
149d14e890774c3686c460e873faffe9,skipped,missing_ckpt_512,,,,,,,,
14a03c7cc1ce4f42a2f036243ed9a549,skipped,missing_ckpt_512,,,,,,,,
14aa14d64588435d97b85efbcbef81b7,skipped,missing_ckpt_512,,,,,,,,
14aff0d8cefd4a08b936e4bd23f37861,skipped,missing_ckpt_512,,,,,,,,
14b3f3c227ac4f489a26916e072cfc72,skipped,missing_ckpt_512,,,,,,,,
14bf418f92924c9f8fb16e2d14bd673c,skipped,missing_ckpt_512,,,,,,,,
14c80a234c1b45b281f7c8683a34261f,skipped,missing_ckpt_512,,,,,,,,
14ca70f740104be68ca9177fd8eafe82,skipped,missing_ckpt_512,,,,,,,,
14ec1f3c147245efbae7d34b604b2219,skipped,missing_ckpt_512,,,,,,,,
15077c8ec3484bc7aa16b8df489f4129,skipped,missing_ckpt_512,,,,,,,,
1512adf4346640519a8415b42dfd83d3,skipped,missing_ckpt_512,,,,,,,,
1515e69f927d4773800a3c74901d9b6f,skipped,missing_ckpt_512,,,,,,,,
1524066ac8b64cf982e50bc45a139543,skipped,missing_ckpt_512,,,,,,,,
152ecd486bfb44a58acac67d7c58148a,skipped,missing_ckpt_512,,,,,,,,
15444a8efd38476f9457acce300edf0c,skipped,missing_ckpt_512,,,,,,,,
154ac6b80ce84e0a833d49f385aefcec,skipped,missing_ckpt_512,,,,,,,,
1551d73cbe184196b8c6303d5ba1dc25,skipped,missing_ckpt_512,,,,,,,,
15556b5f2628492c847fea8aa22da925,skipped,missing_ckpt_512,,,,,,,,
1565ea885faf4dfcb273ac36bad78eb7,skipped,missing_ckpt_512,,,,,,,,
1567f5f71c1a40eebe487b1b8f570250,skipped,missing_ckpt_512,,,,,,,,
156a5ef4bd2a47148ba24ce2e3599f7b,skipped,missing_ckpt_512,,,,,,,,
157124633b544139bdba508c10ab3ae2,skipped,missing_nerfstudio_scene_512,,,,,,,,
001200d8ec8d46efbd5bfd0337f7dc7f,skipped,missing_colmap_scene_256,,,,,,,,
0013cf5979c846449c817a2439fd8705,skipped,missing_colmap_scene_256,,,,,,,,
001ab557cf294b9f8e2db0bd79649e2f,skipped,missing_colmap_scene_256,,,,,,,,
001cec1f0dad467fa3cd1e0daf0c9d57,skipped,missing_colmap_scene_256,,,,,,,,
001f65de43b540d8ac76eab191dffb17,skipped,missing_colmap_scene_256,,,,,,,,
0020acb8b03c4a1694a3a796904421d8,skipped,missing_colmap_scene_256,,,,,,,,
00235e43d24c45dfb2206145cc8b4710,skipped,missing_colmap_scene_256,,,,,,,,
00263a000c684febb52a46762e2860ef,skipped,missing_colmap_scene_256,,,,,,,,
002922c17ae240ffb801c9886fac7243,skipped,missing_colmap_scene_256,,,,,,,,
002f9bf02cdf4ff695ebbf61190ed89f,skipped,missing_colmap_scene_256,,,,,,,,
003020965c744d64848f6160f3174816,skipped,missing_colmap_scene_256,,,,,,,,
0030dfde0ebe4677b5165a27b2216e7f,skipped,missing_colmap_scene_256,,,,,,,,
003785adef904eb28bc75e9098ea63a6,skipped,missing_colmap_scene_256,,,,,,,,
0040737bdeed415383c74d72a90043bb,skipped,missing_colmap_scene_256,,,,,,,,
0041b3780c364df8933420dcc3275166,skipped,missing_colmap_scene_256,,,,,,,,
0044a4fc4ab345ccba0e418c74463edf,skipped,missing_colmap_scene_256,,,,,,,,
004c7dd0b0f34a3ca9506293caee1a4f,skipped,missing_colmap_scene_256,,,,,,,,
004e12d0dc5a4dff8a01d20b096ca008,skipped,missing_colmap_scene_256,,,,,,,,
004f8d40406a49d29edd200fdcacbff8,skipped,missing_colmap_scene_256,,,,,,,,
00519862679c42ceb76157fb50aa1e3c,skipped,missing_colmap_scene_256,,,,,,,,
005581924fe74929bbee5d12803a507d,skipped,missing_colmap_scene_256,,,,,,,,
005c71d003e24a588bc203d578de416c,skipped,missing_colmap_scene_256,,,,,,,,
0062ed8ced2543119511e29683be9bc4,skipped,missing_colmap_scene_256,,,,,,,,
00639701ca0641638b097a4cec0ee052,skipped,missing_colmap_scene_256,,,,,,,,
00666ba716854842afd59e9d304c5597,skipped,missing_colmap_scene_256,,,,,,,,
0073f94df6fe405eae5185fef6ba7b51,skipped,missing_colmap_scene_256,,,,,,,,
007d333aee494fcaba4a3f42a608c805,skipped,missing_colmap_scene_256,,,,,,,,
007e3768ed644fd792857df8d9809a59,skipped,missing_colmap_scene_256,,,,,,,,
00817f77d34846dcab3806bcecdf01b6,skipped,missing_colmap_scene_256,,,,,,,,
008882333fc545468f70467434950e9b,skipped,missing_colmap_scene_256,,,,,,,,
008fa2672e174c6892d0369311ef6ab5,skipped,missing_colmap_scene_256,,,,,,,,
00931524d5d74718ab5b6b9348f6d669,skipped,missing_colmap_scene_256,,,,,,,,
0095d182e5ea4040a32f4887ea4798ba,skipped,missing_colmap_scene_256,,,,,,,,
00983ed04ef14cdc8559aea115b49174,skipped,missing_colmap_scene_256,,,,,,,,
00a0bec7eaab4977a2acdd3e3ecc4a14,skipped,missing_colmap_scene_256,,,,,,,,
00a3fd32ff5a4f8582a30f5a2b7897e2,skipped,missing_colmap_scene_256,,,,,,,,
00af1bd2c73d4d44af160850af97ba10,skipped,missing_colmap_scene_256,,,,,,,,
00b17c06bbd442ed8e97b9a17168884a,skipped,missing_colmap_scene_256,,,,,,,,
00c1673e7c8e4c2fbc0c9a1084acc067,skipped,missing_colmap_scene_256,,,,,,,,
00c3d0661b6d48d0b792a2d1ed35ed5d,skipped,missing_colmap_scene_256,,,,,,,,
00d0891240234f32a549dd6cc7210c5c,skipped,missing_colmap_scene_256,,,,,,,,
00d52a2b70434b49939a4738f32cbd12,skipped,missing_colmap_scene_256,,,,,,,,
00df89e5842849f19426fdfabe9d18b1,skipped,missing_colmap_scene_256,,,,,,,,
00e08f451fb54913893b5ba74ef980c2,skipped,missing_colmap_scene_256,,,,,,,,
00e3573a08084a639cb7d599b3e7654e,skipped,missing_colmap_scene_256,,,,,,,,
00e85ab1879a4220887f7a708bc13802,skipped,missing_colmap_scene_256,,,,,,,,
00ea4b53b5b046ddb855fb67ff40f49b,skipped,missing_colmap_scene_256,,,,,,,,
00eb299b29474808ad0d0f8e315fbaba,skipped,missing_colmap_scene_256,,,,,,,,
00f47c94c9ad4fe19595421c03989575,skipped,missing_colmap_scene_256,,,,,,,,
00fdec72deab428da907ad8a03f0bdfc,skipped,missing_colmap_scene_256,,,,,,,,
0109fdca23794155ad2db55949e8b0e9,skipped,missing_colmap_scene_256,,,,,,,,
010ec37574344060aceaf6d8efbd2a63,skipped,missing_colmap_scene_256,,,,,,,,
011dff40aa2543e5b706da971d0781ed,skipped,missing_colmap_scene_256,,,,,,,,
012623df191440e98c776b53eb113e4c,skipped,missing_colmap_scene_256,,,,,,,,
012d757c486a4dd2a2c94024aad11fb4,skipped,missing_colmap_scene_256,,,,,,,,
012d9c6acb8d4b538e541fcd7924ee69,skipped,missing_colmap_scene_256,,,,,,,,
013176cfbc8145a0b10c3191ac265e8b,skipped,missing_colmap_scene_256,,,,,,,,
01322d56a4b24f98b08f2164ba6ecc74,skipped,missing_colmap_scene_256,,,,,,,,
013a951654ee4a159195fcbea8a0e148,skipped,missing_colmap_scene_256,,,,,,,,
014260d253a647b0956cab1167050753,skipped,missing_colmap_scene_256,,,,,,,,
01429ffc44e64fb5977e7555a92797e8,skipped,missing_colmap_scene_256,,,,,,,,
014376bcbe42465b8d39910cfddb49cc,skipped,missing_colmap_scene_256,,,,,,,,
014935f76ed940909cbb0bf8df541865,skipped,missing_colmap_scene_256,,,,,,,,
015357a41fee4782bf00afba9d669b71,skipped,missing_colmap_scene_256,,,,,,,,
0153dadf5b844addb43444e80e943d7e,skipped,missing_colmap_scene_256,,,,,,,,
015961ef91884fd48147360e07e3874b,skipped,missing_colmap_scene_256,,,,,,,,
015f77da897349ccafc25a115c6418fe,skipped,missing_colmap_scene_256,,,,,,,,
0162feab035c4cd9834311137795e248,skipped,missing_colmap_scene_256,,,,,,,,
0171b1fafb444f43a60698f943b1e53e,skipped,missing_colmap_scene_256,,,,,,,,
017219de07a14b5ca612189fcde1f163,skipped,missing_colmap_scene_256,,,,,,,,
01729982964b47ffb98a995cc73bf0fe,skipped,missing_colmap_scene_256,,,,,,,,
01773b6dbc3c45f5b7d047f27f43c7c6,skipped,missing_colmap_scene_256,,,,,,,,
01789d2a6d26445592081496a9527138,skipped,missing_colmap_scene_256,,,,,,,,
017b8c06f99649ff919e31c475337622,skipped,missing_colmap_scene_256,,,,,,,,
017f7c011bc145bc91645dc1a9fdfdf7,skipped,missing_colmap_scene_256,,,,,,,,
018848ca121b4abfbffee335ec7f5a2c,skipped,missing_colmap_scene_256,,,,,,,,
018b9889fdba401794d70962d0dc941c,skipped,missing_colmap_scene_256,,,,,,,,
018cff2beb324e609446af6f64d059e2,skipped,missing_colmap_scene_256,,,,,,,,
01916fdbbd8d4123b2dbbfd293239032,skipped,missing_colmap_scene_256,,,,,,,,
019368867a5540db953144c1481ba057,skipped,missing_colmap_scene_256,,,,,,,,
019fc85fd9174471ae093d5a51580b76,skipped,missing_colmap_scene_256,,,,,,,,
01a0a08fba3e45149946aa52b70a6eda,skipped,missing_colmap_scene_256,,,,,,,,
01a44c8b9acd4405bd8873249452fda3,skipped,missing_colmap_scene_256,,,,,,,,
01a8ecc3d39d47329990a6b785a54d13,skipped,missing_colmap_scene_256,,,,,,,,
01aab606e27f45f4822b5f6647fd3176,skipped,missing_colmap_scene_256,,,,,,,,
01ab7567885e429db6839155618a4b0c,skipped,missing_colmap_scene_256,,,,,,,,
01ad4d67d52546c484b4164b9882e5ec,skipped,missing_colmap_scene_256,,,,,,,,
01b2236e8e674c268879961f044d2692,skipped,missing_colmap_scene_256,,,,,,,,
01b2e0fe28424eaaa93a53b80fd7bd86,skipped,missing_colmap_scene_256,,,,,,,,
01bac39c48e0491493333ce522c911ff,skipped,missing_colmap_scene_256,,,,,,,,
01bbc65a5e7c4c5985979437bca37e49,skipped,missing_colmap_scene_256,,,,,,,,
01bfc56bb52845c6b4ac144cd5773117,skipped,missing_colmap_scene_256,,,,,,,,
01c929173d6f4002beeef105e58d52cb,skipped,missing_colmap_scene_256,,,,,,,,
01c9cb3c20c44191a0b0a1014919672b,skipped,missing_colmap_scene_256,,,,,,,,
01cd2bd3801a4cdaaea35994cafe68d2,skipped,missing_colmap_scene_256,,,,,,,,
01d44e1d54174f9bb7cf28829318804e,skipped,missing_colmap_scene_256,,,,,,,,
01dcffbc03554d6b9de9ca51952f81fe,skipped,missing_colmap_scene_256,,,,,,,,
01e17979e2b64a39952b7932f1633454,skipped,missing_colmap_scene_256,,,,,,,,
01e184e5a71c40039fd7af49e3e94a65,skipped,missing_colmap_scene_256,,,,,,,,
01e5b5acad9843818529d15663df5b9e,skipped,missing_colmap_scene_256,,,,,,,,
01eacef475874c0cbda0aa8f2e7db785,skipped,missing_colmap_scene_256,,,,,,,,
01eeb765a4fd4f2584fdaa5c184656c7,skipped,missing_colmap_scene_256,,,,,,,,
01efaea4773248568a1ed18ea38edeff,skipped,missing_colmap_scene_256,,,,,,,,
02014c21e1d84e98b2f7e4e560a8f7cd,skipped,missing_colmap_scene_256,,,,,,,,
02030339c8f6454bbf143a3cdf694b0e,skipped,missing_colmap_scene_256,,,,,,,,
0207d88de23241b5b12ceeca91206fea,skipped,missing_colmap_scene_256,,,,,,,,
021ae430f81d4cb9833ee3be67c1aa1a,skipped,missing_colmap_scene_256,,,,,,,,
02206da59d24400db8078cf47461e022,skipped,missing_colmap_scene_256,,,,,,,,
0221998e66a742ca81af791457eef8ca,skipped,missing_colmap_scene_256,,,,,,,,
0227c9f08c324416b665a9dd39e81579,skipped,missing_colmap_scene_256,,,,,,,,
022b8c5b52a84c91a3670a00fb111dc7,skipped,missing_colmap_scene_256,,,,,,,,
022f27872f0e4536899742b808ce2243,skipped,missing_colmap_scene_256,,,,,,,,
0232792286ac40ef80f59850ac0dc077,skipped,missing_colmap_scene_256,,,,,,,,
023e32dc203948dc954408c398375b41,skipped,missing_colmap_scene_256,,,,,,,,
02448ce328b3419f81ca20fff59a1f8a,skipped,missing_colmap_scene_256,,,,,,,,
0247472b197c44bebcade0de75604060,skipped,missing_colmap_scene_256,,,,,,,,
024a9ecad77f4ed1b9583625bd3e6752,skipped,missing_colmap_scene_256,,,,,,,,
024d3dfd12704df1bac4894a3301384a,skipped,missing_colmap_scene_256,,,,,,,,
024fecceac1c454da49296ee46a884dd,skipped,missing_colmap_scene_256,,,,,,,,
0255fdfaaf8e44b7a0a14f0a03f427ab,skipped,missing_colmap_scene_256,,,,,,,,
0257550bda694a1faa5d790a870fe59e,skipped,missing_colmap_scene_256,,,,,,,,
025a9f170f8b42e58426923b81d71d3e,skipped,missing_colmap_scene_256,,,,,,,,
0267254d642448f4bbcf4c45f52e0576,skipped,missing_colmap_scene_256,,,,,,,,
026b237479624607a321775c2b0b0c6b,skipped,missing_colmap_scene_256,,,,,,,,
02760216931340f88e59b5fee4a0a696,skipped,missing_colmap_scene_256,,,,,,,,
027f17fea0474de0a603547d024b9591,skipped,missing_colmap_scene_256,,,,,,,,
028618e5ab11403a96d1e9306823a08d,skipped,missing_colmap_scene_256,,,,,,,,
0286bdbab55e4539b390907adcd90c66,skipped,missing_colmap_scene_256,,,,,,,,
028d23dc86cf4d5e92155fc0378d493d,skipped,missing_colmap_scene_256,,,,,,,,
028da1929af74bc28da59def4077e8ac,skipped,missing_colmap_scene_256,,,,,,,,
0291d6336001499aa7d61aec0603a647,skipped,missing_colmap_scene_256,,,,,,,,
0295d8d644e54ede95de495093883afa,skipped,missing_colmap_scene_256,,,,,,,,
0298f0cbe0444b8da54a91ad77c37986,skipped,missing_colmap_scene_256,,,,,,,,
02a31f37dd6047aeba91e575e6703e37,skipped,missing_colmap_scene_256,,,,,,,,
02a7d953332c47cc9132a7d2c104fe0c,skipped,missing_colmap_scene_256,,,,,,,,
02a8f577634a42f5afc5447e56a8dd9c,skipped,missing_colmap_scene_256,,,,,,,,
02aa94c8c30242aaba224fcfa7362f02,skipped,missing_colmap_scene_256,,,,,,,,
02af566217c243f0bbed63a4e47cf7ce,skipped,missing_colmap_scene_256,,,,,,,,
02b11f5b541f47ea8748863a5f15abf8,skipped,missing_colmap_scene_256,,,,,,,,
02b5871c97454686862b0cdf97d137ae,skipped,missing_colmap_scene_256,,,,,,,,
02b5c8b82bb14a8d9cabc89131c62527,skipped,missing_colmap_scene_256,,,,,,,,
02bbb1467c774c12b6388301ebed092a,skipped,missing_colmap_scene_256,,,,,,,,
02c024e93ab5407d85e38014dda26cb7,skipped,missing_colmap_scene_256,,,,,,,,
02c7ae4ed78942a1ba9d36597914912b,skipped,missing_colmap_scene_256,,,,,,,,
02d3a027f55e4dcf9f5444a04ec26160,skipped,missing_colmap_scene_256,,,,,,,,
02d726ee91c44297b9987c49ab08b499,skipped,missing_colmap_scene_256,,,,,,,,
02d9c39fd65142d58df7625b6d0e40f1,skipped,missing_colmap_scene_256,,,,,,,,
02e21ad692854ce89cee4fd7a989eab0,skipped,missing_colmap_scene_256,,,,,,,,
02e8f6e4e127489ea707639701e240ed,skipped,missing_colmap_scene_256,,,,,,,,
02e98b23b460483a95df1bd49bcf908c,skipped,missing_colmap_scene_256,,,,,,,,
02f2ce084e7548feac7069e835e8fc65,skipped,missing_colmap_scene_256,,,,,,,,
02f808ab848841e8b590d637ecb91e54,skipped,missing_colmap_scene_256,,,,,,,,
02fe93ba44df43d2b0fc7140a78cd9d8,skipped,missing_colmap_scene_256,,,,,,,,
030461a209114c5683da9fd207d11da1,skipped,missing_colmap_scene_256,,,,,,,,
0309f2d308df42b493f9f1bc01bc4b22,skipped,missing_colmap_scene_256,,,,,,,,
031308c59ebb4588b95d1f9f8e706c06,skipped,missing_colmap_scene_256,,,,,,,,
03165d27979f45f694b226dff9cd57e9,skipped,missing_colmap_scene_256,,,,,,,,
03166e7f39484df6b60974792ad3da8d,skipped,missing_colmap_scene_256,,,,,,,,
031da0cc1c2f46e6be04facf2350ad6c,skipped,missing_colmap_scene_256,,,,,,,,
031daaf8a2d74fc695bbcbb1cbcdc7c0,skipped,missing_colmap_scene_256,,,,,,,,
031fc51e43854d1794022bb533e06f37,skipped,missing_colmap_scene_256,,,,,,,,
031fd1d6fb8c4bd7a02a923e79537e14,skipped,missing_colmap_scene_256,,,,,,,,
0326d930d18045b7a4ec7219d62779ee,skipped,missing_colmap_scene_256,,,,,,,,
03501ff5156d44e8aa57b4684eda6400,skipped,missing_colmap_scene_256,,,,,,,,
03540c9fdc1c47edbe4d254fb5779e5d,skipped,missing_colmap_scene_256,,,,,,,,
03550a3529c24611a12aa158747374e0,skipped,missing_colmap_scene_256,,,,,,,,
03554d2ffc584dea9933eb706e919f66,skipped,missing_colmap_scene_256,,,,,,,,
035c0074e13f4e69a2abe1dd51ed820a,skipped,missing_colmap_scene_256,,,,,,,,
035d14abda6c4b6d894c6f09c9c04ecf,skipped,missing_colmap_scene_256,,,,,,,,
036c12aa529245c9b97df1783db7e7a0,skipped,missing_colmap_scene_256,,,,,,,,
037285b2ed5244f1a52ba678e5112cec,skipped,missing_colmap_scene_256,,,,,,,,
03757c950b14425ba5480a3850d01394,skipped,missing_colmap_scene_256,,,,,,,,
0376792c26364899b76a523fe481b354,skipped,missing_colmap_scene_256,,,,,,,,
0377bd8564c0491b839a51d9610fa0f1,skipped,missing_colmap_scene_256,,,,,,,,
037d3c7abe9349b486e25106d9759e64,skipped,missing_colmap_scene_256,,,,,,,,
037dceb2106240abb9f340c4144c0ac1,skipped,missing_colmap_scene_256,,,,,,,,
03804a8cb6e54e85869f805622078295,skipped,missing_colmap_scene_256,,,,,,,,
038416d7fb2649e2833d5989b47885db,skipped,missing_colmap_scene_256,,,,,,,,
03848cfcf5b446118a5fae1630cb8f0a,skipped,missing_colmap_scene_256,,,,,,,,
03887d9454274c468ecf89910869a946,skipped,missing_colmap_scene_256,,,,,,,,
038c4244e47c457fb8994a3445cae7b5,skipped,missing_colmap_scene_256,,,,,,,,
038da5c378f143d4ab3a516f47526a0e,skipped,missing_colmap_scene_256,,,,,,,,
039783a7cc584dda8d1fe01228a8ec26,skipped,missing_colmap_scene_256,,,,,,,,
039bed00b3204822bbeacf24c90b07ca,skipped,missing_colmap_scene_256,,,,,,,,
03a1ad19dd594544b1d89409395dbb2d,skipped,missing_colmap_scene_256,,,,,,,,
03a1bfe848dd4bbd89cc948e1869b549,skipped,missing_colmap_scene_256,,,,,,,,
03aab69dcb314c31b6a0be42d5d87b7d,skipped,missing_colmap_scene_256,,,,,,,,
03aadbab477747728acbce807ba467fb,skipped,missing_colmap_scene_256,,,,,,,,
03ab8a8ea1404b62be6f903b780d12ea,skipped,missing_colmap_scene_256,,,,,,,,
03ae07bb9e0946faa8893a85e9ad9465,skipped,missing_colmap_scene_256,,,,,,,,
03b10165e8eb42bda874569c49b440da,skipped,missing_colmap_scene_256,,,,,,,,
03b8b79c3f9741d396cc378bbe600060,skipped,missing_colmap_scene_256,,,,,,,,
03b9c4597447411cad7066ce261acbf0,skipped,missing_colmap_scene_256,,,,,,,,
03bd50cd3998407aa8097bccb6f5c921,skipped,missing_colmap_scene_256,,,,,,,,
03bdf3bdf7db4c07af906828cdeb3c55,skipped,missing_colmap_scene_256,,,,,,,,
03c5defd07be4da481637cfc4a8f5c58,skipped,missing_colmap_scene_256,,,,,,,,
03c666ce6f7a476088d8bd24402198c0,skipped,missing_colmap_scene_256,,,,,,,,
03cbb3300d314a56b225681e93fb8db4,skipped,missing_colmap_scene_256,,,,,,,,
03cf62990a0e4550b1f3062ec3928137,skipped,missing_colmap_scene_256,,,,,,,,
03cfb7cd0b4f4798ba10ddd70f4f48cc,skipped,missing_colmap_scene_256,,,,,,,,
03d271c4958e4335bb00495213e395da,skipped,missing_colmap_scene_256,,,,,,,,
03d2bee0656647b591809f0f73cbdc3b,skipped,missing_colmap_scene_256,,,,,,,,
03d3c8c8fe0c412bb2a466e464452392,skipped,missing_colmap_scene_256,,,,,,,,
03d4ef0017be42a980ade21614317c04,skipped,missing_colmap_scene_256,,,,,,,,
03d7639ecbe943bba20b22ba1f9746d3,skipped,missing_colmap_scene_256,,,,,,,,
03da32a875da428781c62860c0c21f46,skipped,missing_colmap_scene_256,,,,,,,,
03dcf530026741e19eb363c703d4af43,skipped,missing_colmap_scene_256,,,,,,,,
03dfde1388c24eb8a9ebcca6e40ecdfc,skipped,missing_colmap_scene_256,,,,,,,,
03e8889a66134d358b915a816c91d3e3,skipped,missing_colmap_scene_256,,,,,,,,
03ea425642394bdd9f5e7fe8af0b8963,skipped,missing_colmap_scene_256,,,,,,,,
03eea1bcaf3745f5bc11ccfb3533a1ea,skipped,missing_colmap_scene_256,,,,,,,,
03f12910a0e04748aefafb39a4059030,skipped,missing_colmap_scene_256,,,,,,,,
03f3a02c255b49ec930ef7cbf0ac7d47,skipped,missing_colmap_scene_256,,,,,,,,
03f5760d674c43bfbfc6be9a0a82f7ce,skipped,missing_colmap_scene_256,,,,,,,,
03f6929a4f5244378698168edef19fb1,skipped,missing_colmap_scene_256,,,,,,,,
03fb98663ffb446a9bcd381041332cb4,skipped,missing_colmap_scene_256,,,,,,,,
03fec2495645443286fbba299a5943e7,skipped,missing_colmap_scene_256,,,,,,,,
04002b70c859403190aab57442fee5dc,skipped,missing_colmap_scene_256,,,,,,,,
040a9830ada7417a833176293bd145cc,skipped,missing_colmap_scene_256,,,,,,,,
0419cf6ffd2448b684d487807f70612f,skipped,missing_colmap_scene_256,,,,,,,,
041ca9b9db8242e29ffe8246d9c6e35f,skipped,missing_colmap_scene_256,,,,,,,,
041f25658f2843e2b499892d8f3f2819,skipped,missing_colmap_scene_256,,,,,,,,
0422bde7980a44588ae070ea24ec0cf1,skipped,missing_colmap_scene_256,,,,,,,,
042b7c37263f4309bc8b4e18dc989102,skipped,missing_colmap_scene_256,,,,,,,,
042d38e24c364c1796fcab2442e89164,skipped,missing_colmap_scene_256,,,,,,,,
043c0026959348aa9fbc1205e93d478c,skipped,missing_colmap_scene_256,,,,,,,,
043dbb2edf2d43e8879298a4e8f98ceb,skipped,missing_colmap_scene_256,,,,,,,,
044dc65304254da6a8dfaee8a7cec640,skipped,missing_colmap_scene_256,,,,,,,,
044eb34a923c4ce59ce50e118d5e1baf,skipped,missing_colmap_scene_256,,,,,,,,
0453f7dac39d488a9b0acd667914b68f,skipped,missing_colmap_scene_256,,,,,,,,
0457fac1952c4443814df23b77381cd7,skipped,missing_colmap_scene_256,,,,,,,,
04590c8664c44cf7b40c9f1cc63a0c60,skipped,missing_colmap_scene_256,,,,,,,,
045e360878cf435fa157be228245a177,skipped,missing_colmap_scene_256,,,,,,,,
0460073faa63448eaed4b70973fe4989,skipped,missing_colmap_scene_256,,,,,,,,
04605c481d5d4fdcb23236ef3d9de845,skipped,missing_colmap_scene_256,,,,,,,,
0466ca0763f7423587cc72b7f072da18,skipped,missing_colmap_scene_256,,,,,,,,
046e4f67cbf64ffb92765286c94c4a75,skipped,missing_colmap_scene_256,,,,,,,,
047bb67b4d3c49c5bb203b3e9215bc33,skipped,missing_colmap_scene_256,,,,,,,,
04819557781441b6aeeefbf04268157f,skipped,missing_colmap_scene_256,,,,,,,,
0484c3cdef5d4c05a9bf78a6a938715d,skipped,missing_colmap_scene_256,,,,,,,,
0485bcc1c5ac4599b8f7918e1dd10399,skipped,missing_colmap_scene_256,,,,,,,,
048ac8bf5b334465972ae1da74f68967,skipped,missing_colmap_scene_256,,,,,,,,
0492b604adf0402ea375fced9e658f91,skipped,missing_colmap_scene_256,,,,,,,,
049a9acf1d6448e1aabad0a368d9cdc2,skipped,missing_colmap_scene_256,,,,,,,,
049e3a83b8274225b06b0d5b054c0101,skipped,missing_colmap_scene_256,,,,,,,,
04a0003c245a4dab9ff7afc7fbe10892,skipped,missing_colmap_scene_256,,,,,,,,
04a4ac3d2bcb41e98d947ec2c72d54c3,skipped,missing_colmap_scene_256,,,,,,,,
04b2620da5b341f88b332a49a89f5ad3,skipped,missing_colmap_scene_256,,,,,,,,
04b574121c074923bdf4b4ecd9dc72fd,skipped,missing_colmap_scene_256,,,,,,,,
04c1cd8da22c49499c9dd54360512d1a,skipped,missing_colmap_scene_256,,,,,,,,
04c6573e611e49e992d42aba1cdaee70,skipped,missing_colmap_scene_256,,,,,,,,
04d33bea4758496da40d9c601bae1ac2,skipped,missing_colmap_scene_256,,,,,,,,
04d6b51a2f79448397f495b3cded36a2,skipped,missing_colmap_scene_256,,,,,,,,
04d7bba2c0084716b74f3767218a0d06,skipped,missing_colmap_scene_256,,,,,,,,
04ff402f922f4e80b8d855c9374035d4,skipped,missing_colmap_scene_256,,,,,,,,
050644bb96b14cfd9bb9da52469dd96d,skipped,missing_colmap_scene_256,,,,,,,,
050e16e18feb4ac4b2ce5235141c97e6,skipped,missing_colmap_scene_256,,,,,,,,
051349ae774f471386fdff20593adb06,skipped,missing_colmap_scene_256,,,,,,,,
0514980cf7c542f9bf259f21e6944bfb,skipped,missing_colmap_scene_256,,,,,,,,
052e743f165d49a2baaaaed601fa9db6,skipped,missing_colmap_scene_256,,,,,,,,
05397dc7b6db4f84ab3a4ce6e63b6c0c,skipped,missing_colmap_scene_256,,,,,,,,
05468c9432e743b7b7c22cd376af0dcd,skipped,missing_colmap_scene_256,,,,,,,,
05551b6d17fc47ffba11c771ee286030,skipped,missing_colmap_scene_256,,,,,,,,
